tmdbId,Title,Release_Date,TMDb_Rating,Genres,Cast,Director,Overview,Original_Title,movieId,User_Avg_Rating,Rating_Norm
19901,Daybreakers,2010-01-06,6.277,"Action, Fantasy, Science Fiction","Ethan Hawke, Sam Neill, Willem Dafoe, Claudia Karvan, Isabel Lucas","Michael Spierig, Peter Spierig","In the year 2019, a plague has transformed almost every human into a vampire. Faced with a dwindling blood supply, the fractured dominant race plots their survival; meanwhile, a researcher works with a covert band of vampires on a way to save humankind.",Daybreakers (2010),73268,3.2242063492063493,0.6448412698412699
25195,Leap Year,2010-01-08,6.897,"Romance, Comedy","Amy Adams, Matthew Goode, Adam Scott, John Lithgow, Noel O'Donovan",Anand Tucker,"When yet another anniversary passes without a marriage proposal from her boyfriend, Anna decides to take action. Aware of a Celtic tradition that allows women to pop the question on Feb. 29, she plans to follow her lover to Dublin and ask him to marry her. Fate has other plans, however, and Anna winds up on the other side of the Emerald Isle with handsome, but surly, Declan -- an Irishman who may just lead Anna down the road to true love.",Leap Year (2010),73319,3.312957157784744,0.6625914315569488
20504,The Book of Eli,2010-01-14,6.795,"Action, Thriller, Science Fiction","Denzel Washington, Gary Oldman, Mila Kunis, Ray Stevenson, Jennifer Beals","Allen Hughes, Albert Hughes","A post-apocalyptic tale, in which a lone man fights his way across America in order to protect a sacred book that holds the secrets to saving humankind.","Book of Eli, The (2010)",73321,3.459850772783798,0.6919701545567596
40660,If You Love,2010-01-06,5.9,"Drama, Romance","Elli Vallinoja, Chike Ohanwe, Jessica Penttilä, Jenni Kokander, Taneli Mäkelä",Neil Hardwick,"Ada, the pampered daughter of the Minister, crashes drunk with an immigrant and loses her memory. Ada starts dating the victim’s son, Toni, but the relationship is put to the test when the secret is revealed.",If You Love (Jos rakastat) (2010),73744,2.6666666666666665,0.5333333333333333
22894,Legion,2010-01-21,5.897,"Horror, Action, Fantasy","Paul Bettany, Dennis Quaid, Lucas Black, Kate Walsh, Tyrese Gibson",Scott Stewart,"When God loses faith in humankind, he sends his legion of angels to bring on the Apocalypse. Humanity's only hope for survival lies in a group of strangers trapped in an out-of-the-way, desert diner with the Archangel Michael.",Legion (2010),73929,2.6238425925925926,0.5247685185185185
31156,Dante's Hell Animated,2013-11-25,5.4,Animation,"Jeff Conaway, Eric Roberts, Vincent Spano, Hélène Cardona, Nia Peeples",Boris Acosta,"Dante's Hell Animated is a real and truthful epic animation film that embarks Dante Alighieri's journey through the first part of the afterlife, Hell. It is a compelling four-quadrant film presented circle by circle in a chronological descent to the center of Hell, and to the exit into Purgatory. Dante's Hell Animated comes in two versions, one recited in primitive Italian in Dante's own words, and another narrated in English better understanding in this non-original language. Dante is guided by his hero Virgil through each circle of Hell and their subdivisions until they reach the center of the Earth and escaped to the other hemisphere into Purgatory. It features over 50 original color illustrations from the upcoming Dante's Hell comic book and magazine series, put together in a series of animation clips that will delight young and mature audiences.",Dante's Inferno Animated (2010),74115,2.736111111111111,0.5472222222222223
27569,Extraordinary Measures,2010-01-21,6.281,Drama,"Brendan Fraser, Harrison Ford, Keri Russell, Courtney B. Vance, Meredith Droeger",Tom Vaughan,"Working-class father John Crowley is finally on the fast track to corporate success when his two young children are diagnosed with Pompe disease—a condition that prevents the body from breaking down sugar. With the support of his wife, John ditches his career and teams with unconventional specialist, Dr. Robert Stonehill to found a bio-tech company and develop a cure in time to save the lives of his children. As Dr. Stonehill works tirelessly to prove the theories that made him the black sheep of the medical community, a powerful bond is forged between the two unlikely allies.",Extraordinary Measures (2010),74131,3.0968992248062017,0.6193798449612403
13477,When in Rome,2010-01-29,5.943,"Comedy, Fantasy, Romance","Kristen Bell, Josh Duhamel, Anjelica Huston, Danny DeVito, Will Arnett",Mark Steven Johnson,"Disillusioned with romance, Beth, an ambitious New Yorker, travels to Rome for her sister's wedding, where she plucks magic coins from a special fountain of love. The coins attract unwanted attention from an assortment of odd yet ardent suitors:  a sausage merchant, a street magician, an artist, and a male model. But when the best man from the wedding, persistent reporter Nick, throws his hat in the ring, Beth wonders if his love is the real thing.",When in Rome (2010),74154,3.0176211453744495,0.6035242290748899
12201,Edge of Darkness,2010-01-28,6.368,"Crime, Drama, Mystery, Thriller","Mel Gibson, Ray Winstone, Danny Huston, Bojana Novaković, Shawn Roberts",Martin Campbell,"As a seasoned homicide detective, Thomas Craven has seen the bleakest side of humanity. But nothing prepares him for the toughest investigation of his life: the search for his only daughter Emma's killer. Now, he is on a personal mission to uncover the disturbing secrets surrounding her murder, including corporate corruption, government collusion and Emma's own mysterious life.",Edge of Darkness (2010),74156,3.178729689807976,0.6357459379615953
32856,Valentine's Day,2010-02-10,5.923,"Comedy, Romance","Bradley Cooper, Jessica Alba, Kathy Bates, Jessica Biel, Eric Dane",Garry Marshall,Intertwining couples and singles in Los Angeles break-up and make-up based on the pressures and expectations of Valentine's Day.,Valentine's Day (2010),74450,2.9217032967032965,0.5843406593406593
7978,The Wolfman,2010-02-10,5.874,Horror,"Benicio del Toro, Anthony Hopkins, Emily Blunt, Hugo Weaving, Geraldine Chaplin",Joe Johnston,"Lawrence Talbot, an American man on a visit to Victorian London to make amends with his estranged father, gets bitten by a werewolf and, after a moonlight transformation, leaves him with a savage hunger for flesh.","Wolfman, The (2010)",74452,2.6473851030110933,0.5294770206022187
11324,Shutter Island,2010-02-14,8.201,"Drama, Thriller, Mystery","Leonardo DiCaprio, Mark Ruffalo, Ben Kingsley, Max von Sydow, Michelle Williams",Martin Scorsese,"World War II soldier-turned-U.S. Marshal Teddy Daniels investigates the disappearance of a patient from a hospital for the criminally insane, but his efforts are compromised by troubling visions and a mysterious doctor.",Shutter Island (2010),74458,3.964762257757069,0.7929524515514138
32657,Percy Jackson & the Olympians: The Lightning Thief,2010-02-01,6.208,"Adventure, Fantasy, Family","Logan Lerman, Brandon T. Jackson, Alexandra Daddario, Jake Abel, Pierce Brosnan",Chris Columbus,"Accident prone teenager, Percy discovers he's actually a demi-God, the son of Poseidon, and he is needed when Zeus' lightning is stolen. Percy must master his new found skills in order to prevent a war between the Gods that could devastate the entire world.",Percy Jackson & the Olympians: The Lightning Thief (2010),74530,2.927309439676931,0.5854618879353862
23742,Cop Out,2010-02-26,5.554,"Action, Comedy, Crime","Bruce Willis, Tracy Morgan, Adam Brody, Kevin Pollak, Ana de la Reguera",Kevin Smith,"Detectives Jimmy and Paul, despite nine years as partners, can still sometimes seem like polar opposites—especially when Paul's unpredictable antics get them suspended without pay. Already strapped for cash and trying to pay for his daughter's wedding, Jimmy decides to sell a rare baseball card that's worth tens of thousands. Unfortunately, when the collector's shop is robbed and the card vanishes with the crook, Paul and Jimmy end up going rogue, tracking down the card and the drug ring behind its theft, all on their own time and without any backup—except for each other.",Cop Out (2010),74532,2.6608557844690965,0.5321711568938193
11439,The Ghost Writer,2010-02-12,6.819,"Thriller, Mystery","Ewan McGregor, Pierce Brosnan, Kim Cattrall, Olivia Williams, Tom Wilkinson",Roman Polanski,A writer stumbles upon a long-hidden secret when he agrees to help former British Prime Minister Adam Lang complete his memoirs on a remote island after the politician's assistant drowns in a mysterious accident.,"Ghost Writer, The (2010)",74545,3.591044037605146,0.7182088075210291
23172,The Spy Next Door,2010-01-15,5.873,"Action, Comedy, Family","Jackie Chan, Amber Valletta, Madeline Carroll, Will Shadley, Alina Foley",Brian Levant,"Former CIA spy Bob Ho takes on his toughest assignment to date: looking after his girlfriend's three kids, who haven't exactly warmed to their mom's beau. And when one of the youngsters accidentally downloads a top-secret formula, Bob's longtime nemesis, a Russian terrorist, pays a visit to the family.","Spy Next Door, The (2010)",74580,2.747340425531915,0.549468085106383
41894,Blood Done Sign My Name,2010-02-01,5.6,"Drama, Crime","Natalie Alyn Lind, Michael Rooker, Emily Alyn Lind, Omar Benson Miller, Lee Norris",Jeb Stuart,A drama based on the true story in which a black Vietnam-era veteran is allegedly murdered by a local white businessman who is later exonerated. The plot focuses on the role of a local high school teacher and the civil unrest that followed the acquittal.,Blood Done Sign My Name (2010),74595,2.9166666666666665,0.5833333333333333
408956,Pudana: Last of the Line,2010-02-26,6.0,Drama,,"Markku Lehmuskallio, Anastasia Lapsui","A little Nenets girl Neko is taken against her will from her home to a boarding school in a remote Russian village. Forced to adapt to a foreign culture and new customs, Neko rebels and decides to flee, hoping to get back to her family and old habits.",Pudana Last of the Line (Sukunsa viimeinen) (2010),74675,3.1666666666666665,0.6333333333333333
29427,The Crazies,2010-02-26,6.294,"Mystery, Horror, Action","Timothy Olyphant, Radha Mitchell, Joe Anderson, Danielle Panabaker, Joe Reegan",Breck Eisner,Four friends find themselves trapped in their small hometown after they discover their friends and neighbors going quickly and horrifically insane.,"Crazies, The (2010)",74685,3.2405618964003513,0.6481123792800703
22971,Dear John,2010-02-04,6.847,"Drama, Romance, War","Amanda Seyfried, Channing Tatum, Richard Jenkins, Henry Thomas, D.J. Cotrona",Lasse Hallström,"While Sergeant John Tyree is home on two weeks leave from Germany, he meets Savannah after he dives into the ocean to retrieve Savannah's purse that had fallen off a pier. John eventually falls in love with Savannah, who promises to write to him until he returns from overseas.",Dear John (2010),74688,3.1766917293233083,0.6353383458646616
23023,Tooth Fairy,2010-01-14,5.48,"Comedy, Family, Fantasy","Dwayne Johnson, Stephen Merchant, Ashley Judd, Julie Andrews, Ryan Sheckler",Michael Lembeck,"When minor-league hockey player Derek Thompson -- who has a penchant for knocking out his opponents' teeth every time he plays -- disillusions a fan, he is sentenced to a stint for one week as a bona fide, tutu-clad, real-life tooth fairy. Soon, Derek is inspired to rekindle his youthful dreams.",Tooth Fairy (2010),74698,2.4171779141104293,0.4834355828220859
26022,My Name Is Khan,2010-02-10,8.034,"Drama, Romance","Shah Rukh Khan, Kajol, Arjan Aujla, Jimmy Shergill, Sonya Jehan",Karan Johar,"Rizwan Khan, a Muslim from the Borivali section of Mumbai, has Asperger's syndrome. He marries a Hindu single mother, Mandira, in San Francisco. After 9/11, Rizwan is detained by authorities at LAX who treat him as a terrorist because of his condition and his race.",My Name is Khan (2010),74787,3.597682119205298,0.7195364238410595
12155,Alice in Wonderland,2010-03-03,6.636,"Family, Fantasy, Adventure","Mia Wasikowska, Johnny Depp, Anne Hathaway, Helena Bonham Carter, Crispin Glover",Tim Burton,"Alice, now 19 years old, returns to the whimsical world she first entered as a child and embarks on a journey to discover her true destiny.",Alice in Wonderland (2010),74789,3.0910222612770943,0.6182044522554189
22972,Green Zone,2010-03-11,6.488,"War, Action, Adventure, Drama, Thriller","Matt Damon, Greg Kinnear, Brendan Gleeson, Amy Ryan, Khalid Abdalla",Paul Greengrass,"During the U.S.-led occupation of Baghdad in 2003, Chief Warrant Officer Roy Miller and his team of Army inspectors are dispatched to find weapons of mass destruction believed to be stockpiled in the Iraqi desert. Rocketing from one booby-trapped and treacherous site to the next, the men search for deadly chemical agents but stumble instead upon an elaborate cover-up that threatens to invert the purpose of their mission.",Green Zone (2010),74795,3.3687002652519893,0.6737400530503979
26389,From Paris with Love,2010-02-04,6.349,"Action, Crime, Thriller","John Travolta, Jonathan Rhys Meyers, Kasia Smutniak, Richard Durden, Bing Yin",Pierre Morel,"James Reese has a good job as an ambassador's aid in France, but his real passion is a side gig—working in a minor role in the CIA. He would love to be a full-fledged agent and can't believe his luck when he lands an assignment with Charlie Wax. Trigger-happy Charlie soon has James crying for his desk job, but when he learns that the same guys they're trying to catch are after him, James realises that Charlie may be his only hope of survival.",From Paris with Love (2010),74851,3.1486359360301033,0.6297271872060206
27583,Greenberg,2010-03-26,5.869,"Comedy, Drama, Romance","Ben Stiller, Greta Gerwig, Rhys Ifans, Jennifer Jason Leigh, Mark Duplass",Noah Baumbach,"Roger Greenberg, a failed musician now making a living as a carpenter in New York, returns to Los Angeles to house-sit for his brother. He's stranded there—since he doesn't drive—until his brother's assistant, Florence, comes to his rescue. She's as much a lost soul as he is, and the pair form a significant connection—giving Roger a much-needed reason to be happy.",Greenberg (2010),74916,3.203065134099617,0.6406130268199234
26390,Brooklyn's Finest,2010-03-04,6.3,"Crime, Drama, Thriller","Richard Gere, Don Cheadle, Ethan Hawke, Wesley Snipes, Vincent D'Onofrio",Antoine Fuqua,Enforcing the law within the notoriously rough Brownsville section of the city and especially within the Van Dyke housing projects is the NYPD's sixty-fifth precinct. Three police officers struggle with the sometimes fine line between right and wrong.,Brooklyn's Finest (2010),74944,3.0919354838709676,0.6183870967741936
34016,She's Out of My League,2010-03-11,6.479,"Romance, Comedy","Jay Baruchel, Alice Eve, T.J. Miller, Nate Torrence, Mike Vogel",Jim Field Smith,"When he starts dating drop-dead gorgeous Molly, insecure airport security agent Kirk can't believe it. As his friends and family share their doubts about the relationship lasting, Kirk does everything he can to avoid losing Molly forever.",She's Out of My League (2010),74946,3.252734375,0.6505468750000001
23169,Remember Me,2010-03-11,7.109,"Drama, Romance","Robert Pattinson, Emilie de Ravin, Pierce Brosnan, Lena Olin, Chris Cooper",Allen Coulter,"Still reeling from a heartbreaking family event and his parents' subsequent divorce, Tyler Hawkins discovers a fresh lease on life when he meets Ally Craig, a gregarious beauty who witnessed her mother's death. But as the couple draws closer, the fallout from their separate tragedies jeopardizes their love.",Remember Me (2010),75341,3.44529262086514,0.689058524173028
44363,Frozen,2010-02-05,5.992,Thriller,"Emma Bell, Shawn Ashmore, Kevin Zegers, Ed Ackerman, Rileah Vanderbilt",Adam Green,"When three skiers find themselves stranded on a chair lift at a New England ski resort that has closed for the next week, they are forced to make life or death choices that prove to be more perilous than staying put and freezing to death.",Frozen (2010),75395,3.0965346534653464,0.6193069306930693
34563,Our Family Wedding,2010-03-12,5.616,Comedy,"Forest Whitaker, America Ferrera, Carlos Mencia, Regina King, Lance Gross",Rick Famuyiwa,"The weeks leading up to a young couple's wedding is comic and stressful, especially as their respective fathers try to lay to rest their feud.",Our Family Wedding (2010),75803,2.6818181818181817,0.5363636363636364
27573,The Bounty Hunter,2010-03-16,5.851,"Action, Comedy, Romance","Gerard Butler, Jennifer Aniston, Peter Greene, Jeff Garlin, Jason Sudeikis",Andy Tennant,"Milo Boyd, a down-on-his-luck bounty hunter, thinks he's seeing an upswing in fortune when he gets a call to bring in his bail-jumping ex-wife, a reporter named Nicole. Milo considers the job an easy payday, but Nicole quickly escapes to chase a lead on a murder case. The former spouses play an escalating game of one-upmanship, until they suddenly find themselves on the run for their lives.","Bounty Hunter, The (2010)",75805,2.9040114613180514,0.5808022922636102
31867,Repo Men,2010-03-18,6.334,"Action, Science Fiction, Thriller, Crime","Jude Law, Forest Whitaker, Alice Braga, Liev Schreiber, Carice van Houten",Miguel Sapochnik,"In the future, medical technology has advanced to the point where people can buy artificial organs to extend their lives. But if they default on payments, an organization known as the Union sends agents to repossess the organs. Remy is one of the best agents in the business, but when he becomes the recipient of an artificial heart, he finds himself in the same dire straits as his many victims.",Repo Men (2010),75985,3.259198691741619,0.6518397383483239
23048,Hot Tub Time Machine,2010-03-26,6.041,"Science Fiction, Comedy, Adventure","John Cusack, Craig Robinson, Rob Corddry, Clark Duke, Sebastian Stan",Steve Pink,"Four pals are stuck in a rut in adulthood: Adam has just been dumped, Lou is a hopeless party animal, Nick is a henpecked husband, and Jacob does nothing but play video games in his basement. But they get a chance to brighten their future by changing their past after a night of heavy drinking in a ski-resort hot tub results in their waking up in 1986.",Hot Tub Time Machine (2010),76077,3.105145797598628,0.6210291595197256
10191,How to Train Your Dragon,2010-03-18,7.852,"Fantasy, Adventure, Animation, Family","Jay Baruchel, Gerard Butler, Craig Ferguson, America Ferrera, Jonah Hill","Chris Sanders, Dean DeBlois","As the son of a Viking leader on the cusp of manhood, shy Hiccup Horrendous Haddock III faces a rite of passage: he must kill a dragon to prove his warrior mettle. But after downing a feared dragon, he realizes that he no longer wants to destroy it, and instead befriends the beast – which he names Toothless – much to the chagrin of his warrior father.",How to Train Your Dragon (2010),76093,3.9112629219981203,0.7822525843996241
18823,Clash of the Titans,2010-03-26,5.917,"Adventure, Fantasy, Action","Sam Worthington, Gemma Arterton, Mads Mikkelsen, Alexa Davalos, Jason Flemyng",Louis Leterrier,"Born of a god but raised as a man, Perseus is helpless to save his family from Hades, vengeful god of the underworld. With nothing to lose, Perseus volunteers to lead a dangerous mission to defeat Hades before he can seize power from Zeus and unleash hell on earth. Battling unholy demons and fearsome beasts, Perseus and his warriors will only survive if Perseus accepts his power as a god, defies fate and creates his own destiny.",Clash of the Titans (2010),76175,2.7090418913313976,0.5418083782662795
39830,Bass Ackwards,2010-01-23,4.857,"Adventure, Comedy","Linas Phillips, Davie-Blue, Jim Fletcher, Alex Karpovsky",Linas Phillips,"A man coming off a disastrous affair with a married woman has a lyrical, strange and comedic cross-country journey in a modified VW bus.",Bass Ackwards (2010),76217,3.0,0.6
23483,Kick-Ass,2010-03-26,7.121,"Action, Crime","Aaron Taylor-Johnson, Chloë Grace Moretz, Nicolas Cage, Lyndsy Fonseca, Mark Strong",Matthew Vaughn,"Dave Lizewski is an unnoticed high school student and comic book fan who one day decides to become a super-hero, even though he has no powers, training or meaningful reason to do so.",Kick-Ass (2010),76251,3.610361768646717,0.7220723537293434
35056,Date Night,2010-04-08,6.105,"Comedy, Action, Adventure","Steve Carell, Tina Fey, Mark Wahlberg, Taraji P. Henson, Jimmi Simpson",Shawn Levy,"Phil and Claire Foster fear that their mild-mannered relationship may be falling into a stale rut. During their weekly date night, their dinner reservation leads to their being mistaken for a couple of thieves—and now a number of unsavoury characters want Phil and Claire killed.",Date Night (2010),76293,3.2038004750593823,0.6407600950118765
52903,Steam of Life,2010-03-26,7.077,Documentary,"Timo Aalto, Pekka Ahonen, Aarne Aksila, Mauno Alasuutari, Arto Blomqvist","Joonas Berghäll, Mika Hotakainen","Finnish men in sauna, speaking straight from the heart.",Steam of Life (Miesten vuoro) (2010),76738,3.787878787878788,0.7575757575757576
34583,The Final,2010-01-28,6.02,"Thriller, Horror","Marc Donato, Jascha Washington, Whitney Hoy, Justin Arnold, Lindsay Seidel",Joey Stewart,A group of high school outcasts get revenge on the students that torment them.,"Final, The (2010)",76753,2.9152542372881354,0.583050847457627
27586,The Runaways,2010-03-19,6.45,"Music, Drama, History","Kristen Stewart, Dakota Fanning, Michael Shannon, Stella Maeve, Scout Taylor-Compton",Floria Sigismondi,"Joan Jett and Cherie Currie, two rebellious teenagers from Southern California, become the frontwomen for The Runaways -- the now-legendary group that paved the way for future generations of female rockers. Under the Svengali-like influence of impresario Kim Fowley, the band becomes a huge success.","Runaways, The (2010)",76763,3.3101736972704714,0.6620347394540943
34803,Death at a Funeral,2010-04-15,5.871,Comedy,"Chris Rock, Martin Lawrence, Zoe Saldaña, Tracy Morgan, Regina Hall",Neil LaBute,"Aaron's father's funeral is today at the family home, and everything goes wrong: the funeral home delivers the wrong body, his cousin accidentally drugs her fiancé, and Aaron's successful younger brother, Ryan, flies in from New York, broke but arrogant. To top it all off, a mysterious stranger wants a word with Aaron.",Death at a Funeral (2010),77191,2.974006116207951,0.5948012232415902
33217,Diary of a Wimpy Kid,2010-03-19,6.257,"Comedy, Family","Zachary Gordon, Robert Capron, Steve Zahn, Devon Bostick, Rachael Harris",Thor Freudenthal,"Greg Heffley is headed for big things, but first he has to survive the scariest, most humiliating experience of any kid’s life – middle school! That won’t be easy, considering he’s surrounded by hairy-freckled morons, wedgie-loving bullies and a moldy slice of cheese with nuclear cooties!",Diary of a Wimpy Kid (2010),77206,3.0086805555555554,0.601736111111111
34813,The Losers,2010-04-23,6.257,"Action, Adventure, Crime, Mystery, Thriller","Jeffrey Dean Morgan, Zoe Saldaña, Chris Evans, Idris Elba, Columbus Short",Sylvain White,"On a mission deep in the Bolivian jungle, a team of elite commandos finds itself on the receiving end of a lethal betrayal. Now presumed dead, the men join forces with a mysterious operative named Aisha to hunt down their enemy and even the score.","Losers, The (2010)",77364,3.1593886462882095,0.6318777292576419
35690,The Last Song,2010-03-31,7.234,"Drama, Family, Romance","Miley Cyrus, Greg Kinnear, Bobby Coleman, Liam Hemsworth, Hallock Beals",Julie Anne Robinson,"A drama centered on a rebellious girl who is sent to a Southern beach town for the summer to stay with her father. Through their mutual love of music, the estranged duo learn to reconnect.","Last Song, The (2010)",77414,3.41340206185567,0.682680412371134
39053,Cyrus,2010-06-18,5.933,"Comedy, Drama, Romance","John C. Reilly, Jonah Hill, Marisa Tomei, Catherine Keener, Matt Walsh","Jay Duplass, Mark Duplass","With John's social life at a standstill and his ex-wife about to get remarried, a down on his luck divorcée finally meets the woman of his dreams, only to discover she has another man in her life - her son. Before long, the two are locked in a battle of wits for the woman they both love-and it appears only one man can be left standing when it's over.",Cyrus (2010),77421,3.175213675213675,0.635042735042735
39452,Exit Through the Gift Shop,2010-03-05,7.545,Documentary,"Rhys Ifans, Thierry Guetta, Banksy, Shepard Fairey, INVADER",Banksy,"Banksy is a graffiti artist with a global reputation whose work can be seen on walls from post-hurricane New Orleans to the separation barrier on the Palestinian West Bank. Fiercely guarding his anonymity to avoid prosecution, Banksy has so far resisted all attempts to be captured on film. Exit Through the Gift Shop tells the incredible true story of how an eccentric French shop keeper turned documentary maker attempted to locate and befriend Banksy, only to have the artist turn the camera back on its owner.",Exit Through the Gift Shop (2010),77455,3.889392413561598,0.7778784827123195
10138,Iron Man 2,2010-04-28,6.848,"Adventure, Action, Science Fiction","Robert Downey Jr., Gwyneth Paltrow, Don Cheadle, Scarlett Johansson, Sam Rockwell",Jon Favreau,"With the world now aware of his dual life as the armored superhero Iron Man, billionaire inventor Tony Stark faces pressure from the government, the press and the public to share his technology with the military. Unwilling to let go of his invention, Stark, with Pepper Potts and James 'Rhodey' Rhodes at his side, must forge new alliances – and confront powerful enemies.",Iron Man 2 (2010),77561,3.4804171988080035,0.6960834397616007
45615,Reindeerspotting: Escape from Santaland,2010-04-09,6.894,Documentary,Jani Raappana,Joonas Neuvonen,"Reindeerspotting is a documentary film of a group of young guys living in Rovaniemi, Arctic Circle, dabbling in petty crime and hard drugs. One of them, Jani, has lost five years of his life and two fingers to his debotators. He wants to leave Lapland and his old life behind. Robbing a supermarket is a start for his getaway. A few years back a documentarist, Joonas Neuvonen, was a young men living on social welfare, using drugs on daily basis. He started to film his friends and their life. This is the story of Jani.",Reindeerspotting - Pako joulumaasta (2010),77629,3.561224489795918,0.7122448979591837
38579,Marmaduke,2010-06-03,5.22,"Family, Comedy","Owen Wilson, Emma Stone, George López, Caroline Sunshine, Finley Jacobsen",Tom Dey,"When Phil and Debbie Winslow relocate from their native Kansas to the sunny climes of Orange County, their big-hearted, havoc-wreaking Great Dane gets a taste of the dog's life, California-style.",Marmaduke (2010),77665,2.2988505747126435,0.45977011494252873
37931,MacGruber,2010-05-21,5.409,"Action, Comedy","Will Forte, Kristen Wiig, Ryan Phillippe, Powers Boothe, Maya Rudolph",Jorma Taccone,"Ex-special operative MacGruber is called back into action to take down his archenemy, Dieter Von Cunth, who's in possession of a nuclear warhead and bent on destroying Washington, DC.",MacGruber (2010),77667,2.7095343680709534,0.5419068736141907
27004,Ca$h,2010-03-01,5.841,"Crime, Thriller, Comedy, Mystery","Sean Bean, Chris Hemsworth, Victoria Profeta, Mike Starr, Michael Mantell",Stephen Milburn Anderson,"A stroke of good luck turns lethal for Sam Phelan and his wife Leslie when they are faced with a life-changing decision that brings strange and sinister Pyke Kubic to their doorstep. As Pyke leads Sam and Leslie on a tumultuous adventure through the streets of Chicago, each are pulled deeper and deeper into a desperate spiral of deception and violence – all in the name of money.",Ca$h (2010),77672,3.0319148936170213,0.6063829787234043
23437,A Nightmare on Elm Street,2010-04-30,5.524,"Horror, Mystery, Thriller","Rooney Mara, Kyle Gallner, Jackie Earle Haley, Katie Cassidy, Thomas Dekker",Samuel Bayer,"Teenagers Nancy, Quentin, Kris, Jesse and Dean are all neighborhood friends who begin having the same dream of a horribly disfigured man who wears a tattered sweater and a glove made of knives. The man terrorizes them in their dreams, and the only escape is to wake up. But when, one by one, they start dying violently, the friends realize that what happens in the dream world is real, and the only way to stay alive is to stay awake.","Nightmare on Elm Street, A (2010)",77798,2.5380067567567566,0.5076013513513513
37495,Four Lions,2010-05-07,6.949,"Comedy, Crime, Drama","Riz Ahmed, Nigel Lindsay, Kayvan Novak, Adeel Akhtar, Arsher Ali",Chris Morris,"Four Lions tells the story of a group of British jihadists who push their abstract dreams of glory to the breaking point. As the wheels fly off, and their competing ideologies clash, what emerges is an emotionally engaging (and entirely plausible) farce.",Four Lions (2010),77800,3.719260533104041,0.7438521066208083
43090,Gunless,2010-04-19,6.3,"Drama, Action, Comedy, Western","Paul Gross, Sienna Guillory, Tyler Mane, Callum Keith Rennie, Dustin Milligan",William Phillips,American gunslinger Sean Rafferty—aka The Montana Kid—is unable to find someone to duel in a Canadian town where no one understands the brutal code of the American Wild West.,Gunless (2010),77818,3.236842105263158,0.6473684210526316
35169,Furry Vengeance,2010-04-30,5.034,"Family, Comedy","Brendan Fraser, Brooke Shields, Ken Jeong, Matt Prokop, Angela Kinsey",Roger Kumble,"When real estate developer Dan Sanders finalizes plans to level a swath of pristine Oregon forest to make way for a soulless housing subdivision, a band of woodland creatures rises up to throw a monkey wrench into the greedy scheme. Just how much mischief from the furry critters can the businessman take before he calls it quits?",Furry Vengeance (2010),77820,1.9573170731707317,0.39146341463414636
37828,Armadillo,2010-05-27,7.04,"Documentary, War","Rasmus, Mads 'Mini', Daniel 'Olby', Kim 'Birkerod'",Janus Metz,"Danish soldiers are sent to Afghanistan in 2009 for 6 months, to help stabilize the country against the Taliban. They're stationed on Armadillo military base in Helman province. Unlike other war movies, this is the real deal – no actors.",Armadillo (2010),77833,3.6215277777777777,0.7243055555555555
36950,You Don't Know Jack,2010-06-27,7.034,"Drama, TV Movie, History","Al Pacino, Danny Huston, Susan Sarandon, John Goodman, Brenda Vaccaro",Barry Levinson,Controversy and legal problems follow Dr. Jack Kevorkian as he advocates assisted suicide.,You Don't Know Jack (2010),77837,3.6384615384615384,0.7276923076923076
20662,Robin Hood,2010-05-12,6.393,"Action, Adventure, History","Russell Crowe, Cate Blanchett, Max von Sydow, William Hurt, Mark Strong",Ridley Scott,"When soldier Robin happens upon the dying Robert of Loxley, he promises to return the man's sword to his family in Nottingham. There, he assumes Robert's identity; romances his widow, Marion; and draws the ire of the town's sheriff and King John's henchman, Godfrey.",Robin Hood (2010),77866,3.1578501904358864,0.6315700380871773
36801,Cemetery Junction,2010-04-14,6.52,"Drama, Comedy","Christian Cooke, Tom Hughes, Jack Doolan, Felicity Jones, Ralph Fiennes","Ricky Gervais, Stephen Merchant","In 1970s England, three blue-collar friends spend their days joking, drinking, fighting and chasing girls. Freddie wants to leave their working-class world but cool, charismatic Bruce and lovable loser Snork are happy with life the way it is. When Freddie gets a new job as a door-to-door salesman and bumps into his old school sweetheart Julie, the gang are forced to make choices that will change their lives for ever.",Cemetery Junction (2010),78034,3.4436274509803924,0.6887254901960784
46705,Blue Valentine,2010-12-26,6.954,"Drama, Romance","Ryan Gosling, Michelle Williams, John Doman, Mike Vogel, Ben Shenkman",Derek Cianfrance,"Dean and Cindy live a quiet life in a modest neighborhood. They appear to have the world at their feet at the outset of the relationship. However, his lack of ambition and her retreat into self-absorption cause potentially irreversible cracks in their marriage.",Blue Valentine (2010),78039,3.6832788671023966,0.7366557734204793
37821,Killers,2010-06-04,5.957,"Action, Comedy, Thriller, Romance","Ashton Kutcher, Katherine Heigl, Tom Selleck, Catherine O'Hara, Katheryn Winnick",Robert Luketic,"When an elite assassin marries a beautiful computer whiz after a whirlwind romance, he gives up the gun and settles down with his new bride. That is, until he learns that someone from his past has put a contract out on his life.",Killers (2010),78041,2.940677966101695,0.588135593220339
26388,Buried,2010-09-24,6.63,"Drama, Thriller, Mystery","Ryan Reynolds, José Luis García Pérez, Robert Paterson, Stephen Tobolowsky, Samantha Mathis",Rodrigo Cortés,Paul is a U.S. truck driver working in Iraq. After an attack by a group of Iraqis he wakes to find he is buried alive inside a coffin. With only a lighter and a cell phone it's a race against time to escape this claustrophobic death trap.,Buried (2010),78088,3.3653333333333335,0.6730666666666667
9543,Prince of Persia: The Sands of Time,2010-05-19,6.291,"Adventure, Fantasy, Action","Jake Gyllenhaal, Gemma Arterton, Ben Kingsley, Alfred Molina, Steve Toussaint",Mike Newell,"A rogue prince reluctantly joins forces with a mysterious princess and together, they race against dark forces to safeguard an ancient dagger capable of releasing the Sands of Time – gift from the gods that can reverse time and allow its possessor to rule the world.",Prince of Persia: The Sands of Time (2010),78105,3.119301648884578,0.6238603297769156
40247,Please Give,2010-04-30,6.171,"Comedy, Drama","Catherine Keener, Amanda Peet, Oliver Platt, Rebecca Hall, Ann Morgan Guilbert",Nicole Holofcener,"In New York City, a husband and wife butt heads with the granddaughters of the elderly woman who lives in the apartment the couple owns.",Please Give (2010),78116,3.366863905325444,0.6733727810650888
37034,True Legend,2010-02-09,6.622,"Action, Fantasy","Vincent Zhao Wenzhuo, Zhou Xun, Andy On, Guo Xiaodong, Jay Chou",Yuen Woo-Ping,"Su Qi-Er, a wealthy man living during the Qing Dynasty who loses his fortune and reputation as a result of a conspiracy against him. After being forced out onto the streets, Su dedicates his life to martial arts and reemerges as a patriotic hero known as the ""King of Beggars.""",True Legend (Su Qi-Er) (2010),78128,3.2818181818181817,0.6563636363636364
37786,Sex and the City 2,2010-05-26,6.082,"Comedy, Drama, Romance","Sarah Jessica Parker, Kim Cattrall, Kristin Davis, Cynthia Nixon, Chris Noth",Michael Patrick King,"Carrie, Charlotte, and Miranda are all married now, but they're still up for a little fun in the sun. When Samantha gets the chance to visit one of the most extravagant vacation destinations on the planet and offers to bring them all along, they surmise that a women-only retreat may be the perfect excuse to eschew their responsibilities and remember what life was like before they decided to settle down.",Sex and the City 2 (2010),78174,2.3392857142857144,0.46785714285714286
32823,Get Him to the Greek,2010-06-03,5.986,"Adventure, Comedy, Music","Jonah Hill, Russell Brand, Rose Byrne, Elisabeth Moss, Tyler McKinney",Nicholas Stoller,"Pinnacle records has the perfect plan to get their sinking company back on track: a comeback concert in LA featuring Aldous Snow, a fading rockstar who has dropped off the radar in recent years. Record company intern Aaron Green is faced with the monumental task of bringing his idol, out of control rock star Aldous Snow, back to LA for his comeback show.",Get Him to the Greek (2010),78209,3.1641592920353983,0.6328318584070797
38199,Unthinkable,2010-05-26,6.795,"Drama, Thriller","Samuel L. Jackson, Carrie-Anne Moss, Michael Sheen, Stephen Root, Lora Kojovic",Gregor Jordan,The government gets wind of a plot to destroy America involving a trio of nuclear weapons for which the whereabouts are unknown. It's up to a seasoned interrogator and an FBI agent to find out exactly where the nukes are.,Unthinkable (2010),78218,3.4888392857142856,0.6977678571428572
36736,The Drawn Together Movie: The Movie!,2010-03-18,6.318,"Animation, Comedy, Mystery","Adam Carolla, Abbey DiGregorio, Jess Harnell, Seth MacFarlane, Jack Plotnick",Greg Franklin,"When the mystery-solving musician Foxxy Love notices she and her fellow housemates can curse without being bleeped—something they've never been able to do before—she realizes their show has been canceled. Determined to get back on the air, the gang travels to Make-A-Point-Land in order to get a point (and get back on the air).","Drawn Together Movie: The Movie!, The (2010)",78247,2.869565217391304,0.5739130434782609
35217,Friendship!,2010-01-13,6.248,"Comedy, Drama","Matthias Schweighöfer, Friedrich Mücke, Alicja Bachleda-Curuś, Kevin Rankin, Chris Browning",Markus Goller,"A young man from East Germany travels to San Francisco to search for his father, who fled 12 years ago. Together with his best friend, he starts the journey from New York with no money and the only word they ever learned in english-lessons: ""friendship"".",Friendship! (2010),78251,3.1951219512195124,0.6390243902439025
34806,The Back-Up Plan,2010-04-23,6.142,"Comedy, Romance","Jennifer Lopez, Alex O'Loughlin, Michaela Watkins, Eric Christian Olsen, Anthony Anderson",Alan Poul,"When Zoe tires of looking for Mr. Right, she decides to have a baby on her own. But on the day she's artificially inseminated, she meets Stan, who seems to be just who she's been searching for all her life. Now, Zoe has to figure out how to make her two life's dreams fit with each other.","Back-up Plan, The (2010)",78264,2.895121951219512,0.5790243902439024
38318,Burnt by the Sun 2: Exodus,2010-04-22,4.741,"Drama, War","Nikita Mikhalkov, Oleg Menshikov, Evgeny Mironov, Dmitriy Dyuzhev, Artur Smolyaninov",Nikita Mikhalkov,"Epic film about WWII, a sequel to Utomlyonnye solntsem (1994). Evil Stalin is terrorizing people of Russia while the Nazis are advancing. Russian officer Kotov, who miraculously survived the death sentence in Stalin's Purge, is now fighting in the front-lines. His daughter, Nadia, who survived a rape attempt by Nazi soldiers, is now a nurse risking her own life to save others. In the war-torn nation even former enemies are fighting together to defend their land. People stand up united for the sake of victory. Written by Steve Shelokhonov",Burnt by the Sun 2 (Utomlyonnye solntsem 2) (2010),78290,2.3653846153846154,0.47307692307692306
37056,Letters to Juliet,2010-05-13,7.0,"Comedy, Drama, Romance","Amanda Seyfried, Christopher Egan, Gael García Bernal, Vanessa Redgrave, Franco Nero",Gary Winick,"An American girl on vacation in Italy finds an unanswered ""letter to Juliet"" -- one of thousands of missives left at the fictional lover's Verona courtyard, which are typically answered by the ""secretaries of Juliet"" -- and she goes on a quest to find the lovers referenced in the letter.",Letters to Juliet (2010),78316,3.4499054820415878,0.6899810964083175
30695,Chance Pe Dance,2010-01-15,5.3,"Music, Romance, Drama","Shahid Kapoor, Genelia D'Souza, Satish Shah, Mohnish Behl, Vikas Bhalla",Ken Ghosh,"Sameer is the archetypal struggler who leaves his dad in Delhi and comes to Mumbai, chasing dreams of becoming a star in Bollywood. Does he manage to survive the bleak and grueling rounds of endless auditions, broken promises and missed chances?",Chance Pe Dance (2010),78410,2.1944444444444446,0.43888888888888894
20533,Jonah Hex,2010-06-18,4.956,"Action, Western, Drama, Fantasy, Thriller","Josh Brolin, John Malkovich, Megan Fox, Michael Fassbender, Will Arnett",Jimmy Hayward,"Gunslinger Jonah Hex is appointed by President Ulysses Grant to track down terrorist Quentin Turnbull, a former Confederate officer determined on unleashing hell on earth. Jonah not only secures freedom by accepting this task, he also gets revenge on the man who slew his wife and child.",Jonah Hex (2010),78467,2.31021897810219,0.46204379562043796
34544,The A-Team,2010-06-09,6.407,"Action, Comedy, Crime","Liam Neeson, Bradley Cooper, Jessica Biel, Quinton 'Rampage' Jackson, Sharlto Copley",Joe Carnahan,"A man who loves when a plan comes together, Col. Hannibal Smith leads a close-knit team of elite operatives and Iraq War veterans. Framed for a crime they didn't commit, Smith and his men, Capt. H.M. ‘Howling Mad’ Murdock , Sgt. Bosco ‘B.A.’ Baracus, and Lt. Templeton ‘Faceman’ Peck, break out and go rogue, using their special talents to clear their names and find the perpetrator. Hot on their trail is Capt. Charissa Sosa, who was once involved with a member of Smith's team and has sworn to capture them, no matter what it takes.","A-Team, The (2010)",78469,3.202719797596458,0.6405439595192916
10193,Toy Story 3,2010-06-16,7.802,"Animation, Family, Comedy","Tom Hanks, Tim Allen, Joan Cusack, Don Rickles, Wallace Shawn",Lee Unkrich,"Woody, Buzz, and the rest of Andy's toys haven't been played with in years. With Andy about to go to college, the gang find themselves accidentally left at a nefarious day care center. The toys must band together to escape and return home to Andy.",Toy Story 3 (2010),78499,3.857756827949536,0.7715513655899071
41397,Joan Rivers: A Piece of Work,2010-01-25,6.927,Documentary,"Joan Rivers, Melissa Rivers, Kathy Griffin, Don Rickles","Ricki Stern, Anne Sundberg","A documentary on the life and career of Joan Rivers, made as the comedienne turns 75 years old.",Joan Rivers: A Piece of Work (2010),78517,3.203448275862069,0.6406896551724138
39013,Winter's Bone,2010-06-11,6.791,"Drama, Mystery","Jennifer Lawrence, John Hawkes, Kevin Breznahan, Dale Dickey, Garret Dillahunt",Debra Granik,"After discovering her father put their house up for his bail bond and then disappeared, 17-year-old Ree Dolly must confront the local criminal underworld and the harsh Ozark wilderness in order to to track down her father and save her family.",Winter's Bone (2010),78574,3.672884440400364,0.7345768880800728
44999,Casino Jack and the United States of Money,2010-05-09,7.1,Documentary,"Tom DeLay, Bob Ney, Neil Volz, William Branner, Donn Dunlop",Alex Gibney,"A probing investigation into the lies, greed and corruption surrounding D.C. super-lobbyist Jack Abramoff and his cronies.",Casino Jack and the United States of Money (2010),78633,3.593220338983051,0.7186440677966102
10192,Shrek Forever After,2010-05-20,6.39,"Comedy, Adventure, Fantasy, Animation, Family","Mike Myers, Eddie Murphy, Cameron Diaz, Antonio Banderas, Walt Dohrn",Mike Mitchell,"A bored and domesticated Shrek pacts with deal-maker Rumpelstiltskin to get back to feeling like a real ogre again, but when he's duped and sent to a twisted version of Far Far Away—where Rumpelstiltskin is king, ogres are hunted, and he and Fiona have never met—he sets out to restore his world and reclaim his true love.",Shrek Forever After (a.k.a. Shrek: The Final Chapter) (2010),78637,3.0065645514223194,0.6013129102844639
37414,The Killer Inside Me,2010-02-19,5.817,"Crime, Drama, Thriller","Casey Affleck, Kate Hudson, Jessica Alba, Ned Beatty, Tom Bower",Michael Winterbottom,"Deputy Sheriff Lou Ford is a pillar of the community in his small west Texas town, patient and apparently thoughtful. Some people think he is a little slow and maybe boring, but that is the worst they say about him. But then nobody knows about what Lou calls his ""sickness"": He is a brilliant, but disturbed sociopathic sadist.","Killer Inside Me, The (2010)",78679,3.07088122605364,0.614176245210728
45371,The Special Relationship,2010-05-29,6.4,"TV Movie, Drama, History","Michael Sheen, Demetri Goritsas, Adam Godley, Marc Rioufol, Mark Bazeley",Richard Loncraine,"A dramatisation that follows Tony Blair's journey from political understudy waiting in the wings of the world arena to accomplished prime minister standing confidently in the spotlight of centre stage. It is a story about relationships, between two powerful men (Blair and Bill Clinton), two powerful couples, and husbands and wives.","Special Relationship, The (2010)",78759,3.4,0.6799999999999999
24021,The Twilight Saga: Eclipse,2010-06-23,6.201,"Adventure, Fantasy, Drama, Romance","Kristen Stewart, Robert Pattinson, Taylor Lautner, Bryce Dallas Howard, Dakota Fanning",David Slade,"Bella once again finds herself surrounded by danger as Seattle is ravaged by a string of mysterious killings and a malicious vampire continues her quest for revenge. In the midst of it all, she is forced to choose between her love for Edward and her friendship with Jacob, knowing that her decision has the potential to ignite the ageless struggle between vampire and werewolf. With her graduation quickly approaching, Bella is confronted with the most important decision of her life.","Twilight Saga: Eclipse, The (2010)",78772,2.3773188659432973,0.47546377318865946
65043,A Genesis Found,2010-08-11,5.2,"Adventure, Science Fiction, Drama","Elliot Moon, Elise Zieman, Luke Weaver, Bennett Parker, Rob Wilds",Lee Fanning,"In 1938, John Patton Jr. found the key to our darkest secret–an anomalous skeleton neither animal nor man. Uncertain of its implications, Patton hid the discovery away from the world—though never forgetting what he found. Seventy years later, his grandson Gardner is forced to come to terms with his grandfather’s past, a man he never knew but in whose footsteps he inevitably follows. When his cousin, controversial documentarian Bart Thompson, arrives for a seemingly routine shoot, Gardner is eager to lend a hand. He soon learns, however, that Bart isn’t back just to shoot a movie–he wants to find the “discovery” their grandfather buried nearly seventy years before, and prove what he claimed was true. As his skepticism fades, and the lure of mystery grows, Gardner becomes distant from his foundations, including his live-in girlfriend Kelsey. Losing himself to the adventure, Gardner is hypnotized by a single possibility—that this “discovery” could be a direct link to God.","Genesis Found, A (2010)",78871,3.1217591102962157,0.6243518220592431
32866,Accident On Hill Road,2009-12-31,2.0,Thriller,"Farooq Shaikh, Abhimanyu Singh, Celina Jaitly",Mahesh Nair,"Accident on Hill Road is a cunning and energetic thriller that takes its premise from the real-life incident of a woman who hit a man, then drove home and parked the car in the garage with the man wedged halfway through her windshield. Celina Jaitly stars as Sonam Chopra, a hard-partying, overworked nursing assistant in this delicious, darkly humorous psychological thriller.",Accident on Hill Road (2010),78873,4.0,0.8
10196,The Last Airbender,2010-06-30,4.647,"Action, Adventure, Fantasy","Noah Ringer, Dev Patel, Nicola Peltz Beckham, Jackson Rathbone, Shaun Toub",M. Night Shyamalan,"The story follows the adventures of Aang, a young successor to a long line of Avatars, who must put his childhood ways aside and stop the Fire Nation from enslaving the Water, Earth and Air nations.","Last Airbender, The (2010)",78893,2.006277695716396,0.40125553914327916
40636,The Rolling Stones: Stones in Exile,2010-05-14,6.6,"Documentary, Music","Mick Jagger, Keith Richards, Mick Taylor, Bill Wyman, Charlie Watts",Stephen Kijak,"In 1971, to get breathing room from tax and management problems, the Stones go to France. Jimmy Miller parks a recording truck next to Keith Richards and Anita Pallenberg's Blue Coast villa, and by June the band is in the basement a few days at a time. Upstairs, heroin, bourbon, and visitors are everywhere. The Stones, other musicians and crew, Pallenberg, and photographer Dominique Tarle, plus old clips and photos and contemporary footage, provide commentary on the album's haphazard construction. By September, the villa is empty; Richards and Jagger complete production in LA. ""Exile on Main Street"" is released to mediocre reviews that soon give way to lionization.",Stones in Exile (2010),78976,3.5,0.7
34851,Predators,2010-07-07,6.288,"Science Fiction, Action, Thriller","Adrien Brody, Topher Grace, Alice Braga, Walton Goggins, Oleg Taktarov",Nimród Antal,A group of cold-blooded killers find themselves trapped on an alien planet to be hunted by extraterrestrial Predators.,Predators (2010),79057,3.123819517313746,0.6247639034627492
20352,Despicable Me,2010-07-08,7.253,"Family, Comedy, Animation, Science Fiction","Steve Carell, Jason Segel, Miranda Cosgrove, Dana Gaier, Elsie Fisher","Pierre Coffin, Chris Renaud","Villainous Gru lives up to his reputation as a despicable, deplorable and downright unlikable guy when he hatches a plan to steal the moon from the sky. But he has a tough time staying on task after three orphans land in his care.",Despicable Me (2010),79091,3.698022364878857,0.7396044729757714
27205,Inception,2010-07-15,8.37,"Action, Science Fiction, Adventure","Leonardo DiCaprio, Joseph Gordon-Levitt, Ken Watanabe, Tom Hardy, Elliot Page",Christopher Nolan,"Cobb, a skilled thief who commits corporate espionage by infiltrating the subconscious of his targets is offered a chance to regain his old life as payment for a task considered to be impossible: ""inception"", the implantation of another person's idea into a target's subconscious.",Inception (2010),79132,4.155508420105412,0.8311016840210824
38365,Grown Ups,2010-06-24,6.4,Comedy,"Adam Sandler, Kevin James, Chris Rock, David Spade, Rob Schneider",Dennis Dugan,"After their high school basketball coach passes away, five good friends and former teammates reunite for a Fourth of July holiday weekend.",Grown Ups (2010),79134,2.7072446555819476,0.5414489311163895
27022,The Sorcerer's Apprentice,2010-07-13,6.131,"Fantasy, Adventure, Action","Nicolas Cage, Jay Baruchel, Alfred Molina, Teresa Palmer, Toby Kebbell",Jon Turteltaub,"Balthazar Blake is a master sorcerer in modern-day Manhattan trying to defend the city from his arch-nemesis, Maxim Horvath. Balthazar can't do it alone, so he recruits Dave Stutler, a seemingly average guy who demonstrates hidden potential, as his reluctant protégé. The sorcerer gives his unwilling accomplice a crash course in the art and science of magic, and together, these unlikely partners work to stop the forces of darkness.","Sorcerer's Apprentice, The (2010)",79139,3.197527872031023,0.6395055744062046
37834,Knight and Day,2010-06-15,6.225,"Action, Comedy","Tom Cruise, Cameron Diaz, Peter Sarsgaard, Viola Davis, Jordi Mollà",James Mangold,"A fugitive couple goes on a glamorous and sometimes deadly adventure where nothing and no one – even themselves – are what they seem. Amid shifting alliances and unexpected betrayals, they race across the globe, with their survival ultimately hinging on the battle of truth vs. trust.",Knight and Day (2010),79185,3.2531673219746615,0.6506334643949323
38575,The Karate Kid,2010-06-10,6.565,"Action, Adventure, Drama, Family","Jaden Smith, Jackie Chan, Taraji P. Henson, Wenwen Han, Zac Wang",Harald Zwart,"12-year-old Dre Parker could've been the most popular kid in Detroit, but his mother's latest career move has landed him in China. Dre immediately falls for his classmate Mei Ying but the cultural differences make such a friendship impossible. Even worse, Dre's feelings make him an enemy of the class bully, Cheng. With no friends in a strange land, Dre has nowhere to turn but maintenance man Mr. Han, who is a kung fu master. As Han teaches Dre that kung fu is not about punches and parries, but maturity and calm, Dre realizes that facing down the bullies will be the fight of his life.","Karate Kid, The (2010)",79224,3.014821029082774,0.6029642058165547
39781,The Kids Are All Right,2010-07-09,6.609,"Comedy, Drama","Julianne Moore, Annette Bening, Mark Ruffalo, Mia Wasikowska, Josh Hutcherson",Lisa Cholodenko,"Two women, Nic and Jules, brought a son and daughter into the world through artificial insemination. When one of their children reaches age, both kids go behind their mothers' backs to meet with the donor. Life becomes so much more interesting when the father, two mothers and children start to become attached to each other.","Kids Are All Right, The (2010)",79242,3.5075508864084046,0.701510177281681
73861,A Serbian Film,2010-01-06,5.439,"Crime, Horror, Thriller","Srđan 'Žika' Todorović, Sergej Trifunović, Jelena Gavrilović, Slobodan Beštić, Katarina Žutić",Srđan Spasojević,"Retired porn star Milos leads a normal family life trying to make ends meet. Presented with the opportunity of a lifetime to financially support his family for the rest of their lives, Milos must participate in one last mysterious film. From then on, Milos is drawn into a maelstrom of unbelievable cruelty and mayhem.","Serbian Film, A (Srpski film) (2010)",79251,2.716494845360825,0.543298969072165
27576,Salt,2010-07-21,6.413,"Action, Mystery, Thriller","Angelina Jolie, Liev Schreiber, Chiwetel Ejiofor, Daniel Olbrychski, August Diehl",Phillip Noyce,"As a CIA officer, Evelyn Salt swore an oath to duty, honor and country. Her loyalty will be tested when a Russian defector accuses her of being a Russian sleeper spy. She goes on the run, using all her skills and years of experience as a covert operative to elude capture, protect her husband, and stay one step ahead of her colleagues at the CIA. Her efforts to prove her innocence only serve to cast doubt on her motives, as the hunt to uncover the truth behind her identity continues and the question remains: ""Who is Salt?""",Salt (2010),79293,3.246041266794626,0.6492082533589252
38778,Dinner for Schmucks,2010-07-30,5.719,Comedy,"Paul Rudd, Steve Carell, Stephanie Szostak, Jemaine Clement, Zach Galifianakis",Jay Roach,"Rising executive Tim Conrad works for a boss who hosts a monthly dinner in which the guest who brings the biggest buffoon gets a career-boost. Tim plans on not attending until he meets Barry, a man who builds dioramas using stuffed mice. Barry's blundering but good intentions send Tim's life into a downward spiral, threatening a major business deal and possibly scuttling Tim's engagement to his fiancee.",Dinner for Schmucks (2010),79428,2.8598425196850394,0.5719685039370079
40428,8: The Mormon Proposition,2010-01-24,5.455,Documentary,"Dustin Lance Black, Rocky Anderson, Matt Aune, Melissa Bird, Tyler Barrick","Reed Cowan, Steven Greenstreet","Filmmaker and ex-Church of Jesus Christ of Latter-day Saints member Reed Cowan examines that church's nationwide efforts to prevent the legalization of gay marriage - including California's Proposition 8, which was passed by voters in 2008. Confidential church documents, statements by high-ranking church officials and other sources detail 30 years of efforts to turn back gay rights, particularly by the Mormon-sponsored National Organization for Marriage.",8: The Mormon Proposition (2010),79430,3.3461538461538463,0.6692307692307693
35019,Nanny McPhee and the Big Bang,2010-03-26,6.305,"Comedy, Fantasy, Family","Emma Thompson, Asa Butterfield, Lil Woods, Oscar Steer, Rosie Taylor-Ritson",Susanna White,"Nanny McPhee appears at the door of a harried young mother who is trying to run the family farm while her husband is away at war. But once she’s arrived, Nanny discovers that the children are fighting a war of their own against two spoiled city cousins who have just moved in. Relying on everything from a flying motorcycle and a statue that comes to life to a tree-climbing piglet and a baby elephant, Nanny uses her magic to teach her mischievous charges five new lessons.",Nanny McPhee Returns (a.k.a. Nanny McPhee and the Big Bang) (2010),79463,3.0129533678756477,0.6025906735751295
32497,Balls,2010-02-12,4.6,"Comedy, Drama","Jan Fares, Torkel Petersson, Hamadi Khemiri, Nina Zanjani, Juan Rodríguez",Josef Fares,"A heartwarming tale about a beloved father who is trying to cope with cultural clashes, loss and the search for love in average Swedish society.",Farsan (2010),79515,2.888888888888889,0.5777777777777777
37472,Ip Man 2,2010-04-29,7.46,"Action, History, Drama","Donnie Yen, Sammo Hung Kam-Bo, Huang Xiaoming, Lynn Hung Doi-Lam, Kent Cheng Jak-Si",Wilson Yip,"Having defeated the best fighters of the Imperial Japanese army in occupied Shanghai, Ip Man and his family settle in post-war Hong Kong. Struggling to make a living, Master Ip opens a kung fu school to bring his celebrated art of Wing Chun to the troubled youth of Hong Kong. His growing reputation soon brings challenges from powerful enemies, including pre-eminent Hung Gar master, Hung Quan.",Ip Man 2 (2010),79553,3.7766749379652604,0.7553349875930521
63075,Lucky,2010-01-24,6.5,"Comedy, Documentary, Romance",Steve Ledoux,Jeffrey Blitz,"A documentary about the American lottery and some of the industry's biggest winners (and losers). Qang is a Vietnamese refugee, whose American dream materializes in the form of $22 million while working the floors of a meatpacking factory; James is a sheltered outcast living with his team of cats in a litter strewn bungalow, before chance pays him a multi-million dollar hand.",Lucky (2010),79570,3.5,0.7
38843,Ramona and Beezus,2010-07-23,6.536,"Comedy, Family","Joey King, Selena Gomez, John Corbett, Bridget Moynahan, Ginnifer Goodwin",Elizabeth Allen Rosenbaum,"Ramona is a little girl with a very big imagination and a nose for mischief. Her playful antics keep everyone in her loving family on their toes, including her older sister Beezus, who's just trying to survive her first year of high school. Through all the ups and downs of childhood, Ramona and Beezus learn that anything's possible when you believe in yourself and rely on each other.",Ramona and Beezus (2010),79572,3.18018018018018,0.636036036036036
37950,Charlie St. Cloud,2010-07-30,6.964,"Drama, Romance","Zac Efron, Charlie Tahan, Amanda Crew, Augustus Prew, Donal Logue",Burr Steers,"Accomplished sailor Charlie St. Cloud has the adoration of his mother Claire and his little brother Sam, as well as a college scholarship that will lead him far from his sleepy Pacific Northwest hometown. But his bright future is cut short when tragedy strikes and takes his dreams with it. After high school classmate Tess returns home unexpectedly, Charlie grows torn between honoring a promise he made four years earlier and moving forward with newfound love. As he finds the courage to let go of the past for good, Charlie discovers the soul most worth saving is his own.",Charlie St. Cloud (2010),79588,3.5013262599469495,0.7002652519893899
27581,The Other Guys,2010-08-06,6.315,"Comedy, Action, Crime","Will Ferrell, Mark Wahlberg, Eva Mendes, Michael Keaton, Steve Coogan",Adam McKay,"Unlike their heroic counterparts on the force, desk-bound NYPD detectives Gamble and Hoitz garner no headlines as they work day to day. When a seemingly minor case turns out to be a big deal, the two cops get the opportunity to finally prove to their comrades that they have the right stuff.","Other Guys, The (2010)",79592,3.417087117389842,0.6834174234779684
41135,Operation: Endgame,2010-07-20,4.938,"Adventure, Action, Comedy, Thriller","Joe Anderson, Odette Annable, Zach Galifianakis, Rob Corddry, Maggie Q",Fouad Mikati,A battle ensues among two government spy teams in an underground facility after their boss is assassinated.,Operation Endgame (2010),79599,2.524390243902439,0.5048780487804878
27578,The Expendables,2010-08-07,6.247,"Thriller, Adventure, Action","Sylvester Stallone, Jason Statham, Jet Li, Dolph Lundgren, Eric Roberts",Sylvester Stallone,"Barney Ross leads a band of highly skilled mercenaries including knife enthusiast Lee Christmas, a martial arts expert Yin Yang, heavy weapons specialist Hale Caesar, demolitionist Toll Road, and a loose-cannon sniper Gunner Jensen. When the group is commissioned by the mysterious Mr. Church to assassinate the dictator of a small South American island, Barney and Lee visit the remote locale to scout out their opposition and discover the true nature of the conflict engulfing the city.","Expendables, The (2010)",79695,2.9721919302071975,0.5944383860414395
22538,Scott Pilgrim vs. the World,2010-08-12,7.488,"Action, Comedy, Romance","Michael Cera, Mary Elizabeth Winstead, Ellen Wong, Kieran Culkin, Alison Pill",Edgar Wright,"As bass guitarist for a garage-rock band, Scott Pilgrim has never had trouble getting a girlfriend; usually, the problem is getting rid of them. But when Ramona Flowers skates into his heart, he finds she has the most troublesome baggage of all: an army of ex-boyfriends who will stop at nothing to eliminate him from her list of suitors.",Scott Pilgrim vs. the World (2010),79702,3.7633714102700973,0.7526742820540194
44629,Animal Kingdom,2010-06-03,6.807,"Crime, Drama","Ben Mendelsohn, Joel Edgerton, Guy Pearce, Luke Ford, Jacki Weaver",David Michôd,"Joshua “J” is taken in by his extended family after his mother dies of an overdose. The clan, ruled by J’s scheming grandmother, is heavily involved in criminal activities, and J is soon indoctrinated into their way of life. But J is given a chance to take another path when a cop seeks to help him.",Animal Kingdom (2010),79720,3.684357541899441,0.7368715083798882
96108,See What I'm Saying: The Deaf Entertainers Documentary,2010-03-19,7.0,Documentary,"Robert DeMayo, Bob Hiltermann, T.L. Forsberg, CJ Jones, Shoshannah Stern",Hilari Scarl,"This inspirational documentary follows four deaf entertainers: a comic, drummer, actor and a singer as they attempt to cross over to mainstream audiences. These uniquely talented entertainers overcome great challenges to celebrate success.",See What I'm Saying: The Deaf Entertainers Documentary (2010),79741,4.166666666666667,0.8333333333333334
37951,Raajneeti,2010-06-04,6.296,"Drama, Thriller","Ajay Devgn, Ranbir Kapoor, Manoj Bajpayee, Katrina Kaif, Arjun Rampal",Prakash Jha,"It is the story of a fiercely fought election campaign, where money power and corruption are the accepted norms, and where treachery and manipulation are routinely used weapons. As the personal drama of these conflict-ridden characters unfolds against this gritty backdrop, love and friendship become mere baits, and relationships get sacrificed at the altar of political alignments. The darkness that rises from their souls threatens to envelope all that they hold precious. Until eventually, in the crescendo of increasing violence, the line between good and evil blurs, making it impossible to distinguish heroes from villains. Raajneeti is the story of Indian democracy. And its ugly underside. It is about politics. And beyond.",Raajneeti (2010),79769,3.6458333333333335,0.7291666666666667
23759,Centurion,2010-02-15,6.227,"Adventure, Action, Drama","Michael Fassbender, Olga Kurylenko, David Morrissey, Liam Cunningham, Dominic West",Neil Marshall,"Britain, A.D. 117. Quintus Dias, the sole survivor of a Pictish raid on a Roman frontier fort, marches north with General Virilus' legendary Ninth Legion, under orders to wipe the Picts from the face of the Earth and destroy their leader, Gorlacon.",Centurion (2010),79796,3.1166044776119404,0.6233208955223881
44737,Babies,2010-05-07,6.9,Documentary,"Hattie, Ponijao, Mari, Bayar",Thomas Balmès,"Babies, also known as Baby(ies) and Bébé(s), is a 2009 French documentary film by Thomas Balmès that follows four infants from birth to when they are one year old. The babies featured in the film are two from rural areas: Ponijao from Opuwo, Namibia, and Bayar from Bayanchandmani, Mongolia, as well as two from urban areas: Mari from Tokyo, Japan, and Hattie from San Francisco, USA.",Babies (Bébé(s)) (2010),79824,3.5032894736842106,0.7006578947368421
79829,For Neda,2010-06-14,6.8,Documentary,"Shohreh Aghdashloo, Neda Agha-Soltan, Houda Echouafni",Antony Thomas,"On June 20, 2009, Neda Agha-Soltan was shot and killed on the streets of Tehran during the turmoil that followed the Iranian presidential contest. Within hours, images of her dying moments, captured on cell phones, appeared on computer screens across the world, focusing the world's attention on mass protests against the rigged elections in Iran. Featuring previously unseen footage of Neda with friend and family, as well as exclusive video of her recorded the day she died, ""For Neda"" debuts just before the anniversary of her death.",For Neda (2010),79842,3.875,0.775
44806,12th & Delaware,2010-04-01,7.0,Documentary,,"Rachel Grady, Heidi Ewing",The abortion battle continues to rage in unexpected ways on one corner in an American city.,12th & Delaware (2010),79850,3.5625,0.7125
43549,The Experiment,2010-07-15,6.379,"Thriller, Drama","Adrien Brody, Cam Gigandet, Forest Whitaker, Maggie Grace, Clifton Collins Jr.",Paul T. Scheuring,20 men are chosen to participate in the roles of guards and prisoners in a psychological study that ultimately spirals out of control.,"Experiment, The (2010)",79860,3.284644194756554,0.6569288389513108
47912,Smash His Camera,2010-07-30,6.9,Documentary,"Ron Galella, Betty Galella, Floyd Abrams, Joseph Basile, Dick Cavett",Leon Gast,A film centering on the life and work of Ron Galella that examines the nature and effect of paparazzi.,Smash His Camera (2010),79870,3.5416666666666665,0.7083333333333333
43593,Piranha 3D,2010-08-20,5.405,"Comedy, Horror","Elisabeth Shue, Jerry O'Connell, Steven R. McQueen, Jessica Szohr, Kelly Brook",Alexandre Aja,"Each year the population of sleepy Lake Victoria, Arizona explodes from 5,000 to 50,000 residents for the annual Spring Break celebration. But then, an earthquake opens an underwater chasm, releasing an enormous swarm of ancient Piranha that have been dormant for thousands of years, now with a taste for human flesh. This year, there's something more to worry about than the usual hangovers and complaints from locals, a new type of terror is about to be cut loose on Lake Victoria.",Piranha (Piranha 3D) (2010),79879,2.452998379254457,0.4905996758508914
35552,The Extraordinary Adventures of Adèle Blanc-Sec,2010-04-09,6.239,"Fantasy, Adventure, Action, Mystery","Louise Bourgoin, Mathieu Amalric, Gilles Lellouche, Jean-Paul Rouve, Jacky Nercessian",Luc Besson,"An adventure set in the early part of the 20th century, focused on a popular novelist and her dealings with would-be suitors, the cops, monsters, and other distractions.","Extraordinary Adventures of Adèle Blanc-Sec, The (2010)",79895,3.124113475177305,0.624822695035461
29538,Pyaar Impossible!,2010-01-08,5.385,"Comedy, Romance","Priyanka Chopra Jonas, Uday Chopra, Advika Yadav, Anupam Kher, Dino Morea",Jugal Hansraj,"Be-spectacled geek, Abhay falls in love with college hottie, Alisha and silently slinks away into the shadows when he realises she's unattainable. Seven years later, he re-enters her life as the nanny and hopes to woo the single mom, this time at least. Does he succeed?",Pyaar Impossible (2010),79974,2.1363636363636362,0.42727272727272725
31900,Gainsbourg: A Heroic Life,2010-01-20,6.879,Drama,"Eric Elmosnino, Lucy Gordon, Laetitia Casta, Doug Jones, Anna Mouglalis",Joann Sfar,"A glimpse at the life of French singer Serge Gainsbourg, from growing up in 1940s Nazi-occupied Paris through his successful song-writing years in the 1960s to his death in 1991 at the age of 62.",Gainsbourg (Vie Héroïque) (2010),79987,3.46,0.692
42194,Tekken,2010-03-20,5.346,"Crime, Drama, Action, Thriller, Science Fiction","Jonathan Patrick Foo, Kelly Overton, Cary-Hiroyuki Tagawa, Ian Anthony Dale, Luke Goss",Dwight H. Little,"In the year of 2039, after World Wars destroy much of the civilization as we know it, territories are no longer run by governments, but by corporations; the mightiest of which is the Mishima Zaibatsu. In order to placate the seething masses of this dystopia, Mishima sponsors Tekken, a tournament in which fighters battle until only one is left standing.",Tekken (2010),80026,2.4049079754601226,0.48098159509202454
37259,Blood Into Wine,2010-02-19,7.1,Documentary,"Maynard James Keenan, Milla Jovovich, Tim Heidecker, Eric Wareheim, Bob Odenkirk","Ryan Page, Christopher Pomerenke","Music fans know Maynard James Keenan as the frontman of such bands as Tool, A Perfect Circle, and Puscifer, but in this documentary filmmakers Christopher Pomerenke and Ryan Page offer a closer look at one of the prolific rocker's more unexpected hobbies -- winemaking. Along with his business partner Eric Glomski, Keenan has managed to transform an arid stretch of Arizona desert into a lush vineyard that yields some particularly tasty grapes. Through unguarded conversations with Keenan and Glomski, Pomerenke and Page discover just what got the pair interested in winemaking, and why they chose such a hostile natural environment to serve as the site of their winery.",Blood into Wine (2010),80054,3.625,0.725
38358,The Last Exorcism,2010-08-27,5.691,"Horror, Thriller, Mystery","Patrick Fabian, Ashley Bell, Iris Bahr, Louis Herthum, Caleb Landry Jones",Daniel Stamm,"After years of performing “exorcisms” and taking believers’ money, Reverend Marcus travels to rural Louisiana with a film crew so he can dispel what he believes is the myth of demonic possession. The dynamic reverend is certain that this will be another routine “exorcism” on a disturbed religious fanatic but instead comes upon the blood-soaked farm of the Sweetzer family and a true evil he would have never thought imaginable.","Last Exorcism, The (2010)",80094,3.041208791208791,0.6082417582417582
27579,The American,2010-08-31,5.97,"Crime, Drama, Thriller","George Clooney, Violante Placido, Thekla Reuten, Paolo Bonacelli, Johan Leysen",Anton Corbijn,"Dispatched to a small Italian town to await further orders, assassin Jack embarks on a double life that may be more relaxing than is good for him.","American, The (2010)",80126,3.207715133531157,0.6415430267062314
41210,The Switch,2010-05-11,6.227,"Comedy, Romance, Drama","Jennifer Aniston, Jason Bateman, Patrick Wilson, Thomas Robinson, Jeff Goldblum","Josh Gordon, Will Speck","Kassie is a smart, fun-loving single woman who, despite her neurotic best friend Wally’s objections, decides it’s time to have a baby – even if it means doing it herself… with a little help from a charming sperm donor. But, unbeknownst to her, Kassie’s plans go awry because of a last-minute switch that isn’t discovered until seven years later… when Wally gets acquainted with Kassie’s cute, though slightly neurotic, son.","Switch, The (2010)",80166,3.1102320675105486,0.6220464135021098
40663,Gasland,2010-01-24,7.096,Documentary,"Josh Fox, Dick Cheney, Pete Seeger, Richard Nixon, Aubrey K. McClendon",Josh Fox,"It is happening all across America-rural landowners wake up one day to find a lucrative offer from an energy company wanting to lease their property. Reason? The company hopes to tap into a reservoir dubbed the ""Saudi Arabia of natural gas."" Halliburton developed a way to get the gas out of the ground-a hydraulic drilling process called ""fracking""-and suddenly America finds itself on the precipice of becoming an energy superpower.",GasLand (2010),80185,3.731117824773414,0.7462235649546828
139433,No One Dies in Lily Dale,2011-01-01,2.8,Documentary,"Michelle Whitedove, Steven Cantor, Sheila Nevins",Steven Cantor,"A candid portrayal of Lily Dale, a spiritualist community in upstate New York, where most of the town's residents are registered Mediums who regularly give spiritual readings to visitors through alleged communication with the deceased.",No One Dies in Lily Dale (2010),80193,4.5,0.9
103745,Vesku from Finland,2010-09-03,6.154,Documentary,"Vesa-Matti Loiri, Jenni Loiri, Joonas Loiri, Hannele Lauri, Mari Hakala",Mika Kaurismäki,"""Vesku from Finland"" is a film about Vesa-Matti Loiri alias Vesku, probably the most popular film and TV comedian in Finland. He has created a significant career also as a singer, performer, writer and as a sportsman. He has recorded several albums, from folk songs and couplets to tangos. Some of his recordings are based on the lyrics of Hermann Hesse or Eino Leino, the infamous Finnish poet. During his unique career he has played in more than 60 films and recorded 30 albums.",Vesku from Finland (Vesku) (2010),80204,3.03125,0.60625
23631,Machete,2010-09-01,6.334,"Action, Comedy, Thriller","Danny Trejo, Michelle Rodriguez, Jessica Alba, Robert De Niro, Steven Seagal","Robert Rodriguez, Ethan Maniquis","After being set-up and betrayed by the man who hired him to assassinate a Texas Senator, an ex-Federale launches a brutal rampage of revenge against his former boss.",Machete (2010),80219,3.2569259962049335,0.6513851992409867
41233,Step Up 3D,2010-08-04,6.813,"Drama, Romance","Sharni Vinson, Rick Malambri, Adam Sevani, Alyson Stoner, Joe Slaughter",Jon M. Chu,"A tight-knit group of New York City street dancers, including Luke and Natalie, team up with NYU freshman Moose, and find themselves pitted against the world's best hip hop dancers in a high-stakes showdown that will change their lives forever.",Step Up 3D (2010),80222,3.2808823529411764,0.6561764705882352
39240,The Truth,2010-05-20,4.848,Thriller,"John Heard, Brendan Sexton III, Erin Cardillo, Daniel Baldwin, Erica Shaffer",Ryan Barton-Grimley,"When a couple is taken hostage in their home by an intruder, a simple home invasion robbery turns into something much more complicated...","Truth, The (2010) ",80233,1.8,0.36
38073,Going the Distance,2010-08-27,6.087,"Comedy, Drama, Romance","Drew Barrymore, Justin Long, Charlie Day, Jason Sudeikis, Christina Applegate",Nanette Burstein,"Erin and Garrett are very much in love. When Erin moves to San Francisco to finish her journalism degree and Garrett stays behind in New York to work in the music industry, they gamely keep the romance alive with webcams and frequent-flyer miles. But just when it seems the lovers will soon be reunited, they each score a big break that could separate them for good.",Going the Distance (2010),80241,3.145533141210375,0.629106628242075
44222,Four Stories of St. Julian,2010-08-24,5.0,"Crime, Thriller",Ky Evans,Shane Thueson,"Set entirely in one location, the film follows four strangers who become trapped in the elevator of St. Julian-a decrepit, inner-city building. An assassin, a religious zealot, a mother, and a thief...just moments after being confined, it becomes clear that one of them is mortally wounded. As the minutes tick by, a battle for survival ensues where each of them is forced to examine their sordid ties to St. Julian-the building, as well as the legacy of the religious figure.",Four Stories of St. Julian (2010) ,80271,2.0,0.4
40264,Vampires Suck,2010-08-18,4.372,"Comedy, Fantasy","Jenn Proske, Matt Lanter, Chris Riggi, Diedrich Bader, Anneliese van der Pol","Aaron Seltzer, Jason Friedberg","Becca, an anxious, non-vampire teen is torn between two boys. Before she can choose, Becca must get around her controlling father, who treats her like a child. Meanwhile, Becca's friends contend with their own romantic issues – all of which collide at the prom.",Vampires Suck (2010),80350,1.829512893982808,0.36590257879656163
35791,Resident Evil: Afterlife,2010-09-01,6.06,"Action, Adventure, Horror, Science Fiction","Milla Jovovich, Wentworth Miller, Ali Larter, Kim Coates, Kacey Barnfield",Paul W. S. Anderson,"In a world ravaged by a virus infection, turning its victims into the Undead, Alice continues on her journey to find survivors and lead them to safety. Her deadly battle with the Umbrella Corporation reaches new heights, but Alice gets some unexpected help from an old friend. A new lead that promises a safe haven from the Undead takes them to Los Angeles, but when they arrive the city is overrun by thousands of Undead - and Alice and her comrades are about to step into a deadly trap.",Resident Evil: Afterlife (2010),80363,3.053435114503817,0.6106870229007634
35716,Preacher's Kid,2010-01-29,6.1,"Drama, Family, Music","LeToya Luckett, Gregory Alan Williams, Sharif Atkins, Tank, Essence Atkins",Stan Foster,"Longing to experience more of life, twentysomething preacher's daughter Angie strikes out on her own for the very first time and joins a traveling gospel show.",Preacher's Kid (2010),80376,2.8333333333333335,0.5666666666666667
37645,22 Bullets,2010-03-23,6.7,"Drama, Crime, Thriller","Jean Reno, Kad Merad, Marina Foïs, Jean-Pierre Darroussin, JoeyStarr",Richard Berry,A retired mobster goes on a revenge spree after being left for dead with 22 bullets in his body by his former childhood friend.,22 Bullets (L'immortel) (2010),80398,3.2725631768953067,0.6545126353790613
60678,Princess,2010-09-10,5.774,Drama,"Katja Küttner, Samuli Edelmann, Krista Kosonen, Pirkka-Pekka Petelius, Peter Franzén",Arto Halonen,"Princess tells the true story of former cabaret dancer Anna Lappalainen's redemptive struggle with insanity, who checked in to Finland's Kellokoski Psychiatric Hospital in 1945.",Princess (Prinsessa) (2010),80454,3.039473684210526,0.6078947368421053
37799,The Social Network,2010-10-01,7.37,Drama,"Jesse Eisenberg, Andrew Garfield, Armie Hammer, Josh Pence, Justin Timberlake",David Fincher,"In 2003, Harvard undergrad and computer programmer Mark Zuckerberg begins work on a new concept that eventually turns into the global social network known as Facebook. Six years later, Mark is one of the youngest billionaires ever, but his unprecedented success leads to both personal and legal complications when he ends up on the receiving end of two lawsuits, one involving his former friend.","Social Network, The (2010)",80463,3.75406156477127,0.750812312954254
23168,The Town,2010-09-15,7.218,"Crime, Drama, Thriller","Ben Affleck, Jeremy Renner, Rebecca Hall, Jon Hamm, Blake Lively",Ben Affleck,"Doug MacRay is a longtime thief, who, smarter than the rest of his crew, is looking for his chance to exit the game. When a bank job leads to the group kidnapping an attractive branch manager, he takes on the role of monitoring her – but their burgeoning relationship threatens to unveil the identities of Doug and his crew to the FBI Agent who is on their case.","Town, The (2010)",80489,3.7439258312020463,0.7487851662404093
85819,Some Days Are Better Than Others,2011-06-03,4.4,Drama,"Carrie Brownstein, James Mercer, Cora Benesh, Luke Clements, Gabe Nevins",Matt McCormick,"Some Days are Better Than Others is a poetic, character-driven film that asks why the good times slip by so fast while the difficult times seem so sticky. The film explores ideas of abundance, emptiness, human connection and abandonment while observing an interweaving web of awkward characters who maintain hope by inventing their own forms of communication and self-fulfillment.",Some Days Are Better Than Others (2010),80498,3.0,0.6
37735,Easy A,2010-09-16,6.809,Comedy,"Emma Stone, Penn Badgley, Amanda Bynes, Dan Byrd, Thomas Haden Church",Will Gluck,"Olive, an average high school student, sees her below-the-radar existence turn around overnight once she decides to use the school's gossip grapevine to advance her social standing. Now her classmates are turning against her and the school board is becoming concerned, including her favorite teacher and the distracted guidance counselor. With the support of her hilariously idiosyncratic parents and a little help from a long-time crush, Olive attempts to take on her notorious new identity and crush the rumor mill once and for all.",Easy A (2010),80549,3.6287029288702928,0.7257405857740585
38167,Eat Pray Love,2010-08-12,6.245,"Drama, Romance","Julia Roberts, Javier Bardem, James Franco, Billy Crudup, Richard Jenkins",Ryan Murphy,"Liz Gilbert had everything a modern woman is supposed to dream of having – a husband, a house and a successful career – yet like so many others, she found herself lost, confused and searching for what she really wanted in life. Newly divorced and at a crossroads, Gilbert steps out of her comfort zone, risking everything to change her life, embarking on a journey around the world that becomes a quest for self-discovery. In her travels, she discovers the true pleasure of nourishment by eating in Italy, the power of prayer in India and, finally and unexpectedly, the inner peace and balance of true love in Bali.",Eat Pray Love (2010),80551,2.9258028792912514,0.5851605758582503
38568,Howl,2010-08-26,6.46,Drama,"James Franco, Todd Rotondi, Jon Prescott, Aaron Tveit, David Strathairn","Jeffrey Friedman, Rob Epstein","It's San Francisco in 1957, and an American masterpiece is put on trial. Howl, the film, recounts this dark moment using three interwoven threads: the tumultuous life events that led a young Allen Ginsberg to find his true voice as an artist, society's reaction (the obscenity trial), and mind-expanding animation that echoes the startling originality of the poem itself. All three coalesce in a genre-bending hybrid that brilliantly captures a pivotal moment-the birth of a counterculture.",Howl (2010),80553,3.39375,0.67875
45778,Camp Hell,2010-08-13,3.7,"Horror, Thriller","Will Denton, Bruce Davison, Christopher Denham, Connor Paolo, Valentina de Angelis",George VanBuskirk,"At the end of every summer, the children of a Christian community from a suburb of New Jersey attend Camp Hope. They travel deep into the woods far from any distractions the world provides. Here, the children are taught the ways of the Lord, the perils of the flesh, and the horror of the Devil. A charismatic priest leads them in their training. But, he unknowingly has brought something with him, something evil. What was supposed to be a safe place, a spiritual retreat has now turned into a nightmare that not even faith can end.",Camp Hell (2010),80557,2.9444444444444446,0.5888888888888889
43939,I'm Still Here,2010-09-10,5.974,"Music, Comedy, Drama","Joaquin Phoenix, Antony Langdon, Carey Perloff, Larry McHale, Casey Affleck",Casey Affleck,"I'm Still Here is a portrayal of a tumultuous year in the life of actor Joaquin Phoenix. With remarkable access, the film follows the Oscar-nominee as he announces his retirement from a successful film career in the fall of 2008 and sets off to reinvent himself as a hip-hop musician. The film is a portrait of an artist at a crossroads and explores notions of courage and creative reinvention, as well as the ramifications of a life spent in the public eye.",I'm Still Here (2010),80572,2.8488372093023258,0.5697674418604651
43949,Flipped,2010-08-06,8.012,"Romance, Drama","Madeline Carroll, Callan McAuliffe, Rebecca De Mornay, Anthony Edwards, John Mahoney",Rob Reiner,"When Juli meets Bryce in the second grade, she knows it's true love. After spending six years trying to convince Bryce the same, she's ready to give up - until he starts to reconsider.",Flipped (2010),80586,3.8440766550522647,0.768815331010453
44992,IMAX Hubble,2010-03-19,7.038,Documentary,Leonardo DiCaprio,Toni Myers,An IMAX 3D camera chronicles the effort of 7 astronauts aboard the Space Shuttle Atlantis to repair the Hubble Space Telescope.,IMAX: Hubble 3D (2010),80588,3.735294117647059,0.7470588235294118
33909,Wall Street: Money Never Sleeps,2010-09-20,6.087,"Drama, Crime","Michael Douglas, Shia LaBeouf, Josh Brolin, Carey Mulligan, Frank Langella",Oliver Stone,"As the global economy teeters on the brink of disaster, a young Wall Street trader partners with disgraced former Wall Street corporate raider Gordon Gekko on a two tiered mission: To alert the financial community to the coming doom, and to find out who was responsible for the death of the young trader's mentor.",Wall Street: Money Never Sleeps (2010),80590,3.0602836879432624,0.6120567375886525
41216,Legend of the Guardians: The Owls of Ga'Hoole,2010-07-10,6.816,"Animation, Adventure, Family, Fantasy","Jim Sturgess, Ryan Kwanten, Hugo Weaving, Helen Mirren, Geoffrey Rush",Zack Snyder,"When a young owl is abducted by an evil Owl army, he must escape with new-found friends and seek the legendary Guardians to stop the menace.",Legend of the Guardians: The Owls of Ga'Hoole (2010),80615,3.2193486590038316,0.6438697318007663
39691,Cats & Dogs: The Revenge of Kitty Galore,2010-07-29,5.198,"Family, Adventure, Comedy, Fantasy, Action","James Marsden, Nick Nolte, Christina Applegate, Bette Midler, Pascale Hutton",Brad Peyton,The ongoing war between the canine and feline species is put on hold when they join forces to thwart a rogue cat spy with her own sinister plans for conquest.,Cats & Dogs: The Revenge of Kitty Galore (2010),80617,2.0357142857142856,0.40714285714285714
72913,Amigo,2011-08-19,4.833,"Drama, History, War","Chris Cooper, Dane DeHaan, Garret Dillahunt, Ronnie Lazaro, Rio Locsin",John Sayles,"Rafael is a village mayor caught in the murderous crossfire of the Philippine-American War. When U.S. troops occupy his village, Rafael comes under pressure from a tough-as-nails officer to help the Americans in their hunt for Filipino guerilla fighters. But Rafael's brother is the head of the local guerillas, and considers anyone who cooperates with the Americans to be a traitor. Rafael quickly finds himself forced to make the impossible, potentially deadly decisions faced by ordinary civilians in an occupied country.",Amigo (2010),80655,3.5714285714285716,0.7142857142857143
40911,Monga,2010-02-05,6.6,Thriller,"Mark Chao, Ethan Juan, Ma Ju-Lung, Ko Chia-Yen, Rhydian Vaughan",Doze Niu Cheng-Tse,"Set in the 1980s, “Monga” centers on five boys (Mosquito, Monk, Dragon, White Monkey and A-Lan) who join the ""Gang of Princes"" who are tired of being pushed around. As the ""Gang of Princes"" rise in stature, they come into conflict with other gangs jealous of their rising power.",Monga (2010),80680,3.3125,0.6625
43923,It's Kind of a Funny Story,2010-10-08,7.0,"Comedy, Drama","Keir Gilchrist, Emma Roberts, Zach Galifianakis, Viola Davis, Lauren Graham","Anna Boden, Ryan Fleck",A clinically depressed teenager gets a new start after he checks himself into an adult psychiatric ward.,It's Kind of a Funny Story (2010),80693,3.6449004975124377,0.7289800995024875
159186,Just Like Us,2011-06-10,6.8,"Documentary, Comedy","Ahmed Ahmed, Ted Alexandro, Sherif Azab, Whitney Cummings, Tommy Davidson",Ahmed Ahmed,"The director takes us on a hilarious tour from Dubai to Beirut, Riyadh to New York with a gaggle of other stand-up talent. Along the way, taboos of culture and geopolitics are exploded, and a younger generation of both comedy talents and audiences is born.",Just Like Us (2010),80715,3.7857142857142856,0.7571428571428571
38961,Tamara Drewe,2010-07-14,5.865,"Comedy, Romance","Gemma Arterton, Roger Allam, Bill Camp, Dominic Cooper, Jessica Barden",Stephen Frears,"A young newspaper writer returns to her hometown in the English countryside, where her childhood home is being prepped for sale.",Tamara Drewe (2010),80775,3.0254777070063694,0.6050955414012739
45077,Every Day,2010-01-14,5.068,"Drama, Comedy, Romance","Liev Schreiber, Helen Hunt, Carla Gugino, Ezra Miller, David Harbour",Richard Levine,"Ned is in the throes of a mid-life crisis. His work as a writer on an outrageous, semi-pornographic TV show is less than satisfying. His fifteen year old son has just told him he is gay and his eleven year old is afraid of, well pretty much everything. When his wife, Jeannie, moves her sick and embittered father from Detroit into their home in NY, it puts added stress on an already strained marriage. And when a sexy female co-worker puts the moves on Ned, the temptation sends him spiraling.",Every Day (2010),80779,3.12,0.624
46198,My Girlfriend's Boyfriend,2010-04-22,5.7,"Romance, Comedy","Alyssa Milano, Christopher Gorham, Michael Landes, Tom Lenk, Beau Bridges",Daryn Tufts,"When Ethan arrives at the airport just in time to declare his undying love for his girlfriend, love appears to have conquered all. The scene, however, is really the ending of Ethan's novel, which his agent calls ""unrealistic."" Ethan soon meets a waitress, Jesse, and falls in love with her despite her growing devotion to Troy, a charming businessman. But the line between reality and fiction becomes increasingly blurred.",My Girlfriend's Boyfriend (2010),80820,3.2195121951219514,0.6439024390243903
41402,Let Me In,2010-10-01,6.791,"Drama, Horror, Mystery","Kodi Smit-McPhee, Chloë Grace Moretz, Richard Jenkins, Elias Koteas, Sasha Barrese",Matt Reeves,A bullied young boy befriends a young female vampire who lives in secrecy with her guardian.  A remake of the movie “Let The Right One In” which was an adaptation of a book.,Let Me In (2010),80831,3.580500894454383,0.7161001788908765
45745,Sintel,2010-09-30,7.393,"Animation, Fantasy","Halina Reijn, Thom Hoffman",Colin Levy,"A wandering warrior finds an unlikely friend in the form of a young dragon. The two develop a close bond, until one day the dragon is snatched away. She then sets out on a relentless quest to reclaim her friend, finding in the end that her quest exacts a far greater price than she had ever imagined.",Sintel (2010),80834,3.6160714285714284,0.7232142857142857
39486,Secretariat,2010-08-20,7.412,Drama,"Diane Lane, John Malkovich, Scott Glenn, Dylan Walsh, Fred Thompson",Randall Wallace,"Housewife and mother Penny Chenery agrees to take over her ailing father's Virginia-based Meadow Stables, despite her lack of horse-racing knowledge. Against all odds, Chenery - with the help of veteran trainer Lucien Laurin - manages to navigate the male-dominated business, ultimately fostering the first Triple Crown winner in 25 years.",Secretariat (2010),80839,3.7019417475728154,0.7403883495145631
44040,Devil,2010-09-16,6.095,"Horror, Mystery, Thriller","Chris Messina, Bojana Novaković, Jenny O'Hara, Logan Marshall-Green, Jacob Vargas",John Erick Dowdle,"A group of people are trapped in an elevator high above Philadelphia, and one of them is the devil.",Devil (2010),80846,2.980185497470489,0.5960370994940978
38303,You Again,2010-09-23,6.282,"Comedy, Romance","Kristen Bell, Jamie Lee Curtis, Sigourney Weaver, Odette Annable, Victor Garber",Andy Fickman,"History -- make that high school -- may repeat itself when Marni learns that Joanna, the mean girl from her past, is set to be her sister-in-law. Before the wedding bells toll, Marni must show her brother that a tiger doesn't change its stripes. On Marni's side is her mother, while Joanna's backed by her wealthy aunt.",You Again (2010),80858,2.9916666666666667,0.5983333333333334
38408,Life As We Know It,2010-10-02,6.9,"Comedy, Romance, Drama","Katherine Heigl, Josh Duhamel, Josh Lucas, Alexis Clagett, Brynn Clagett",Greg Berlanti,"After a disastrous first date for caterer Holly and network sports director Messer, all they have in common is a dislike for each other and their love for their goddaughter Sophie. But when they suddenly become all Sophie has in this world, Holly and Messer must set their differences aside. Juggling careers and social calendars, they'll have to find common ground while living under the same roof.",Life as We Know It (2010),80860,3.566270566727605,0.713254113345521
42296,Catfish,2010-09-17,6.822,Documentary,"Nēv Schulman, Ariel Schulman, Angela Wesselman-Pierce, Melody C. Roscher, Henry Joost","Henry Joost, Ariel Schulman","Nev, a 24-year-old New York-based photographer, has no idea what he's in for when Abby, an eight-year-old girl from rural Michigan, contacts him on Facebook, seeking permission to paint one of his photographs. When he receives her remarkable painting, Nev begins a friendship and correspondence with Abby's family. But things really get interesting when he develops a cyber-romance with Abby's attractive older sister, Megan, a musician and model. Prompted by some startling revelations about Megan, Nev and his buddies embark on a road trip in search of the truth.",Catfish (2010),80862,3.4408695652173913,0.6881739130434783
38031,You Will Meet a Tall Dark Stranger,2010-09-22,5.912,"Comedy, Drama, Romance","Antonio Banderas, Josh Brolin, Anthony Hopkins, Gemma Jones, Freida Pinto",Woody Allen,"Two married couples find only trouble and heartache as their complicated lives unfold. After 40 years of marriage, Alfie leaves his wife to pursue what he thinks is happiness with a call girl. His wife, Helena, reeling from abandonment, decides to follow the advice of a psychic. Sally, the daughter of Alfie and Helena, is unhappy in her marriage and develops a crush on her boss, while her husband, Roy, falls for a woman engaged to be married.",You Will Meet a Tall Dark Stranger (2010),80864,3.1082474226804124,0.6216494845360825
44113,Stone,2010-10-07,5.287,"Drama, Thriller, Action, Mystery","Robert De Niro, Edward Norton, Milla Jovovich, Frances Conroy, Enver Gjokaj",John Curran,"Parole officer Jack Mabry has only a few weeks left before retirement and wishes to finish out the cases he's been assigned. One such case is that of Gerald 'Stone' Creeson, a convicted arsonist who is up for parole. Jack is initially reluctant to indulge Stone in the coarse banter he wishes to pursue and feels little sympathy for the prisoner's pleads for an early release. Seeing little hope in convincing Jack himself, Stone arranges for his wife to seduce the officer, but motives and intentions steadily blur amidst the passions and buried secrets of the corrupted players in this deadly game of deception.",Stone (2010),80880,2.6644444444444444,0.5328888888888889
44639,Inside Job,2010-10-08,7.699,"Documentary, Crime","Matt Damon, William Ackman, Jonathan Alpert, Christine Lagarde, Daniel Alpert",Charles Ferguson,"A film that exposes the shocking truth behind the economic crisis of 2008. The global financial meltdown, at a cost of over $20 trillion, resulted in millions of people losing their homes and jobs. Through extensive research and interviews with major financial insiders, politicians and journalists, Inside Job traces the rise of a rogue industry and unveils the corrosive relationships which have corrupted politics, regulation and academia.",Inside Job (2010),80906,3.988,0.7976
43933,Monsters,2010-06-18,6.201,"Drama, Thriller, Science Fiction","Scoot McNairy, Whitney Able, Mario Zuniga Benavides, Annalee Jefferies, Justin Hall",Gareth Edwards,"Six years ago NASA discovered the possibility of alien life within our solar system. A probe was launched to collect samples, but crashed upon re-entry over Central America. Soon after, new life forms began to appear and half of Mexico was quarantined as an infected zone. Today, the American and Mexican military still struggle to contain ""the creatures,"" while a journalist agrees to escort a shaken tourist through the infected zone in Mexico to the safety of the U.S. border.",Monsters (2010),80917,3.303921568627451,0.6607843137254902
41994,David Cross: Bigger and Blackerer,2010-05-25,6.6,"Comedy, Documentary, TV Movie","David Cross, Mort Burke, Dean Crow, Todd Glass",Lance Bangs,"Bigger and Blackerer was taped during two shows, back-to-back on the same evening at Boston's Wilbur Theatre. Only by watching this video will you learn of Cross unique relationship with the deaf community, share his canny insights into the editorial machinations behind the Bible, and marvel at how well a bald, middle-aged white guy can fill out a pair of jeans.",David Cross: Bigger & Blackerer (2010),80928,3.4507575757575757,0.6901515151515152
45094,Conviction,2010-10-15,7.068,Drama,"Hilary Swank, Sam Rockwell, Minnie Driver, Melissa Leo, Peter Gallagher",Tony Goldwyn,"When Betty Anne Waters' older brother Kenny is arrested for murder and sentenced to life in 1983, Betty Anne, a Massachusetts wife and mother of two, dedicates her life to overturning the murder conviction. Convinced that her brother is innocent, Betty Anne puts herself through high school, college and, finally, law school in an 18 year quest to free Kenny. With the help of best friend Abra Rice, Betty Anne pores through suspicious evidence mounted by small town cop Nancy Taylor, meticulously retracing the steps that led to Kenny's arrest. Belief in her brother - and her quest for the truth - pushes Betty Anne and her team to uncover the facts and utilize DNA evidence with the hope of exonerating Kenny.",Conviction (2010),80939,3.5242290748898677,0.7048458149779735
42188,Never Let Me Go,2010-03-18,6.849,"Drama, Romance, Science Fiction","Carey Mulligan, Keira Knightley, Andrew Garfield, Izzy Meikle-Small, Ella Purnell",Mark Romanek,"As children, Kathy, Ruth, and Tommy spend their childhood at an idyllic and secluded English boarding school. As they grow into adults, they must come to terms with the complexity and strength of their love for one another while also preparing for the haunting reality awaiting them.",Never Let Me Go (2010),80969,3.656614785992218,0.7313229571984435
41201,The Illusionist,2010-06-16,7.25,"Animation, Drama","Jean-Claude Donda, Eilidh Rankin, Didier Gustin, Jil Aigrot, Jacques Tati",Sylvain Chomet,A French illusionist travels to Scotland to work. He meets a young woman in a small village. Their ensuing adventure in Edinburgh changes both their lives forever.,"Illusionist, The (L'illusionniste) (2010)",81018,3.6789383561643834,0.7357876712328767
46812,Lost Boys: The Thirst,2010-05-12,5.053,"Horror, Action, Comedy","Corey Feldman, Jamison Newlander, Tanit Phoenix, Casey B. Dolan, Sean Cameron Michael",Dario Piana,A mysterious fiend uses a designer drug to turn partiers at an all-night rave into his personal army of never-say-die bloodsuckers.,Lost Boys: The Thirst (2010),81080,2.1346153846153846,0.4269230769230769
46837,Kaboom,2010-10-06,5.572,"Comedy, Science Fiction, Mystery","Thomas Dekker, Haley Bennett, Chris Zylka, Roxane Mesquida, Juno Temple",Gregg Araki,"Smith, a typical young college student who likes partying and engaging in acts of random sex and debauchery, has been having some interesting dreams revolving around two gorgeous women -- and is shocked when he meets the dream girls in real life. Lorelei looks just like his fantasy brunette, while a mysterious red-haired girl being chased by assassins draws him into an international conspiracy. Or is it all just a drug-induced hallucination?",Kaboom (2010),81083,3.1184210526315788,0.6236842105263157
44549,Peepli Live,2010-08-13,7.3,"Drama, Comedy","Omkar Das Manikpuri, Raghubir Yadav, Malaika Shenoy, Nawazuddin Siddiqui, Sitaram Panchal",Anusha Rizvi,"Natha decides to commit suicide to get the farmers' compensation. However, the media and politicians learn about his intentions and descend on their village to capture the rare event.",Peepli Live (2010),81111,3.282608695652174,0.6565217391304348
45649,Rubber,2010-11-09,5.913,"Comedy, Drama, Fantasy, Horror, Mystery","Thomas F. Duffy, David Bowe, Stephen Spinella, Roxane Mesquida, Jack Plotnick",Quentin Dupieux,"A group of people gather in the California desert to watch a ""film"" set in the late 1990s featuring a sentient, homicidal car tire named Robert. The assembled crowd of onlookers watch as Robert becomes obsessed with a beautiful and mysterious woman and goes on a rampage through a desert town.",Rubber (2010),81132,2.9785202863961815,0.5957040572792363
39681,Seven Days,2010-06-22,6.283,"Drama, Horror, Thriller","Claude Legault, Rémy Girard, Martin Dubreuil, Fanny Mallette, Rose-Marie Coallier",Podz,"Like many happy people, Bruno Hamel is leading an uneventful life until one afternoon, when his daughter is raped and murdered. When the murderer is arrested, a terrible project germinates in Bruno's darkened mind. He plans to capture the ""monster"" and make him pay for his crime.",7 Days (Les 7 jours du talion) (2010),81138,3.3225806451612905,0.6645161290322581
41505,6 Souls,2010-03-27,6.0,"Horror, Mystery, Thriller","Julianne Moore, Jonathan Rhys Meyers, Jeffrey DeMunn, Frances Conroy, Nate Corddry","Björn Stein, Måns Mårlind",A female forensic psychiatrist discovers that all of one of her patient's multiple personalities are murder victims. She will have to find out what's happening before her time is finished.,6 Souls (Shelter) (2010),81140,3.074324324324324,0.6148648648648648
16290,Jackass 3D,2010-10-15,6.605,"Comedy, Documentary, Action","Johnny Knoxville, Bam Margera, Ryan Dunn, Steve-O, Chris Pontius",Jeff Tremaine,"Johnny Knoxville, Bam Margera, Steve-O, Wee Man and the rest of their fearless and foolhardy friends take part in another round of outrageous pranks and stunts. In addition to standing in the path of a charging bull, launching themselves into the air and crashing through various objects, the guys perform in segments such as ""Sweatsuit Cocktail,"" ""Beehive Tetherball"" and ""Lamborghini Tooth Pull.""",Jackass 3D (2010),81156,3.16078184110971,0.632156368221942
39312,Restrepo,2010-06-25,7.258,"War, Documentary","Juan ""Doc"" Restrepo, Dan Kearney, LaMonta Caldwell, Aron Hijar","Tim Hetherington, Sebastian Junger","Directors Hetherington and Junger spend a year with the 2nd Battalion of the United States Army located in one of Afghanistan's most dangerous valleys. The documentary provides insight and empathy on how to win the battle through hard work, deadly gunfights and mutual friendships while the unit must push back the Taliban.",Restrepo (2010),81158,3.745647969052224,0.7491295938104449
42307,Road Train,2010-05-28,4.027,"Horror, Thriller, Science Fiction","Xavier Samuel, Bob Morley, Georgina Haig, Sophie Lowe, David Argue",Dean Francis,A supernatural thriller about a group of teenagers menaced by a driver-less train in the Australian outback.,Road Kill (2010),81162,1.95,0.39
42941,30 Days of Night: Dark Days,2010-10-04,5.024,"Horror, Thriller","Kiele Sanchez, Mia Kirshner, Diora Baird, Rhys Coiro, Harold Perrineau",Ben Ketai,"After surviving the incidents in Barrow, Alaska, Stella Olemaun relocates to Los Angeles, where she intentionally attracts the attention of the local vampire population in order to avenge the death of her husband, Eben.",30 Days of Night: Dark Days (2010),81180,2.5777027027027026,0.5155405405405405
50475,No Mercy,2010-01-07,7.421,"Crime, Thriller, Mystery","Sul Kyung-gu, Ryoo Seung-bum, Han Hye-jin, Sung Ji-ru, Park Sang-wook",Kim Hyoung-jun,"Forensic pathologist Kang is assigned to examine the dismembered corpse of a female murder victim. Detective Min points to a fanatic environmentalist, Lee Sung-ho, as the primary suspect. But when Kang’s daughter is kidnapped, a manipulative game begins between Kang and Lee, who holds secrets about the homicide case.",No Mercy (Yongseoneun Eupda) (2010),81182,3.7857142857142856,0.7571428571428571
39440,"Waiting for ""Superman""",2010-09-24,6.9,Documentary,"Charles Adams, Jonathan Alter",Davis Guggenheim,"Gripping, heartbreaking, and ultimately hopeful, Waiting for Superman is an impassioned indictment of the American school system from An Inconvenient Truth director Davis Guggenheim.",Waiting for 'Superman' (2010),81191,3.661144578313253,0.7322289156626506
39514,RED,2010-10-13,6.701,"Action, Adventure, Comedy, Crime, Thriller","Bruce Willis, John Malkovich, Morgan Freeman, Helen Mirren, Mary-Louise Parker",Robert Schwentke,"After surviving an assault from a squad of hit men, retired CIA black ops agent Frank Moses reassembles his old team for an all-out war. Frank reunites with old Joe, crazy Marvin and wily Victoria to uncover a massive conspiracy that threatens their lives. Only their expert training will allow them to survive a near-impossible mission -- breaking into CIA headquarters.",Red (2010),81229,3.607571649883811,0.7215143299767621
44716,In a Better World,2010-08-26,7.125,Drama,"Mikael Persbrandt, Trine Dyrholm, Ulrich Thomsen, William Jøhnk Nielsen, Markus Rygaard",Susanne Bier,"The lives of two Danish families cross each other, and an extraordinary but risky friendship comes into bud. But loneliness, frailty and sorrow lie in wait.",In a Better World (Hævnen) (2010),81257,3.779552715654952,0.7559105431309904
43931,My Soul to Take,2010-10-08,5.487,"Horror, Mystery","Max Thieriot, John Magaro, Denzel Whitaker, Zena Grey, Nick Lashaway",Wes Craven,"On the day the Riverton Ripper vanished without a trace, seven children were born. Today, they're all turning 16... and turning up dead.",My Soul to Take (2010),81270,2.3105263157894735,0.4621052631578947
201646,My Kidnapper,2010-10-12,6.0,Documentary,,"Kate Horne, Mark Henderson",In 2003 Mark Henderson was one of eight backpackers taken hostage in Colombia. One year after his release one of his kidnappers contacted him by email. Now he's going back to meet him and finally close this chapter in his life.,My Kidnapper (2010),81330,3.375,0.675
41211,Heartbreaker,2010-03-17,6.628,"Romance, Comedy","Romain Duris, Vanessa Paradis, Julie Ferrier, François Damiens, Andrew Lincoln",Pascal Chaumeil,Alex and his sister run a business designed to break up relationships. They are hired by a rich man to break up the wedding of his daughter. The only problem is that they only have one week to do so.,Heartbreaker (L'Arnacoeur) (2010),81383,3.3947368421052633,0.6789473684210526
46332,Of Gods and Men,2010-09-08,6.661,"Drama, History","Lambert Wilson, Michael Lonsdale, Olivier Rabourdin, Philippe Laudenbach, Jacques Herlin",Xavier Beauvois,"A group of Trappist monks reside in the monastery of Tibhirine in Algeria, where they live in harmony with the largely muslim population. When a bloody conflict between Algeria's army and Muslim Jihadi insurgents disrupts the peace, they are forced to consider fleeing the monastery and deserting the villagers they have ministered to. In the face of deadly violence the monks wrestle with their faith and their convictions, eventually deciding to stay and help their neighbours keep the army and the insurgents at bay.",Of Gods and Men (Des hommes et des dieux) (2010),81385,3.4545454545454546,0.6909090909090909
41436,Paranormal Activity 2,2010-10-20,5.785,"Horror, Mystery","Sprague Grayden, Brian Boland, Molly Ephraim, Katie Featherston, Micah Sloat",Tod Williams,"Just as Daniel and Kristi welcome a newborn baby into their home, a demonic presence begins terrorizing them, tearing apart their perfect world and turning it into an inescapable nightmare.",Paranormal Activity 2 (2010),81417,2.8469055374592833,0.5693811074918567
46103,Born to Raise Hell,2010-10-19,4.655,Action,"Steven Seagal, Dan Badarau, Darren Shahlavi, D. Neil Mark, George Remes",Lauro David Chartrand-DelValle,"A hard core Interpol Agent is assigned to an Eastern European task force to target gun trafficking and dope running throughout the Balkans. While investigating a Russian gun dealer, his team is caught in a bloody street war between a Gypsy gang and the Russians, leaving one task force member dead. Fueled with vengeance, he leads us on an action packed thrill ride while avenging his friend's death.",Born to Raise Hell (2010),81427,1.8333333333333333,0.36666666666666664
48016,The Maze,2010-10-19,4.1,"Horror, Thriller","Shalaina Castle, Brandon Sean Pearson, Clare Niederpruem, Kyle Paul, Tye Nelson",Stephen Shimek,"Five friends break into a closed corn maze in the middle of the night and decide to play a harmless game of tag. Little do they know that a psychopathic killer has decided to play along. As they wander aimlessly through the maze the murderer follows closely behind, taunting them and watching their every move. The game turns deadly when the kids decide to separate and weaken their chances of survival. When the mutilated body of the maze owner is found they realize that something is terribly wrong. As they race to find the entrance of the maze, the murderer cleverly forces them to follow the path that he wants. Manipulating everyone to his vicious will, the killer taunts his victims and leads them further into the depths of the maze. After succumbing to hours of torture will anyone make it out of the maze...alive?","Maze, The (2010)",81429,2.4,0.48
48015,13Hrs,2010-08-28,4.338,"Horror, Action","Isabella Calthorpe, Tom Felton, Gemma Atkinson, Joshua Bowman, Peter Gadiot",Jonathan Glendening,"Sarah Tyler returns to her troubled family home in the isolated countryside, for a much put-off visit. As a storm rages outside, Sarah, her family and friends shore up for the night, cut off from the outside world. But something comes out of the driving rain and darkness. Something that holds a dark secret so devastating that, in one night, it could wipe out the entire family.",Night Wolf (2010),81451,2.3846153846153846,0.4769230769230769
51241,Heartbeats,2010-06-11,7.105,"Drama, Romance","Monia Chokri, Niels Schneider, Xavier Dolan, Anne Dorval, Anne-Élisabeth Bossé",Xavier Dolan,"Francis is a young gay man, Marie is a young straight woman and the two of them are best friends -- until the day the gorgeous Nicolas walks into a Montreal coffee shop. The two friends, instantly and equally infatuated, compete for Nicolas' indeterminate affections, a conflict that climaxes when the trio visit the vacation home of Nicolas' mother. The frothy comedy unfolds through narrative, fantasy sequences and confessional monologues.",Heartbeats (Les amours imaginaires) (2010),81456,3.681451612903226,0.7362903225806452
44603,Hereafter,2010-10-22,6.123,"Drama, Fantasy","Matt Damon, Cécile de France, Bryce Dallas Howard, Thierry Neuvic, Cyndi Mayo Davis",Clint Eastwood,"Three people — a blue-collar American, a French journalist and a London school boy — are touched by death in different ways.",Hereafter (2010),81512,3.0859232175502744,0.6171846435100549
41215,Black Death,2010-06-07,6.041,"Drama, History, Horror","Sean Bean, Eddie Redmayne, Carice van Houten, Kimberley Nixon, John Lynch",Christopher Smith,"As the plague decimates medieval Europe, rumours circulate of a village immune from the plague. There is talk of a necromancer who leads the village and is able to raise the dead. A fearsome knight joined by a cohort of soldiers and a young monk are charged by the church to investigate. Their journey is filled with danger, but it's upon entering the village that their true horror begins.",Black Death (2010),81516,3.0605095541401273,0.6121019108280255
38234,Undisputed III: Redemption,2010-04-17,7.537,"Action, Thriller, Crime, Drama","Scott Adkins, Mykel Shannon Jenkins, Mark Ivanir, Hristo Shopov, Marko Zaror",Isaac Florentine,"Russian inmate Boyka, now severely hobbled by the knee injury suffered at the end of Undisputed 2. No longer the feared prison fighter he was, he has declined so far that he is now good only for cleaning toilets. But when a new prison fight tournament begins - an international affair, matching the best fighters from prisons around the globe, enticing them with the promise of freedom for the winner - Boyka must reclaim his dignity and fight for his position in the tournament.",Undisputed III: Redemption (2010),81520,3.4574468085106385,0.6914893617021277
41439,Saw 3D,2010-10-22,5.981,"Horror, Crime","Tobin Bell, Costas Mandylor, Betsy Russell, Cary Elwes, Sean Patrick Flanery",Kevin Greutert,"As a deadly battle rages over Jigsaw's brutal legacy, a group of Jigsaw survivors gathers to seek the support of self-help guru and fellow survivor Bobby Dagen, a man whose own dark secrets unleash a new wave of terror.",Saw VII 3D - The Final Chapter (2010),81535,2.7259552042160737,0.5451910408432148
41733,Due Date,2010-11-03,6.385,"Comedy, Drama","Robert Downey Jr., Zach Galifianakis, Michelle Monaghan, Jamie Foxx, Juliette Lewis",Todd Phillips,"Peter Highman must scramble across the US in five days to be present for the birth of his first child. He gets off to a bad start when his wallet and luggage are stolen, and put on the 'no-fly' list. Peter embarks on a terrifying journey when he accepts a ride from an actor.",Due Date (2010),81537,3.1628706489041685,0.6325741297808337
44115,127 Hours,2010-11-12,7.085,"Adventure, Drama, Thriller","James Franco, Kate Mara, Amber Tamblyn, Clémence Poésy, Lizzy Caplan",Danny Boyle,The true story of mountain climber Aron Ralston's remarkable adventure to save himself after a fallen boulder crashes on his arm and traps him in an isolated canyon in Utah.,127 Hours (2010),81562,3.615000779666303,0.7230001559332606
38055,Megamind,2010-10-28,7.011,"Animation, Action, Comedy, Family, Science Fiction","Will Ferrell, Brad Pitt, Tina Fey, Jonah Hill, David Cross",Tom McGrath,"After Megamind, a highly intelligent alien supervillain, defeats his long-time nemesis Metro Man, Megamind creates a new hero to fight, but must act to save the city when his ""creation"" becomes an even worse villain than he was.",Megamind (2010),81564,3.561341075107698,0.7122682150215396
44214,Black Swan,2010-12-03,7.686,"Drama, Thriller, Horror","Natalie Portman, Mila Kunis, Vincent Cassel, Barbara Hershey, Winona Ryder",Darren Aronofsky,"The story of Nina, a ballerina in a New York City ballet company whose life, like all those in her profession, is completely consumed with dance. She lives with her retired ballerina mother Erica who zealously supports her daughter's professional ambition. When artistic director Thomas Leroy decides to replace prima ballerina Beth MacIntyre for the opening production of their new season, Swan Lake, Nina is his first choice.",Black Swan (2010),81591,3.7858622475401345,0.7571724495080269
49953,A Turtle's Tale: Sammy's Adventures,2010-08-04,6.028,"Animation, Family","Yuri Lowenthal, Gemma Arterton, Isabelle Fuhrman, Melanie Griffith, Tim Curry",Ben Stassen,"Born on a Baja, California beach in 1959, new hatchling Sammy races across the beach to the ocean while avoiding being caught by seagulls and crabs. Thus begins Sammy's incredible fifty-year ocean journey where he overcomes obstacles, both natural and man-made, while trying to fulfill his dream of travelling around the world. Along the way he meets his best friend, a fellow turtle named Ray, and never forgets about Shelly, a turtle he saved that first day on the beach and the one he's always loved.","Turtle's Tale: Sammy's Adventures, A (2010)",81637,2.95,0.5900000000000001
43943,Jack Goes Boating,2010-09-17,5.985,"Comedy, Drama, Romance","Philip Seymour Hoffman, Amy Ryan, John Ortiz, Daphne Rubin-Vega, Richard Petrocelli",Philip Seymour Hoffman,"A limo driver's blind date sparks a tale of love, betrayal, friendship and grace—centered around two working-class New York City couples.",Jack Goes Boating (2010),81639,3.277173913043478,0.6554347826086956
38363,Fair Game,2010-05-20,6.465,"Drama, Thriller","Naomi Watts, Sean Penn, Sam Shepard, Noah Emmerich, Michael Kelly",Doug Liman,"A devoted wife and mother leads a secret life as a CIA agent until her husband’s article exposes a scandal, putting her identity and loved ones at risk. As her world crumbles, she must navigate the fallout of her double life.",Fair Game (2010),81641,3.3886509635974305,0.6777301927194861
48466,Scared Shrekless,2010-10-28,6.696,"Animation, Comedy, Family","Mike Myers, Cameron Diaz, Antonio Banderas, Dean Edwards, Conrad Vernon",Gary Trousdale,"Shrek challenges Donkey, Puss in Boots and his other fairy tale character friends to spend the night in Lord Farquaad's haunted castle, telling scary stories to see who can resist becoming scared and stay the longest.",Scared Shrekless (2010),81711,3.05625,0.61125
38325,How I Ended This Summer,2010-04-01,6.45,"Drama, Thriller","Grigoriy Dobrygin, Sergey Puskepalis, Artyom Tsukanov, Igor Chernevich, Ilya Sobolev",Alexey Popogrebsky,"polar station on a desolate island in the Arctic Ocean. Sergei, a seasoned meteorologist, and Pavel, a recent college graduate, are spending months in complete isolation on the once strategic research base. Pavel receives an important radio message and is still trying to find the right moment to tell Sergei, when fear, lies and suspicions start poisoning the atmosphere...",How I Ended This Summer (Kak ya provyol etim letom) (2010),81725,3.4166666666666665,0.6833333333333333
103894,Thieves by Law,2010-04-22,5.9,,"Leonid Bilunov, Alimzhan Tokhtakhunov, Vitaly Demochka",Alexander Gentelev,Documentary about Russian Mafia.,Thieves by Law (Ganavim Ba Hok) (2010),81727,3.0833333333333335,0.6166666666666667
44571,The King of Fighters,2009-11-05,4.787,"Action, Thriller, Science Fiction","Monique Ganderton, Maggie Q, Sean Faris, Ray Park, Will Yun Lee",Gordon Chan,"The surviving members of three legendary fighting clans are whisked away to other dimensions by an evil power. As the fighters enter each new world, they battle that universe's native defenders, while the force that summoned them seeks to find a way to invade and infect our world.","King of Fighters, The (2010)",81744,1.8333333333333333,0.36666666666666664
38368,Uncle Boonmee Who Can Recall His Past Lives,2010-06-25,6.658,"Drama, Fantasy","Thanapat Saisaymar, Jenjira Pongpas, Sakda Kaewbuadee, Natthakarn Aphaiwonk, Geerasak Kulhong",Apichatpong Weerasethakul,"Suffering from acute kidney failure, Boonmee has chosen to spend his final days surrounded by his loved ones in the countryside. Surprisingly, the ghost of his deceased wife appears to care for him, and his long lost son returns home in a non-human form. Contemplating the reasons for his illness, Boonmee treks through the jungle with his family to a mysterious hilltop cave—the birthplace of his first life.",Uncle Boonmee Who Can Recall His Past Lives (Loong Boonmee raleuk chat) (2010),81751,3.477272727272727,0.6954545454545454
44048,Unstoppable,2010-11-04,6.602,"Action, Thriller","Denzel Washington, Chris Pine, Rosario Dawson, Kevin Dunn, Kevin Corrigan",Tony Scott,"When a massive, unmanned locomotive roars out of control, the threat is more ominous than just a derailment. The train is laden with toxic chemicals, and an accident would decimate human life and cause an environmental disaster. The only hope of bringing the train to a safe stop is in the hands of veteran engineer Frank Barnes, and young conductor Will Colson, who must risk their lives to save those in the runaway's path. Inspired by true events.",Unstoppable (2010),81782,3.3784634760705288,0.6756926952141058
38357,Morning Glory,2010-11-10,6.359,"Drama, Comedy, Romance","Rachel McAdams, Harrison Ford, Diane Keaton, Patrick Wilson, Jeff Goldblum",Roger Michell,"A young and devoted morning television producer is hired as an executive producer on a  long-running morning show at a once-prominent but currently failing station in New York City. Eager to keep the show on air, she recruits a former news journalist and anchor who disapproves of co-hosting a show that does not deal with real news stories.",Morning Glory (2010),81784,3.2691780821917806,0.6538356164383561
48303,Certified Copy,2010-05-19,6.999,"Drama, Romance","Juliette Binoche, William Shimell, Jean-Claude Carrière, Agathe Natanson, Gianna Giachetti",Abbas Kiarostami,"In Tuscany to promote his latest book, a middle-aged English writer meets a French woman who leads him to the village of Lucignano.",Certified Copy (Copie conforme) (2010),81786,3.642857142857143,0.7285714285714285
43539,The Next Three Days,2010-11-18,7.081,"Romance, Drama, Thriller, Crime","Russell Crowe, Elizabeth Banks, Brian Dennehy, RZA, Moran Atias",Paul Haggis,"A married couple's life is turned upside down when the wife is accused of murdering her boss. Her husband John would spend the next few years trying to get her released, but there's no evidence that negates the evidence against her. When the strain of being separated from her husband and son gets to her, John decides to find a way to break her out.","Next Three Days, The (2010)",81788,3.7184311224489797,0.7436862244897959
39210,Somewhere,2010-09-03,6.071,"Drama, Comedy","Stephen Dorff, Elle Fanning, Chris Pontius, Laura Chiatti, Lala Sloatman",Sofia Coppola,"After withdrawing to the Chateau Marmont, a passionless Hollywood actor reexamines his life when his eleven-year-old daughter surprises him with a visit.",Somewhere (2010),81791,3.262979683972912,0.6525959367945824
62103,Agnosia,2010-09-26,4.844,"Thriller, Drama","Félix Gómez, Eduardo Noriega, Martina Gedeck, Sergi Mateu, Jack Taylor",Eugenio Mira,"The protagonist is a young woman, Joan Prats suffering from agnosia, a strange, primary visual disease that is one of the neuropsychological disorders of perception. Although her eyes and ears are in perfect condition, her brain is not able to correctly interpret the stimuli it receives. Joan is the only person to know an industrial secret left behind by her late father and becomes the victim of a sinister plan to extract this information. Her captors plan to use her sensory condition to help extract the information that they so desperately want.",Agnosia (2010),81802,2.5,0.5
44147,Wild Target,2010-06-17,6.435,"Action, Comedy","Bill Nighy, Emily Blunt, Rupert Grint, Rupert Everett, Eileen Atkins",Jonathan Lynn,"Victor Maynard is a middle-aged, solitary assassin who lives to please his formidable mother, despite his own peerless reputation for lethal efficiency. His professional routine is interrupted when he finds himself drawn to one of his intended victims. After sparing her life, he unexpectedly acquires a young apprentice. Believing Victor to be a private detective, his two new companions tag along, while he attempts to thwart the murderous attentions of his unhappy client.",Wild Target (2010),81804,3.447841726618705,0.689568345323741
43434,Carlos,2010-07-07,6.96,"Crime, Drama, Thriller, History","Edgar Ramírez, Alexander Scheer, Nora Waldstätten, Talal Jurdi, Christoph Bach",Olivier Assayas,"The story of Venezuelan revolutionary, Ilich Ramirez Sanchez, who founded a worldwide terrorist organization and raided the OPEC headquarters in 1975 before being caught by the French police.",Carlos (2010),81817,3.753303964757709,0.7506607929515419
45958,Biutiful,2010-10-20,7.242,Drama,"Javier Bardem, Maricel Álvarez, Hanaa Bouchaib, Guillermo Estrella, Eduard Fernández",Alejandro González Iñárritu,"This is a story of a man in free fall. On the road to redemption, darkness lights his way. Connected with the afterlife, Uxbal is a tragic hero and father of two who's sensing the danger of death. He struggles with a tainted reality and a fate that works against him in order to forgive, for love, and forever.",Biutiful (2010),81819,3.629427792915531,0.7258855585831062
36940,The First Beautiful Thing,2010-01-15,7.263,"Comedy, Drama","Valerio Mastandrea, Micaela Ramazzotti, Stefania Sandrelli, Claudia Pandolfi, Marco Messeri",Paolo Virzì,"The film tells the story of the Michelucci family, from the nineteen-seventies to the present day: the central character is the stunningly beautiful Anna, the lively, frivolous and sometimes embarrassing mother of Bruno and Valeria. Everything begins in the Summer of 1971, at the annual Summer beauty pageant held at Livorno’s most popular bathing establishment. Anna is unexpectedly crowned “Most Beautiful Mother”, unwittingly stirring the violent jealousy of her husband. From then on, chaos strikes the family and for Anna, Bruno and his sister Valeria, it is the start of an adventure that will only end thirty years later.","First Beautiful Thing, The (La prima cosa bella) (2010)",81831,3.392857142857143,0.6785714285714286
12444,Harry Potter and the Deathly Hallows: Part 1,2010-11-17,7.738,"Adventure, Fantasy","Daniel Radcliffe, Emma Watson, Rupert Grint, Toby Jones, Helena Bonham Carter",David Yates,"Harry, Ron and Hermione walk away from their last year at Hogwarts to find and destroy the remaining Horcruxes, putting an end to Voldemort's bid for immortality. But with Harry's beloved Dumbledore dead and Voldemort's unscrupulous Death Eaters on the loose, the world is more dangerous than ever.",Harry Potter and the Deathly Hallows: Part 1 (2010),81834,3.8654379847719347,0.7730875969543869
45269,The King's Speech,2010-11-26,7.735,"Drama, History","Colin Firth, Geoffrey Rush, Helena Bonham Carter, Guy Pearce, Timothy Spall",Tom Hooper,"The King's Speech tells the story of the man who became King George VI, the father of Queen Elizabeth II. After his brother abdicates, George ('Bertie') reluctantly assumes the throne. Plagued by a dreaded stutter and considered unfit to be king, Bertie engages the help of an unorthodox speech therapist named Lionel Logue. Through a set of unexpected techniques, and as a result of an unlikely friendship, Bertie is able to find his voice and boldly lead the country into war.","King's Speech, The (2010)",81845,3.916974674880219,0.7833949349760438
38757,Tangled,2010-11-24,7.61,"Animation, Family, Adventure","Mandy Moore, Zachary Levi, Donna Murphy, Ron Perlman, M.C. Gainey","Byron Howard, Nathan Greno","Feisty teenager Rapunzel, who has long and magical hair, wants to go and see sky lanterns on her eighteenth birthday, but she's bound to a tower by her overprotective mother. She strikes a deal with Flynn Rider, a charming wanted thief, and the duo set off on an action-packed escapade.",Tangled (2010),81847,3.7333333333333334,0.7466666666666667
162643,Snow & Ashes,2010-05-16,3.2,"Drama, Thriller, War","Rhys Coiro, David-Alexandre Coiteux, Lina Roessler, Marina Eva, Nathalie Chepurniy",Charles-Olivier Michaud,"Blaise Dumas, war correspondent, covers an armed conflict in Eastern Europe. When he wakes from a temporary coma in his home town of Quebec City, Blaise discovers that his long time collaborator and photographer has not come back with him. He then sets out to recapture the events that led to his friend's disappearance and his own narrow escape from the war zone.",Snow and Ashes (2010),81906,3.5,0.7
45317,The Fighter,2010-12-10,7.379,Drama,"Mark Wahlberg, Christian Bale, Amy Adams, Melissa Leo, Mickey O'Keefe",David O. Russell,"Boxer ""Irish"" Micky Ward's unlikely road to the world light welterweight title. His Rocky-like rise was shepherded by half-brother Dicky, a boxer-turned-trainer who rebounded in life after nearly being KO'd by drugs and crime.","Fighter, The (2010)",81932,3.831931867184131,0.7663863734368263
41556,The Romantics,2010-09-10,4.94,"Drama, Romance","Katie Holmes, Anna Paquin, Josh Duhamel, Dianna Agron, Adam Brody",Galt Niederhoffer,"Alliances are tested when seven college pals reunite to watch two of their own say “I do” at a seaside wedding. But the maid of honor and the groom share a passionate history, and the bride isn’t the only one who’s wondering if it’s all in the past.","Romantics, The (2010)",81949,2.5,0.5
48871,Red: Werewolf Hunter,2010-10-30,4.3,"Fantasy, Horror, Action, Thriller","Felicia Day, Kavan Smith, Stephen McHattie, Greg Bryk, Rosemary Dunsmore",Sheldon Wilson,"The modern-day descendant of Little Red Riding Hood brings her fiancé home to meet her family and reveal their occupation as werewolf hunters, but after he is bitten by a werewolf, she must protect him from her own family.",Red: Werewolf Hunter (2010),81993,2.6,0.52
47088,The Extra Man,2010-08-01,5.755,Comedy,"Kevin Kline, Paul Dano, Katie Holmes, John C. Reilly, Dan Hedaya","Shari Springer Berman, Robert Pulcini",A man who escorts wealthy widows in New York's Upper East Side takes a young aspiring playwright under his wing.,"Extra Man, The (2010)",82005,2.8095238095238093,0.5619047619047619
49787,The Reef,2010-05-15,5.617,"Drama, Horror, Thriller","Damian Walshe-Howling, Zoe Naylor, Adrienne Pickering, Gyton Grantley, Kieran Darcy-Smith",Andrew Traucki,A great white shark hunts the crew of a capsized sailboat along the Great Barrier Reef.,"Reef, The (2010)",82022,2.991228070175439,0.5982456140350878
43924,The Tillman Story,2010-08-22,7.1,Documentary,"Josh Brolin, Mary Tillman, Russell Baer, Pat Tillman Sr., Philip Kensinger",Amir Bar-Lev,Pat Tillman never thought of himself as a hero. His choice to leave a multimillion-dollar football contract and join the military wasn't done for any reason other than he felt it was the right thing to do. The fact that the military manipulated his tragic death in the line of duty into a propaganda tool is unfathomable and thoroughly explored in Amir Bar-Lev's riveting and enraging documentary.,"Tillman Story, The (2010)",82037,3.6196319018404908,0.7239263803680982
45324,Casino Jack,2010-09-16,5.853,"Comedy, Crime, Drama","Kevin Spacey, Kelly Preston, Hannah Endicott-Douglas, Rachelle Lefevre, Barry Pepper",George Hickenlooper,"Based on a true story, a hot shot Washington DC lobbyist and his protégé go down hard as their schemes to peddle influence lead to corruption and murder.",Casino Jack (2010),82053,3.1271676300578033,0.6254335260115607
48838,London Boulevard,2010-11-10,5.883,"Drama, Crime","Colin Farrell, Keira Knightley, David Thewlis, Anna Friel, Ben Chaplin",William Monahan,A parolee falls for a reclusive movie star while trying to evade a ruthless gangster.,London Boulevard (2010),82093,3.160337552742616,0.6320675105485232
42684,Skyline,2010-11-11,5.017,"Science Fiction, Action, Thriller","Eric Balfour, Scottie Thompson, David Zayas, Donald Faison, Brittany Daniel","Colin Strause, Greg Strause","When strange lights descend on the city of Los Angeles, people are drawn outside like moths to a flame where an extraterrestrial force threatens to swallow the entire human population off the face of the Earth. Now the band of survivors must fight for their lives as the world unravels around them.",Skyline (2010),82095,2.260061919504644,0.4520123839009288
34764,Karthik Calling Karthik,2010-02-26,6.3,"Romance, Thriller","Farhan Akhtar, Deepika Padukone, Ram Kapoor, Shefali Shah, Vivan Bhatena",Vijay Lalwani,"A much abused loner achieves success, and even wins the heart of his gorgeous co-worker, after getting early morning mysterious phone calls from someone.",Karthik Calling Karthik (2010),82097,3.2954545454545454,0.6590909090909091
37234,Sex & Drugs & Rock & Roll,2010-01-08,6.278,Drama,"Andy Serkis, Tom Hughes, Olivia Williams, Naomie Harris, Bill Milner",Mat Whitecross,"A biography of Ian Dury, who was stricken with polio at a young age and defied expectations by becoming one of the founders of the punk-rock scene in Britain in the 1970s.",Sex & Drugs & Rock & Roll (2010),82102,3.608695652173913,0.7217391304347827
52320,Home for Christmas,2010-11-12,5.74,"Comedy, Drama","Nina Andresen Borud, Trond Fausa Aurvåg, Arianit Berisha, Joachim Calmeyer, Levi Henriksen",Bent Hamer,"Adapted from a series of short stories by Norwegian author Levi Henriksen, Bent Hamers Home for Christmas weaves together the lives of people struggling to find their way home on a Christmas Eve, beneath the colors of the Northern Lights. The plot unfolds during a few afternoon hours on Christmas Eve. The individual stories, which at times intertwine, are set in the small town Skogli. The characters in the stories cover a great range in age and life situations, representing both reconciliation with their own lives and strong frustration. Some show the will to understand and do something about their lives, while others have given up. Deeply tragic and melancholy aspects are mixed with humour and rather frivolous solutions.",Home for Christmas (Hjem til jul) (2010),82115,2.6666666666666665,0.5333333333333333
37690,Paathshaala,2010-04-16,4.9,"Drama, Family","Shahid Kapoor, Nana Patekar, Ayesha Takia, Sushant Singh, Saurabh Shukla",Milind Ukey,A new English school teacher ends up leading both teachers and students to revolt against the school management.,Get Educated: Paathshaala (2010),82154,1.6,0.32
43347,Love & Other Drugs,2010-11-22,7.039,"Drama, Comedy, Romance","Jake Gyllenhaal, Anne Hathaway, Oliver Platt, Hank Azaria, Josh Gad",Edward Zwick,"Maggie is an alluring free spirit who won't let anyone – or anything – tie her down. But she meets her match in Jamie, whose relentless and nearly infallible charm serves him well with the ladies and the cutthroat world of pharmaceutical sales. Maggie and Jamie's evolving relationship takes them both by surprise, as they find themselves under the influence of the ultimate drug: love.",Love and Other Drugs (2010),82167,3.3704188481675392,0.6740837696335078
10140,The Chronicles of Narnia: The Voyage of the Dawn Treader,2010-12-02,6.441,"Adventure, Family, Fantasy","Georgie Henley, Skandar Keynes, Ben Barnes, Will Poulter, Anna Popplewell",Michael Apted,"This time around Edmund and Lucy Pevensie, along with their pesky cousin Eustace Scrubb find themselves swallowed into a painting and on to a fantastic Narnian ship headed for the very edges of the world.","Chronicles of Narnia: The Voyage of the Dawn Treader, The (2010)",82169,3.3090128755364807,0.6618025751072961
47607,Tiny Furniture,2010-11-12,5.639,"Romance, Comedy, Drama","Lena Dunham, Laurie Simmons, Cyrus Dunham, Rachel Howe, Merritt Wever",Lena Dunham,"After graduating from film school, Aura returns to New York to live with her photographer mother, Siri, and her sister, Nadine, who has just finished high school. Aura is directionless and wonders where to go next in her career and her life. She takes a job in a restaurant and tries unsuccessfully to develop relationships with men, including Keith, a chef where she works, and cult Internet star Jed.",Tiny Furniture (2010),82173,3.2270531400966185,0.6454106280193237
80435,Lovers of Hate,2010-02-11,4.667,"Comedy, Drama","Chris Doubek, Heather Kafka, Alex Karpovsky, Zach Green",Bryan Poyser,Two rival brothers engage in the ultimate challenge when they compete for the affections of the same woman.,Lovers of Hate (2010),82175,3.25,0.65
37710,The Tourist,2010-12-08,6.182,"Action, Thriller, Romance","Johnny Depp, Angelina Jolie, Paul Bettany, Timothy Dalton, Steven Berkoff",Florian Henckel von Donnersmarck,"American tourist Frank meets mysterious British woman Elise on the train to Venice. Romance seems to bud, but there's more to her than meets the eye.","Tourist, The (2010)",82202,3.022349272349272,0.6044698544698545
48395,Rare Exports: A Christmas Tale,2010-12-03,6.203,"Fantasy, Horror","Onni Tommila, Jorma Tommila, Tommi Korpela, Rauno Juvonen, Per Christian Ellefsen",Jalmari Helander,"Young Pietari lives with his reindeer-herding father in arctic Finland. On the eve of Christmas, a nearby excavation makes a frightening discovery and an evil Santa Claus is unleashed…",Rare Exports: A Christmas Tale (Rare Exports) (2010),82242,3.428714859437751,0.6857429718875502
44982,13,2010-03-12,5.853,"Drama, Thriller","Sam Riley, Jason Statham, Mickey Rourke, Ray Winstone, 50 Cent",Gela Babluani,"A naive young man assumes a dead man's identity and finds himself embroiled in an underground world of power, violence, and chance where men gamble behind closed doors on the lives of other men.",13 (2010),82244,3.032258064516129,0.6064516129032258
44160,Honey,2010-04-09,6.8,Drama,"Bora Altaş, Erdal Beşikçioğlu, Tülin Özen, Alev Uçarer, Selami Gökce",Semih Kaplanoğlu,"In the remote and undeveloped eastern Black Sea region, a six-year-old boy (Yusuf) wanders through the woods searching for his lost father, trying to make sense of his life.His father is a beekeeper whose bees have disappeared unexpectedly, threatening his livelihood. A bizarre accident kills the father.There is little dialogue or music in the film. The three main characters (Yusuf and his parents) are all fairly taciturn, and the soundtrack is filled out with the sounds of the forest and the creatures that live there.The environment is a recurring theme.",Bal (Honey) (2010),82324,2.9318181818181817,0.5863636363636363
49901,Rammbock: Berlin Undead,2010-09-09,5.895,"Horror, Thriller","Michael Fuith, Theo Trebs, Anka Graczyk, Emily Cox, Katelijne Philips-Lebon",Marvin Kren,"When lovelorn Michael arrives in Berlin to return a set of keys to his ex-girlfriend, Gabi, as an excuse to see her again, he finds her apartment empty save for a couple of plumbers making repairs to the central heating. Just as Michael learns from the plumber’s apprentice, Harper, that Gabi has popped out for a while but will return soon, the apprentice is attacked by his boss who has unexpectedly and inexplicably transformed into a raging madman. Together, Michael and Harper manage to bundle the crazed plumber out of the apartment and barricade themselves safely inside. Within minutes, they find themselves trapped in apartment block under siege from a horde of similarly insane people, apparently hungry for human flesh.",Rammbock (2010),82360,3.231707317073171,0.6463414634146342
43919,Hatchet II,2010-10-01,5.518,"Horror, Comedy, Thriller","Danielle Harris, Kane Hodder, Tony Todd, Parry Shen, R.A. Mihailoff",Adam Green,"Picking up right where the original ended, Marybeth escapes the clutches of the swamp-dwelling killer Victor Crowley. After learning the truth about her family’s connection to the hatchet-wielding madman, Marybeth returns to the Louisiana swamps along with an army of hunters to recover the bodies of her family and exact the bloodiest revenge against the bayou butcher.",Hatchet II (2010),82366,2.857142857142857,0.5714285714285714
46503,All Good Things,2010-12-03,6.04,"Mystery, Thriller, Romance","Ryan Gosling, Kirsten Dunst, Frank Langella, Lily Rabe, Philip Baker Hall",Andrew Jarecki,"Newly-discovered facts, court records and speculation are used to elaborate the true love story and murder mystery of the most notorious unsolved murder case in New York history.",All Good Things (2010),82378,3.0640625,0.6128125
48833,Night Catches Us,2010-12-03,5.2,"Drama, Romance","Anthony Mackie, Kerry Washington, Wendell Pierce, Jamie Hector, Kevin C. Walls",Tanya Hamilton,"After growing up during the tumultuous 1960s, ex-Black Panther Marcus returns to his home in Philadelphia in 1976 and reconnects with Pat, the widow of a Panther leader. Marcus befriends Pat's young daughter and attempts to conquer his demons. Interfering with Marcus's good intentions are the neighborhood's continuing racial and social conflicts, as well as old enemies and friends -- both with scores to settle.",Night Catches Us (2010),82380,3.03125,0.60625
43930,"Tomorrow, When the War Began",2010-08-08,6.136,"Action, Adventure, Drama","Caitlin Stasey, Rachel Hurd-Wood, Phoebe Tonkin, Deniz Akdeniz, Lincoln Lewis",Stuart Beattie,"Ellie Linton, a teen from an Australian coastal town, leads her friends on an excursion to a camp deep in the woods, dubbed ""Hell."" Upon their return, the youths find that their town has been overrun by an enemy army, and their friends and family have been imprisoned. When the hostile invaders become alerted to their presence, Ellie and her friends band together to escape -- and strike back against -- this mysterious enemy.","Tomorrow, When the War Began (2010)",82447,3.161290322580645,0.632258064516129
46660,I Love You Too,2010-05-06,5.7,"Comedy, Drama, Romance","Brendan Cowell, Pete Helliar, Peter Dinklage, Travis McMahon, Yvonne Strahovski",Daina Reid,"Written by comedian Peter Helliar, I LOVE YOU TOO stars Brendan Cowell as Jim, a 30-something emotionally stunted man whose inability to declare his love to his girlfriend, Alice, threatens to cost him the best thing he ever had but leads him to befriend a talented dwarf who helps him find the words to get her back.",I Love You Too (2010),82449,2.6,0.52
44264,True Grit,2010-12-22,7.3,"Drama, Adventure, Western","Jeff Bridges, Hailee Steinfeld, Matt Damon, Josh Brolin, Barry Pepper","Joel Coen, Ethan Coen","Following the murder of her father by a hired hand, a 14-year-old farm girl sets out to capture the killer. To aid her, she hires the toughest U.S. Marshal she can find—a man with 'true grit'—Reuben J. 'Rooster' Cogburn.",True Grit (2010),82459,3.789282889533351,0.7578565779066702
20526,TRON: Legacy,2010-12-14,6.521,"Adventure, Action, Science Fiction","Garrett Hedlund, Olivia Wilde, Jeff Bridges, Bruce Boxleitner, James Frain",Joseph Kosinski,"Sam Flynn, the tech-savvy and daring son of Kevin Flynn, investigates his father's disappearance and is pulled into The Grid. With the help of a mysterious program named Quorra, Sam quests to stop evil dictator Clu from crossing into the real world.",Tron: Legacy (2010),82461,3.2770688321732404,0.6554137664346481
44009,Another Year,2010-11-05,6.989,"Drama, Comedy","Lesley Manville, Ruth Sheen, Jim Broadbent, Oliver Maltman, David Bradley",Mike Leigh,"During a year, a very content couple approaching retirement are visited by friends and family less happy with their lives.",Another Year (2010),82463,3.685344827586207,0.7370689655172413
42888,How Do You Know,2010-12-17,5.3,"Comedy, Drama, Romance","Reese Witherspoon, Paul Rudd, Owen Wilson, Jack Nicholson, Kathryn Hahn",James L. Brooks,"After being cut from the USA softball team and feeling a bit past her prime, Lisa finds herself evaluating her life and in the middle of a love triangle, as a corporate guy in crisis competes with her current, baseball-playing beau.",How Do You Know (2010),82499,2.7729885057471266,0.5545977011494253
46829,Barney's Version,2010-10-26,6.961,"Comedy, Drama","Paul Giamatti, Dustin Hoffman, Rosamund Pike, Minnie Driver, Scott Speedman",Richard J. Lewis,"The picaresque and touching story of the politically incorrect, fully lived life of the impulsive, irascible and fearlessly blunt Barney Panofsky.",Barney's Version (2010),82527,3.640378548895899,0.7280757097791798
44129,The Company Men,2010-10-21,6.522,Drama,"Ben Affleck, Tommy Lee Jones, Chris Cooper, Kevin Costner, Maria Bello",John Wells,"Bobby Walker lives the proverbial American dream: great job, beautiful family, shiny Porsche in the garage. When corporate downsizing leaves him and two co-workers jobless, the three men are forced to re-define their lives as men, husbands and fathers.","Company Men, The (2010)",82534,3.3762541806020065,0.6752508361204013
49797,I Saw the Devil,2010-08-12,7.797,"Thriller, Horror","Lee Byung-hun, Choi Min-sik, Jeon Kuk-hwan, Cheon Ho-jin, Oh San-ha",Kim Jee-woon,"Kyung-chul is a dangerous psychopath who kills for pleasure. Soo-hyeon, a top-secret agent, decides to track down the murderer himself. He promises himself that he will do everything in his power to take vengeance against the killer, even if it means that he must become a monster himself.",I Saw the Devil (Akmareul boatda) (2010),82667,3.7853634577603144,0.7570726915520629
41283,Faster,2010-11-23,6.343,"Crime, Drama, Action, Thriller","Dwayne Johnson, Billy Bob Thornton, Oliver Jackson-Cohen, Maggie Grace, Carla Gugino",George Tillman Jr.,"After 10 years in prison, Driver is now a free man with a single focus - hunting down the people responsible for brutally murdering his brother.",Faster (2010),82744,3.1151515151515152,0.623030303030303
35138,Little Big Soldier,2010-02-14,6.883,"Action, Comedy, Adventure","Jackie Chan, Leehom Wang, Steve Yoo, Lin Peng, Du Yuming",Ding Sheng,"The story of a farmer forced into conscription, who has been looking to get out of the army ever since. His great chance arrives when he stumbles upon a wounded general from an enemy state, and he kidnaps him, intending to claim credit for the capture, which includes five acres of land, and most importantly, honorable discharge from the army.",Little Big Soldier (Da bing xiao jiang) (2010),82765,3.5303030303030303,0.706060606060606
27585,Rabbit Hole,2010-12-16,6.656,Drama,"Nicole Kidman, Aaron Eckhart, Dianne Wiest, Miles Teller, Tammy Blanchard",John Cameron Mitchell,Life for a happy couple is turned upside down after their young son dies in an accident.,Rabbit Hole (2010),82767,3.455421686746988,0.6910843373493976
39451,Little Fockers,2010-12-21,5.656,"Comedy, Romance","Robert De Niro, Ben Stiller, Owen Wilson, Dustin Hoffman, Barbra Streisand",Paul Weitz,"It has taken 10 years, two little Fockers with wife Pam and countless hurdles for Greg to finally get in with his tightly wound father-in-law, Jack. After the cash-strapped dad takes a job moonlighting for a drug company, Jack's suspicions about his favorite male nurse come roaring back. When Greg and Pam's entire clan descends for the twins' birthday party, Greg must prove to the skeptical Jack that he's fully capable as the man of the house.",Little Fockers (2010),82852,2.6775741710296685,0.5355148342059337
38745,Gulliver's Travels,2010-12-23,5.207,"Family, Comedy, Adventure, Fantasy","Jack Black, Jason Segel, Emily Blunt, Amanda Peet, Billy Connolly",Rob Letterman,"Travel writer Lemuel Gulliver takes an assignment in Bermuda, but ends up on the island of Liliput, where he towers over its tiny citizens.",Gulliver's Travels (2010),82854,2.3416,0.46832
48748,Klown,2010-12-16,6.465,Comedy,"Casper Christensen, Frank Hvam, Iben Hjejle, Mia Lyhne, Marcuz Jess Petersen",Mikkel Nørgaard,"Frank is left with the responsibility for his nephew Bo on an already planned canoe trip. Frank's mate Casper is also coming along. Weighed down a with their obligation, Frank and Casper nevertheless look forward to ending the trip at Skanderborg Festival where there's plenty there for the guys, a spree of drinking and women. Not the best example to set for young Bo. And how do their partners see it all?",Klown: The Movie (Klovn) (2010),82926,3.654320987654321,0.7308641975308642
52208,Nude Nuns with Big Guns,2010-09-24,4.29,"Thriller, Action, Comedy","Asun Ortega, Bill Oberst Jr., Ivet Corvea, Devanny Pinn, Tawny Amber Young",Joseph Guzman,"Upon taking her vows to become a nun, Sister Sarah is abused, brainwashed and also drugged into submission by the corrupt clergy. On the verge of her own death from a lethal dose of drugs, Sister Sarah receives a message from God telling her to take vengeance on all those who did wrong to her. Armed with God's will and an arsenal of big guns, she dispenses Judgment Day on her former tormentors. When the church hires the merciless motorcycle gang ""Los Muertos"" to track down and to kill her they soon realize that this sister is one bad mother.",Nude Nuns with Big Guns (2010),82928,2.4571428571428573,0.49142857142857144
56812,The Last Circus,2010-12-17,6.678,"Adventure, Comedy, Drama, Horror, Thriller","Carlos Areces, Carolina Bang, Antonio de la Torre, Manuel Tallafé, Enrique Villén",Álex de la Iglesia,"A trapeze artist must decide between her lust for Sergio, the Happy Clown, or her affection for Javier, the Sad Clown, both of whom are deeply disturbed.","Last Circus, The (Balada triste de trompeta) (Sad Trumpet Ballad, A) (2010)",82931,3.3055555555555554,0.6611111111111111
56320,The Scientist,2010-04-16,5.5,"Drama, Science Fiction","Bill Sage, Adam LeFevre, Jamie Elman, Brittany Benjamin, Daniela Lavender",Zach LeBeau,A reclusive physicist creates an infinite-energy machine in his basement that changes his life and all those around him.,"Scientist, The (2010)",83006,3.625,0.725
33107,And Soon the Darkness,2010-02-25,5.223,"Mystery, Thriller","Amber Heard, Odette Annable, Karl Urban, César Vianco, Michel Noher",Marcos Efron,"When two American girls on a bike trip in a remote part of Argentina split up and one of them goes missing, the other must find her before her worst fears are realized.",And Soon the Darkness (2010),83067,2.7452830188679247,0.5490566037735849
42297,Burlesque,2010-11-23,7.204,"Drama, Romance","Cher, Christina Aguilera, Cam Gigandet, Kristen Bell, Stanley Tucci",Steve Antin,"Ali leaves behind a troubled life and follows her dreams to Los Angeles, where she lands a job as a cocktail waitress at the Burlesque Lounge, a once-majestic theater that houses an inspired musical revue. Vowing to perform there, she makes the leap from bar to stage, helping restore the club's former glory.",Burlesque (2010),83086,3.36744966442953,0.6734899328859061
82622,Violet Tendencies,2010-04-24,4.875,"Comedy, Drama, Romance","Mindy Cohn, Marcus Patrick, Jesse Archer, Samuel Whitten, Casper Andreas",Casper Andreas,A woman tries to distance herself from her gay friends in an effort to land a straight boyfriend.,Violet Tendencies (2010),83089,3.375,0.675
51739,The Secret World of Arrietty,2010-07-16,7.662,"Fantasy, Animation, Family","Mirai Shida, Ryunosuke Kamiki, Tomokazu Miura, Keiko Takeshita, Kirin Kiki",Hiromasa Yonebayashi,"14-year-old Arrietty and the rest of the Clock family live in peaceful anonymity as they make their own home from items ""borrowed"" from the house's human inhabitants. However, life changes for the Clocks when a human boy discovers Arrietty.","Secret World of Arrietty, The (Kari-gurashi no Arietti) (2010)",83132,3.8056265984654734,0.7611253196930947
46838,Tucker and Dale vs. Evil,2010-01-22,7.389,"Comedy, Horror","Tyler Labine, Alan Tudyk, Katrina Bowden, Jesse Moss, Philip Granger",Eli Craig,"Two hillbillies are suspected of being killers by a group of paranoid college kids camping near the duo's West Virginian cabin. As the body count climbs, so does the fear and confusion as the college kids try to seek revenge against the pair.",Tucker & Dale vs Evil (2010),83134,3.829950031230481,0.7659900062460963
38409,Erasing David,2009-01-01,6.1,Documentary,,David Bond,"David Bond lives in one of the most intrusive surveillance states in the world. He decides to find out how much private companies and the government know about him by putting himself under surveillance and attempting to disappear, a decision that changes his life forever. Leaving his pregnant wife and young child behind, he is tracked across the database state on a chilling journey that forces him to contemplate the meaning of privacy and the loss of it.",Erasing David (2010),83138,2.7222222222222223,0.5444444444444445
41515,Yogi Bear,2010-12-17,5.6,"Comedy, Family, Animation, Adventure","Dan Aykroyd, Justin Timberlake, Anna Faris, Tom Cavanagh, T.J. Miller",Eric Brevig,"A documentary filmmaker travels to Jellystone Park to shoot a project and soon crosses paths with Yogi Bear, his sidekick Boo-Boo, and Ranger Smith.",Yogi Bear (2010),83177,2.197530864197531,0.43950617283950616
50420,Countdown to Zero,2010-01-25,6.4,Documentary,"Gary Oldman, Graham Allison, James Baker III, Bruce Blair, Tony Blair",Lucy Walker,"Although the Cold War is behind us, the threat of nuclear disaster remains very real. Director Lucy Walker discusses the invention of the atomic bomb and brings the story into the present day, examining the possibility of nuclear calamity under the categories of ""Madness,"" ""Accident"" and ""Miscalculation."" With narration by Gary Oldman, the film includes a hypothetical sequence of a nuclear explosion in New York City's Times Square, timed to coincide with the New Year's Eve countdown.",Countdown to Zero (2010),83180,3.1904761904761907,0.6380952380952382
52696,Band Baaja Baaraat,2010-12-10,6.625,"Comedy, Drama, Romance","Ranveer Singh, Anushka Sharma, Neeraj Sood, Puru Chibber, Manish Chaudhary",Maneesh Sharma,"Shruti and Bittoo decide to start a wedding planning company together after they graduate from university, but romance gets in the way of business.",Band Baaja Baaraat (2010),83264,3.4935897435897436,0.6987179487179487
46138,Made in Dagenham,2010-10-01,6.684,"Comedy, Drama, History","Sally Hawkins, Bob Hoskins, Miranda Richardson, Geraldine James, Rosamund Pike",Nigel Cole,"A dramatization of the 1968 strike at the Ford Dagenham car plant, where female workers walked out in protest against sexual discrimination.",Made in Dagenham (2010),83270,3.609004739336493,0.7218009478672986
46689,Waste Land,2010-01-24,7.566,Documentary,Vik Muniz,Lucy Walker,"An uplifting feature documentary highlighting the transformative power of art and the beauty of the human spirit. Top-selling contemporary artist Vik Muniz takes us on an emotional journey from Jardim Gramacho, the world's largest landfill on the outskirts of Rio de Janeiro, to the heights of international art stardom. Vik collaborates with the brilliant catadores, pickers of recyclable materials, true Shakespearean characters who live and work in the garbage quoting Machiavelli and showing us how to recycle ourselves.",Waste Land (2010),83293,3.8470149253731343,0.7694029850746269
23830,Last Night,2010-11-05,6.136,"Drama, Romance","Keira Knightley, Sam Worthington, Eva Mendes, Guillaume Canet, Griffin Dunne",Massy Tadjedin,"Michael and Joanna are a young and successful married couple who appear to have it all. But when Michael finds himself alone on a business trip with an attractive new colleague and Joanna encounters the other great love of her life, each is thrust into an evening of temptation.",Last Night (2010),83302,3.4316239316239314,0.6863247863247863
53079,Who Is Harry Nilsson (And Why Is Everybody Talkin' About Him?),2010-10-26,7.1,"Documentary, Music","Harry Nilsson, Richard Perry, Doug Hoefer, Jimmy Webb, Micky Dolenz",John Scheinfeld,The life and work of the enigmatic singer-songwriter Harry Nilsson.,Who Is Harry Nilsson (And Why Is Everybody Talkin' About Him?) (2010),83332,3.7341772151898733,0.7468354430379747
49009,The Way Back,2010-11-22,6.996,"Drama, Adventure, History","Ed Harris, Jim Sturgess, Saoirse Ronan, Colin Farrell, Mark Strong",Peter Weir,"A small band of multicultural convicts stages a daring escape from a WWII-era Siberian gulag, and embarks on a treacherous journey across five countries in a desperate race for freedom and survival.","Way Back, The (2010)",83369,3.587848932676519,0.7175697865353038
46528,The Warrior's Way,2010-12-01,6.56,"Adventure, Fantasy, Action, Western, Thriller","Jang Dong-gun, Kate Bosworth, Geoffrey Rush, Danny Huston, Ti Lung",Lee Seung-moo,A warrior-assassin is forced to hide in a small town in the American Badlands after refusing a mission.,"Warrior's Way, The (2010)",83374,3.134020618556701,0.6268041237113402
50618,Fortress of War,2010-11-04,7.241,"War, Drama, History, Action","Andrey Merzlikin, Pavel Derevyanko, Veronika Nikonova, Evgeny Tsyganov, Anna Tsukanova-Kott",Aleksandr Kott,"The film covers the heroic defence of the Brest Fortress, which was attacked during the first strike of German invaders on June 22 1941. The story describes the events of the first days of the defence, including the three main resistance zones, headed by the regiment commander, Pyotr Mikhailovich Gavrilov, the commissar Efim Moiseevich Fomin and the head of the 9th frontier outpost, Andrey Mitrofanovich Kizhevatov. Many years later veteran Alexander Akimov again recalls the memories of the time, when he, then a 15 year old Sasha Akimov was deeply in love with the beautiful Anya and suddenly found himself in the middle of the bloody events of war.",Brest Fortress (Brestskaya krepost) (2010),83450,3.923076923076923,0.7846153846153846
43209,Ong Bak 3,2010-05-05,6.037,"Action, Adventure, History","Tony Jaa, Primrata Dej-Udom, Dan Chupong, Nirut Sirijanya, Petchtai Wongkamlao","Panna Rittikrai, Tony Jaa","Tien is captured and almost beaten to death before he is saved and brought back to the Kana Khone villagers. There he is taught meditation and how to deal with his Karma, but very soon his arch rival returns challenging Tien for a final duel.",Ong-Bak 3: The Final Battle (Ong Bak 3) (2010),83478,2.8819444444444446,0.576388888888889
45284,Outrage,2010-05-17,6.871,"Action, Adventure, Crime, Thriller, Drama","Takeshi Kitano, Kippei Shiina, Ryo Kase, Tomokazu Miura, Fumiyo Kohinata",Takeshi Kitano,"When a tough yakuza gangster is betrayed by his bosses, it means all out war. Bodies pile up as he takes out everyone in his way to the top in a brutal quest for revenge.",Outrage (Autoreiji) (2010),83525,3.424,0.6848
49073,Just Like Me,2010-08-12,5.5,Comedy,"Adrián Suar, Florencia Bertotti, Claudia Fontán, Gabriel Chame Buendía, Ana María Castel",Diego Kaplan,"Refused to face his adulthood, a Casanova must deal with the fact that he has a young pregnant daughter from an earlier relationship.",Just Like Me (Igualita a Mi) (2010),83619,2.8333333333333335,0.5666666666666667
58772,A Film Unfinished,2010-08-18,6.4,"History, Documentary","Alexander Beyer, Rüdiger Vogler",Yael Hersonski,"Yael Hersonski's powerful documentary achieves a remarkable feat through its penetrating look at another film-the now-infamous Nazi-produced film about the Warsaw Ghetto. Discovered after the war, the unfinished work, with no soundtrack, quickly became a resource for historians seeking an authentic record, despite its elaborate propagandistic construction. The later discovery of a long-missing reel complicated earlier readings, showing the manipulations of camera crews in these ""everyday"" scenes. Well-heeled Jews attending elegant dinners and theatricals (while callously stepping over the dead bodies of compatriots) now appeared as unwilling, but complicit, actors, alternately fearful and in denial of their looming fate.","Film Unfinished, A (Shtikat Haarchion) (2010)",83801,3.40625,0.68125
40619,Day & Night,2010-06-17,7.703,"Animation, Family, Comedy",Wayne Dyer,Teddy Newton,"When Day, a sunny fellow, encounters Night, a stranger of distinctly darker moods, sparks fly! Day and Night are frightened and suspicious of each other at first, and quickly get off on the wrong foot. But as they discover each other's unique qualities--and come to realize that each of them offers a different window onto the same world-the friendship helps both to gain a new perspective.",Day & Night (2010),83803,3.7740303541315345,0.7548060708263069
52013,Marwencol,2010-03-12,7.2,Documentary,"Mark Hogancamp, Emmanuel Nneji, Edda Hogancamp, Tom Neubauer, Julie Swarthout",Jeff Malmberg,"After a vicious attack leaves him brain-damaged and broke, Mark Hogancamp seeks recovery in ""Marwencol"", a 1/6th scale World War II-era town he creates in his backyard.",Marwencol (2010),83827,3.7547169811320753,0.750943396226415
111239,Edge,2010-10-23,6.0,"Action, Thriller","Maxine Peake, Joe Dempsie, Nichola Burley, Julie T. Wallace, Marjorie Yates",Carol Morley,"A hotel. A cliff. Six lost people, looking for something, or looking to lose themselves.","Edge, The (Kray) (2010)",83842,2.789473684210526,0.5578947368421052
55061,Frankie & Alice,2010-12-10,5.976,"Drama, Thriller","Halle Berry, Stellan Skarsgård, Phylicia Rashād, Chandra Wilson, Adrian Holmes",Geoffrey Sax,A drama centered on a go-go dancer with multiple personality disorder who struggles to remain her true self and begins working with a psychotherapist to uncover the mystery of the inner ghosts that haunt her.,Frankie and Alice (2010),83912,2.7580645161290325,0.5516129032258065
63578,The Trip,2011-04-24,6.643,"Comedy, Drama","Steve Coogan, Rob Brydon, Claire Keelan, Margo Stilley, Paul Popplewell",Michael Winterbottom,"When Steve Coogan is asked by The Observer to tour the country's finest restaurants, he envisions it as the perfect getaway with his beautiful girlfriend. But, when she backs out on him, he has no one to accompany him but his best friend and source of eternal aggravation, Rob Brydon.","Trip, The (2010)",83976,3.5783847980997625,0.7156769596199525
48752,2012: Time for Change,2010-10-08,6.1,Documentary,"Daniel Pinchbeck, Maude Barlow, Ariane Burgess, Gerald Celente, Policarpo Chaj",Joao G. Amorim,2012: Time For Change is a documentary feature that presents ways to transform our unsustainable society into a regenerative planetary culture. This can be achieved through a personal and global change of consciousness and the systemic implementation of ecological design.,2012: Time for Change (2010),84017,3.75,0.75
47055,Cool It,2010-11-08,6.4,Documentary,"Bjørn Lomborg, Hashem Akbari, Al Gore, James Hansen, Barack Obama",Ondi Timoner,A documentary that takes an alternative approach to dealing with the global warming crisis.,Cool It (2010),84019,3.3214285714285716,0.6642857142857144
47909,Poetry,2010-05-13,7.553,Drama,"Yoon Jeong-hee, David Lee, Kim Hee-ra, Ahn Nae-sang, Kim Yong-taek",Lee Chang-dong,A South Korean woman in her sixties enrolls in a poetry class as she grapples with her faltering memory and her grandson's appalling wrongdoing.,Poetry (Shi) (2010),84116,3.8295454545454546,0.7659090909090909
55151,"Tuesday, After Christmas",2010-09-17,6.348,"Drama, Romance","Mimi Brănescu, Maria Popistașu, Mirela Oprișor, Dragoș Bucur, Victor Rebengiuc",Radu Muntean,"Paul Hanganu loves two women. Adriana his wife and the mother of their daughter, the woman with whom he's shared the thrills of the past ten years, and Raluca the woman who has made him redefine himself. He has to leave one of them before Christmas.","Tuesday, After Christmas (Marti, dupa craciun) (2010)",84128,3.5,0.7
45202,The Housemaid,2010-05-13,6.35,"Thriller, Drama","Jeon Do-yeon, Lee Jung-jae, Seo Woo, Youn Yuh-jung, Park Ji-young",Im Sang-soo,Eun-yi is hired as a maid in a mansion owned by a wealthy businessman. He quickly starts seducing his employee who seemingly has little choice but to comply with his sexual advances. Soon the women of the family plot against Eun-yi who must fight an equally devious battle to protect herself.,"Housemaid, The (Hanyo) (2010)",84137,3.290909090909091,0.6581818181818182
89704,Happy People: A Year in the Taiga,2010-09-03,7.267,Documentary,"Werner Herzog, Gennady Soloviev, Anatoly Blumei, Gennady Tiganov, Mikhail Tarkovsky","Werner Herzog, Dmitry Vasyukov","In the center of the story is the life of the indigenous people of the village Bakhtia at the river Yenisei in the Siberian Taiga. The camera follows the protagonists in the village over a period of a year. The natives, whose daily routines have barely changed over the last centuries, keep living their lives according to their own cultural traditions.",Happy People: A Year in the Taiga (2010),84156,3.9120603015075375,0.7824120603015075
52461,Carrie Fisher: Wishful Drinking,2010-12-10,7.4,"Documentary, Comedy",Carrie Fisher,"Randy Barbato, Fenton Bailey","""Wishful Drinking"" is based on Fisher's memoirs of the same title. The stage adaptation had its world premiere in 2006 at the Geffen Playhouse in L.A. It later played at Berkeley Repertory before opening on Broadway in October at Studio 54. The show takes audiences on a comic tour of Fisher's messy personal life and career. The actress-writer recounts stories about her work on the ""Star Wars"" series as well as her relationship with her parents Eddie Fisher and Debbie Reynolds. She also discusses her much-publicized problems with alcohol and drugs.",Wishful Drinking (2010),84160,3.159090909090909,0.6318181818181818
43947,I Spit on Your Grave,2010-06-17,6.513,"Thriller, Crime, Horror","Sarah Butler, Jeff Branson, Tracey Walter, Andrew Howard, Chad Lindberg",Steven R. Monroe,"A beautiful woman from the city, Jennifer Hills, rents an isolated cabin in the country to write her latest novel. Soon, a group of local lowlifes subject her to a nightmare of degradation, rape, and violence.",I Spit on Your Grave (2010),84189,3.097297297297297,0.6194594594594595
55165,Simple Simon,2010-09-03,7.242,"Comedy, Drama","Bill Skarsgård, Martin Wallström, Cecilia Forss, Sofie Hamilton, Susanne Thorson",Andreas Öhman,"Simon has Asperger's syndrome and doesn't like changes in his life. He lives with his big brother Sam and Sam's girlfriend Frida. When Frida can't stand having to adapt to Simon's peculiarities anymore she takes off, leaving Simon with having to find a new, perfect, girlfriend for his brother.",Simple Simon (I rymden finns inga känslor) (2010),84234,3.526315789473684,0.7052631578947368
31007,Welcome to the Rileys,2010-10-29,6.558,Drama,"Kristen Stewart, James Gandolfini, Melissa Leo, Joe Chrest, Ally Sheedy",Jake Scott,"Years after their teenage daughter’s death, Lois and Doug Riley, an upstanding Indiana couple, are frozen by estranging grief. Doug escapes to New Orleans on a business trip. Compelled by urgencies he doesn’t understand, he insinuates himself into the life of an underage hooker, becoming her platonic guardian.",Welcome to the Rileys (2010),84242,3.533333333333333,0.7066666666666667
32612,The Traveler,2010-11-15,5.4,"Horror, Thriller","John Cassini, Val Kilmer, Camille Sullivan, Dylan Neal, Paul McGillion",Michael Oblowitz,"On a dark Christmas Eve in a small town, the lone Sheriffs on the night shift encounter a mysterious man who goes by the name of Mr. Nobody. As the night progresses, the Sheriffs discover that this isn't just a nobody, but a vengeful killer whose past threatens to haunt them all.","Traveler, The (2010)",84260,2.2142857142857144,0.4428571428571429
43920,Dog Pound,2010-04-24,7.204,Drama,"Adam Butcher, Shane Kippel, Mateo Morales, Taylor Poulin, Slim Twig",Kim Chapiron,Three juvenile delinquents arrive at a correctional center and are put under the care of an experienced guard.,Dog Pound (2010),84407,3.5833333333333335,0.7166666666666667
50779,And Everything Is Going Fine,2010-06-04,6.4,"Documentary, Drama",Spalding Gray,Steven Soderbergh,"From the first time he performed Swimming to Cambodia - the one-man account of his experience of making the 1984 film The Killing Fields - Spalding Gray made the art of the monologue his own. Drawing unstintingly on the most intimate aspects of his own life, his shows were vibrant, hilarious and moving. His death came tragically early, in 2004; this compilation of interview and performance footage nails his idiosyncratic and irreplaceable brilliance.",And Everything Is Going Fine (2010),84444,3.6166666666666667,0.7233333333333334
51276,Silent Souls,2010-06-06,6.385,Drama,"Yuliya Aug, Igor Sergeev, Viktor Sukhorukov, Yuriy Tsurilo, Vyacheslav Melekhov",Alexey Fedorchenko,"Miron Alekseevich, director of a paper and pulp mill, goes to bury his wife Tanya in the place where they once spent their honeymoon. He goes not alone, but with a photographer named Stork, to whom he tells touching details of his life with Tanya. The narrative weaves together the memories of the characters, as well as the rituals and beliefs of the Meri people, a small Finnish tribe that once lived in the Northern Volga region and dissolved among the Russians.",Silent Souls (Ovsyanki) (2010),84506,3.5434782608695654,0.7086956521739131
44944,For Colored Girls,2010-11-05,6.644,Drama,"Kimberly Elise, Janet Jackson, Loretta Devine, Thandiwe Newton, Anika Noni Rose",Tyler Perry,"About existence from the perspective of 20 nameless black females. Each of the women portray one of the characters represented in the collection of twenty poems, revealing different issues that impact women in general and women of color in particular.",Tyler Perry's For Colored Girls (2010),84532,3.242857142857143,0.6485714285714286
45272,Country Strong,2010-12-22,6.135,"Drama, Romance, Music","Gwyneth Paltrow, Garrett Hedlund, Tim McGraw, Leighton Meester, Marshall Chapman",Shana Feste,"Soon after the rising young singer-songwriter Beau Williams gets involved with a fallen, emotionally unstable country star Kelly Canter, the pair embark on a career resurrection tour helmed by her husband/manager James and featuring a beauty queen-turned-singer Chiles Stanton. Between concerts, romantic entanglements and old demons threaten to derail them all.",Country Strong (2010),84570,3.0128205128205128,0.6025641025641025
46441,Mirrors 2,2010-10-18,5.511,"Horror, Mystery, Fantasy","Nick Stahl, William Katt, Emmanuelle Vaugier, Lawrence Turner, Christy Carlson Romano",Víctor García,"When Max, who is recovering from a traumatic accident, takes a job as a nighttime security guard, he begins to see visions of a young mysterious woman in the store's mirror.",Mirrors 2 (2010),84621,2.294642857142857,0.45892857142857146
50204,Burke & Hare,2010-10-29,6.07,"Comedy, Thriller, History, Horror","Simon Pegg, Andy Serkis, Isla Fisher, Georgia King, Tom Wilkinson",John Landis,Two 19th-century opportunists become serial killers so that they can maintain their profitable business supplying cadavers to an anatomist.,Burke and Hare (2010),84696,3.128342245989305,0.625668449197861
43552,Vanishing on 7th Street,2010-09-11,5.3,"Mystery, Horror, Thriller","Hayden Christensen, Thandiwe Newton, John Leguizamo, Neal Huff, Jacob Latimore",Brad Anderson,"A mysterious global blackout yields countless populations to simply vanish, leaving only their clothes and possessions behind. A small handful of survivors band together in a dimly-lit tavern on 7th Street, struggling to combat the apocalyptic horror. Realizing they may in fact be the last people on earth, a dark shadow hones in on them alone.",Vanishing on 7th Street (2010),84732,2.484848484848485,0.49696969696969695
39959,Open House,2010-08-03,4.68,"Drama, Horror, Thriller","Brian Geraghty, Rachel Blanchard, Anna Paquin, Stephen Moyer, Tricia Helfer",Andrew Paquin,A murderous couple invade a woman's home and hold her captive in the basement.,Open House (2010) ,84740,2.25,0.45
45274,Client 9: The Rise and Fall of Eliot Spitzer,2010-11-05,6.231,Documentary,"Eliot Spitzer, Alex Gibney, Hulbert Waldroup, Lloyd Constantine, Peter Elkind",Alex Gibney,An in-depth look at the rapid rise and dramatic fall of New York Governor Eliot Spitzer.,Client 9: The Rise and Fall of Eliot Spitzer (2010),84770,3.653225806451613,0.7306451612903226
46789,Submarino,2010-03-25,7.103,Drama,"Jakob Cedergren, Peter Plaugborg, Gustav Fischer Kjærulff, Morten Rose, Henrik Strube",Thomas Vinterberg,"As children, Nick and his little brother take care of their baby brother while their mother drinks herself senseless. But the baby dies, and both brothers blame themselves. Many years later, Nick is out of prison after serving time for an assault. He drinks, lives in a shelter and tries to help an old friend. When their mother dies, Nick meets his brother at the funeral. The brother, who remains nameless, is a single father to a young boy, but also supports a drug habit that is spiraling out of control. When an opportunity presents itself, he becomes a drug dealer to secure his son's future. Eventually, the two brothers meet again.",Submarino (2010),84775,3.7065217391304346,0.7413043478260869
42171,The Infidel,2010-02-18,6.1,"Comedy, Drama","Omid Djalili, Richard Schiff, Archie Panjabi, Igal Naor, Stewart Scudamore",Josh Appignanesi,"Based in a London suburb Mahmud Nasir lives with his wife, Saamiya, and two children, Rashid and Nabi. His son plans to marry Uzma, the step-daughter of Egyptian-born Arshad Al-Masri, a so-called 'Hate Cleric' from Waziristan, Pakistan. Mahmud, who is not exactly a devout Muslim, he drinks alcohol, and does not pray five times, but does agree that he will appease Arshad, without whose approval the marriage cannot take place. Shortly thereafter Mahmud, while going over his recently deceased mother's documents, will find out that he was adopted, his birth parents were Jewish, and his name is actually Solly Shimshillewitz.","Infidel, The (2010)",84880,3.0288461538461537,0.6057692307692307
54186,Confessions,2010-06-04,7.6,"Drama, Thriller, Mystery","Takako Matsu, Masaki Okada, Yoshino Kimura, Yukito Nishii, Kaoru Fujiwara",Tetsuya Nakashima,"Devastated at the death of her four-year-old daughter, a grieving middle school teacher is horrified to discover that her students aren't as innocent as she thinks.",Confessions (Kokuhaku) (2010),84952,3.856508875739645,0.771301775147929
113885,The Tempest,1998-12-13,5.8,"Drama, Fantasy, Science Fiction, TV Movie","Peter Fonda, John Glover, Harold Perrineau, Katherine Heigl, John Pyper-Ferguson",Jack Bender,An adaptation of Shakespeare's classic is set in the Mississippi bayous during the Civil War.,"Tempest, The (2010)",84957,3.1545454545454548,0.630909090909091
47218,Happythankyoumoreplease,2011-03-04,6.471,"Comedy, Drama, Romance","Josh Radnor, Malin Åkerman, Kate Mara, Zoe Kazan, Pablo Schreiber",Josh Radnor,"Captures a generational moment - young people on the cusp of truly growing up, tiring of their reflexive cynicism, each in their own ways struggling to connect and define what it means to love and be loved. Six New Yorkers juggle love, friendship, and the keenly challenging specter of adulthood. Sam Wexler is a struggling writer who's having a particularly bad day. When a young boy gets separated from his family on the subway, Sam makes the questionable decision to bring the child back to his apartment and thus begins a rewarding, yet complicated, friendship. Sam's life revolves around his friends — Annie, whose self-image keeps her from commitment; Charlie and Mary Catherine, a couple whose possible move to Los Angeles tests their relationship; and Mississippi, a cabaret singer who catches Sam's eye.",Happythankyoumoreplease (2010),85007,3.409547738693467,0.6819095477386934
51200,71: Into the Fire,2010-06-16,7.5,War,"Kwon Sang-woo, Choi Seung-hyun, Kim Seung-woo, Cha Seung-won, Kim Hye-seong",John H. Lee,"In August 1950, waiting for UN troops to arrive, the South Korean army assembled to protect Nakdong River. Only 71 student-soldiers are left behind to guard the city of Pohang. Now they are on a mission to defend the country from North Korean troops.",71: Into The Fire (Pohwasogeuro) (2010),85129,3.375,0.675
54793,Public Speaking,2011-02-23,7.0,Documentary,"Fran Lebowitz, Pablo Picasso, Pablo Casals, Thelonious Monk, James Baldwin",Martin Scorsese,"Martin Scorsese’s portrait of writer and social commentator Fran Lebowitz, celebrated for her sharp wit and observations on modern life. Filmed at New York’s Waverly Inn and intercut with archival footage and interviews, the documentary captures Lebowitz’s distinctive worldview through her spontaneous monologues and public appearances.",Public Speaking (2010),85190,3.5833333333333335,0.7166666666666667
57703,Norwegian Wood,2010-09-30,6.348,"Drama, Romance","Kenichi Matsuyama, Rinko Kikuchi, Kiko Mizuhara, Reika Kirishima, Eriko Hatsune",Trần Anh Hùng,"Toru recalls his life in the 1960s, when his friend Kizuki killed himself and he grew close to Naoko, Kizuki's girlfriend, and another woman, the outgoing, lively Midori.",Norwegian Wood (Noruwei no mori) (2010),85211,3.4054054054054053,0.681081081081081
53358,Fubar II,2010-10-01,5.712,Comedy,"David Lawrence, Jamil Jabril, Paul Spence, Terra Hazelton, Rose Martin",Michael Dowse,Terry and Dean head north to make sweet cash in the oil patch.,Fubar II (Fubar: Balls to the Wall) (2010),85291,3.392857142857143,0.6785714285714286
47533,Scooby-Doo! Curse of the Lake Monster,2010-10-16,6.2,"Mystery, Fantasy, Comedy, Adventure","Frank Welker, Kate Melton, Hayley Kiyoko, Nick Palatas, Robbie Amell",Brian Levant,"Scooby-Doo and the gang are on the case when a mysterious lake monster starts scaring the guests at a summer resort in Erie Point, where Fred, Daphne, Velma and Shaggy have taken on seasonal jobs to pay for a barn they accidentally burned down. But in addition to sneaking suspicions, there's some romance in the air.",Scooby-Doo! Curse of the Lake Monster (2010),85295,2.1515151515151514,0.4303030303030303
45022,Holy Rollers,2010-05-21,5.744,Drama,"Jesse Eisenberg, Justin Bartha, Danny A. Abeckaser, Ari Graynor, Jason Fuchs",Kevin Asch,Inspired by actual events in the late nineties when Hasidic Jews were recruited as mules to smuggle ecstasy from Europe into the United States.,Holy Rollers (2010),85305,3.125,0.625
47931,Elite Squad: The Enemy Within,2010-10-08,7.827,"Drama, Action, Crime","Wagner Moura, Irandhir Santos, André Ramiro, Pedro Van-Held, Maria Ribeiro",José Padilha,"After a bloody invasion of the BOPE in the High-Security Penitentiary Bangu 1 in Rio de Janeiro to control a rebellion of interns, the Lieutenant-Colonel Roberto Nascimento and the second in command Captain André Matias are accused by the Human Right Aids member Diogo Fraga of execution of prisoners. Matias is transferred to the corrupted Military Police and Nascimento is exonerated from the BOPE by the Governor.",Elite Squad: The Enemy Within (Tropa de Elite 2 - O Inimigo Agora É Outro) (2010),85342,3.9865728900255752,0.7973145780051151
59248,The Wildest Dream,2010-08-06,7.0,Documentary,"Liam Neeson, Natasha Richardson, Conrad Anker, Ralph Fiennes, Leo Houlding",Anthony Geffen,"Uses astonishing visuals to tell the intersecting stories of George Mallory, the first man to attempt a summit of Mount Everest, and Conrad Anker, the mountaineer who finds Mallory's frozen remains 75 years later.","Wildest Dream, The (2010)",85365,3.5416666666666665,0.7083333333333333
51447,Trophy Wife,2010-11-10,6.135,Comedy,"Catherine Deneuve, Gérard Depardieu, Fabrice Luchini, Karin Viard, Jérémie Renier",François Ozon,"In 1977 France, tightfisted factory owner Robert Pujol is so shocked when his workers strike for higher wages that he suffers a heart attack. His acquiescent wife, Suzanne, whose father had founded the factory, takes over management duties during Robert's convalescence.",Potiche (2010),85372,3.130630630630631,0.6261261261261262
59490,Cave of Forgotten Dreams,2010-11-03,7.088,Documentary,"Werner Herzog, Dominique Baffier, Jean Clottes, Jean-Michel Geneste, Michel Philippe",Werner Herzog,"Werner Herzog gains exclusive access to film inside the Chauvet caves of Southern France, capturing the oldest known pictorial creations of humankind in their astonishing natural setting.",Cave of Forgotten Dreams (2010),85394,3.6794871794871793,0.7358974358974358
45132,Super,2010-11-26,6.539,"Comedy, Action, Drama","Rainn Wilson, Elliot Page, Liv Tyler, Kevin Bacon, Gregg Henry",James Gunn,"After his wife falls under the influence of a drug dealer, an everyday guy transforms himself into Crimson Bolt, a superhero with the best intentions, though he lacks for heroic skills.",Super (2010),85401,3.302825552825553,0.6605651105651106
46146,Troll Hunter,2010-10-29,6.695,"Fantasy, Horror","Otto Jespersen, Glenn Erland Tosterud, Johanna Mørck, Tomas Alf Larsen, Hans Morten Hansen",André Øvredal,"A group of students investigates a series of mysterious bear killings, but learns that there are much more dangerous things going on. They start to follow a mysterious hunter, learning that he is actually a troll hunter.","Troll Hunter, The (Trolljegeren) (2010)",85412,3.4660041841004183,0.6932008368200837
55893,Putty Hill,2010-02-18,5.5,Drama,"Sky Ferreira, Cody Ray, Dustin Ray, James Siebor Jr., Zoe Vance",Matthew Porterfield,"Friends and family of Cory, a young man who has died of an overdose, gather at a Baltimore-area karaoke bar for his wake and compare stories about him. Gradually, as it becomes clear that there are many holes in their recollections about Cory, they fill in the blanks by talking about things that reveal aspects of their own lives. Among those mourning him and searching for meaning are his cousin Jenny, his sister Zoe and his brother James.",Putty Hill (2010),85527,2.9642857142857144,0.5928571428571429
48243,Essential Killing,2010-09-06,5.822,"Thriller, War","Vincent Gallo, Emmanuelle Seigner, David L. Price, Zach Cohen, Iftach Ophir",Jerzy Skolimowski,A Taliban soldier struggles to survive after he escapes his captors and flees into the Polish countryside.,Essential Killing (2010),85540,2.918181818181818,0.5836363636363636
45715,Wog Boy 2: The Kings of Mykonos,2010-05-20,4.9,Comedy,"Nick Giannopoulos, Vince Colosimo, Zeta Makrypoulia, Alex Dimitriades, Kevin Sorbo",Peter Andrikidis,"Things haven't been going well for Steve 'The Wog Boy' Karamitsis. His one true love—a '69 Valiant Pacer—and all his assets have just been seized by Federal Police because he trusted the shady Tony the Yugoslav, and Steve's best mate Frank has lost his touch with the ladies after a messy divorce. But fortune favours the 'Wog' when Steve discovers that he's inherited a beach on the Greek resort island of Mykonos from an uncle he never met—a beach worth millions.","Kings of Mykonos, The (2010)",85555,2.5,0.5
53364,Der letzte schöne Herbsttag,2010-11-11,6.6,,"Julia Koschitz, Felix Hellmann, Walter Hess, Leopold Hornung, Katharina M. Schubert",Ralf Westhoff,"Claire feels threatened by illness, Leo takes everything lightly and even eats raw chicken. She writes endless text messages, he tells her what's going on in a nutshell, she's always in the mood for sex, he loves hiking in the mountains with his buddy, she repairs the bike herself, but he doesn't have the time. Nevertheless, the two are a couple, but very often ask themselves why, argue, make up and break up.","Letzte schöne Herbsttag, Der (2010)",85567,3.9,0.78
43418,Beneath Hill 60,2010-04-15,6.845,"Drama, History, War","Brendan Cowell, Harrison Gilbertson, Steve Le Marquand, Gyton Grantley, Alan Dukes",Jeremy Sims,"The true story of Australia's cat-and-mouse underground mine warfare—one of the most misunderstood, misrepresented and mystifying conflicts of WW I. It was secret struggle BENEATH the Western Front that combined daring engineering, technology and science. Few on the surface knew of the brave, claustrophobic and sometimes barbaric work of these tunnellers.",Beneath Hill 60 (2010),85763,3.7941176470588234,0.7588235294117647
58496,Senna,2010-10-07,8.11,Documentary,"Ayrton Senna, Alain Prost, Frank Williams, Ron Dennis, Viviane Senna",Asif Kapadia,"The remarkable story of Brazilian racing driver Ayrton Senna, charting his physical and spiritual achievements on the track and off, his quest for perfection, and the mythical status he has since attained, is the subject of Senna, a documentary feature that spans the racing legend's years as an F1 driver, from his opening season in 1984 to his untimely death a decade later.",Senna (2010),85774,3.9648102815177477,0.7929620563035495
60434,Kapitalism: Our Improved Formula,2010-04-23,6.9,Documentary,George Becali,Alexandru Solomon,"An imaginary return of dictator Ceausescu after 20 years of capitalism in his country, Romania, where he finds a new society but also old habits in the country's businessmen.",Kapitalism: Our Improved Formula (Kapitalism - Reteta noastra secreta) (2010),85783,3.8333333333333335,0.7666666666666667
49018,Insidious,2011-03-31,6.94,"Horror, Thriller","Patrick Wilson, Rose Byrne, Lin Shaye, Ty Simpkins, Barbara Hershey",James Wan,"A family discovers that dark spirits have invaded their home after their son inexplicably falls into an endless sleep. When they reach out to a professional for help, they learn things are a lot more personal than they thought.",Insidious (2010),85788,3.430757651781234,0.6861515303562469
57120,Meek's Cutoff,2011-04-08,6.502,"Western, Drama","Michelle Williams, Bruce Greenwood, Will Patton, Zoe Kazan, Paul Dano",Kelly Reichardt,A group of settlers traveling through the Oregon High Desert in 1845 find themselves stranded in harsh conditions.,Meek's Cutoff (2010),85790,3.2777777777777777,0.6555555555555556
48650,Room in Rome,2010-05-07,6.432,"Drama, Romance","Elena Anaya, Natasha Yarovenko, Enrico Lo Verso, Najwa Nimri, Ander Malles",Julio Medem,"A hotel room in the center of Rome serves as the setting for Alba and Natasha, two sexy and recently acquainted women, to have a physical adventure that touches their very souls.",Room in Rome (Habitación en Roma) (2010),85885,3.0350877192982457,0.6070175438596491
39356,Boy,2010-03-25,7.3,"Drama, Comedy","James Rolleston, Te Aho Aho Eketone-Whitu, Taika Waititi, Moerangi Tihore, Cherilee Martin",Taika Waititi,"Boy, an 11-year-old child and devout Michael Jackson fan who lives on the east coast of New Zealand in 1984, gets a chance to know his absentee criminal father, who has returned to find a bag of money he buried years ago.",Boy (2010),86000,3.83206106870229,0.766412213740458
53172,Henry's Crime,2010-01-14,5.802,"Crime, Comedy","Keanu Reeves, Vera Farmiga, James Caan, Judy Greer, Fisher Stevens",Malcolm Venville,"An aimless man is sent to prison for a crime he did not commit, an ex-con targets the same bank he was sent away for robbing.",Henry's Crime (2010),86028,2.9,0.58
59266,The Arbor,2010-10-22,7.2,"Drama, Documentary","Christine Bottomley, Manjinder Virk, Natalie Gavin, George Costigan, Monica Dolan",Clio Barnard,"The lives of the late Bradford playwright Andrea Dunbar and Lorraine, one of her daughters, and the community of Bradford, in the 30 years since the 18-year-old Andrea penned a play about growing up in the community titled ""The Arbor"".","Arbor, The (2010)",86096,3.3513513513513513,0.6702702702702703
63555,Leap Year,2010-05-17,6.397,"Drama, Romance","Mónica del Carmen, Gustavo Sánchez Parra, Marco Zapata, Dagoberto Gama, Diego Chaz",Michael Rowe,"Journalist Laura works at home, isolating herself from others. While she lies to her mother and brother, Raul, on the phone about having an active social life, Laura's days consist of gazing at her neighbors, eating canned food and going to clubs to bring home strangers. As the anniversary of her father's death draws near, Laura develops a relationship with Arturo, a charismatic actor who shares her taste for rough sex.",Leap Year (Año bisiesto) (2010),86137,3.0434782608695654,0.6086956521739131
58857,13 Assassins,2010-09-25,7.324,"Adventure, Drama, Action","Koji Yakusho, Takayuki Yamada, Yūsuke Iseya, Goro Inagaki, Kazue Fukiishi",Takashi Miike,A bravado period action film set at the end of Japan's feudal era in which a group of unemployed samurai are enlisted to bring down a sadistic lord and prevent him from ascending to the throne and plunging the country into a war-torn future.,13 Assassins (Jûsan-nin no shikaku) (2010),86142,3.701212121212121,0.7402424242424243
41273,On Tour,2010-06-30,6.5,"Comedy, Drama","Miranda Colclasure, Suzanne Ramsey, Dirty Martini, Julie Atlas Muz, Angela de Lorenzo",Mathieu Amalric,"After leaving France in search of a better life in America, a television producer returns with a group of burlesque dancers to take the Paris club scene by storm.",On Tour (Tournée) (2010),86145,3.088235294117647,0.6176470588235294
46523,New Kids Turbo,2010-12-09,6.343,"Action, Comedy","Tim Haars, Huub Smit, Wesley van Gaalen, Flip van der Kuil, Steffen Haars","Steffen Haars, Flip van der Kuil",Five friends from 'Maaskantje' are getting fired because of the economic crisis. They decide that they won't pay for anything anymore.,New Kids Turbo (2010),86233,3.1714285714285713,0.6342857142857142
29920,Easy Money,2010-01-15,6.44,"Drama, Thriller, Crime","Joel Kinnaman, Matias Varela, Dragomir Mrsic, Lisa Henni, Mahmut Suvakci",Daniel Espinosa,"When JW becomes a drug runner in order to maintain his double life, his fate becomes tied to two other men: Jorge, a fugitive on the run from both the Serbian mafia and the police, and mafia enforcer Mrado, who is on the hunt for Jorge.",Easy Money (Snabba Cash) (2010),86244,3.2011494252873565,0.6402298850574712
51423,Beyond,2010-12-10,6.5,Drama,"Noomi Rapace, Ola Rapace, Outi Mäenpää, Ville Virtanen, Tehilla Blad",Pernilla August,"One morning just before Christmas, Leena receives a phone call from a hospital in her childhood hometown telling her that her mother is dying. This news takes her on a journey to face her mother for the first time in her adult life. Leena has fought all her life to let go of her grief over her lost and dark childhood. She is now forced to deal with her past to be able to move on.",Beyond (Svinalängorna) (2010),86277,3.7,0.74
54527,Into Eternity: A Film for the Future,2010-11-12,7.2,Documentary,"Carl Reinhold Bråkenhjelm, Michael Madsen, Wendla Paile, Esko Roukola, Mikael Jensen",Michael Madsen,"Every day, the world over, large amounts of high-level radioactive waste created by nuclear power plants is placed in interim storage, which is vulnerable to natural disasters, man-made disasters, and to societal changes. In Finland the world’s first permanent repository is being hewn out of solid rock – a huge system of underground tunnels - that must last 100,000 years as this is how long the waste remains hazardous.",Into Eternity (2010),86279,3.5849056603773586,0.7169811320754718
57695,The Princess of Montpensier,2010-11-03,6.348,"Action, Drama, History, Romance","Mélanie Thierry, Lambert Wilson, Gaspard Ulliel, Grégoire Leprince-Ringuet, Raphaël Personnaz",Bertrand Tavernier,"Set in the high courts of 16th Century France, where the wars of religion between Catholics and Protestants are raging. Marie de Mézières, a beautiful young aristocrat, is in love with Henri de Guise, but her hand in marriage is promised to the Prince of Montpensier.","Princess of Montpensier, The (La princesse de Montpensier) (2010)",86300,3.225806451612903,0.6451612903225806
45523,Louis C.K.: Hilarious,2010-01-26,7.825,Comedy,Louis C.K.,Louis C.K.,"In this unique and dynamic live concert experience, Louis C.K.'s exploration of life after 40 destroys politically correct images of modern life with thoughts we have all had...but would rarely admit to.",Louis C.K.: Hilarious (2010),86345,3.997986191024166,0.7995972382048332
48415,Welcome to the South,2010-10-01,6.719,Comedy,"Claudio Bisio, Alessandro Siani, Angela Finocchiaro, Valentina Lodovini, Nando Paone",Luca Miniero,"Alberto, post office manager of a small town in Brianza, under pressure of his wife Sylvia, is willing to do anything to get the transfer to Milan. Even pretending to be disabled to climb in the ranking. But the trick does not work and as punishment, he is transferred in a small town in Campania, which to an inhabitant of the north is equivalent to a nightmare ...",Welcome to the South (Benvenuti al Sud) (2010),86408,3.1724137931034484,0.6344827586206897
47904,Outside the Law,2010-09-21,6.6,"Action, Drama, History, War","Jamel Debbouze, Roschdy Zem, Sami Bouajila, Chafia Boudraa, Bernard Blancan",Rachid Bouchareb,"After losing their family home in Algeria in the 1920s, three brothers and their mother are scattered across the globe. Messaoud joins the French army fighting in Indochina; Abdelkader becomes a leader of the Algerian independence movement in France and Saïd moves to Paris to make his fortune in the shady clubs and boxing halls of Pigalle.",Outside the Law (Hors-la-loi) (2010),86432,3.3636363636363638,0.6727272727272727
54083,Film Socialisme,2010-05-19,5.993,Drama,"Catherine Tanvier, Christian Sinniger, Jean-Marc Stehlé, Patti Smith, Robert Maloubier",Jean-Luc Godard,"A symphony in three movements. Things such as a Mediterranean cruise, numerous conversations, in numerous languages, between the passengers, almost all of whom are on holiday... Our Europe. At night, a sister and her younger brother have summoned their parents to appear before the court of their childhood. The children demand serious explanations of the themes of Liberty, Equality and Fraternity. Our humanities. Visits to six sites of true or false myths: Egypt, Palestine, Odessa, Hellas, Naples and Barcelona.",Socialism (Film socialisme) (2010),86626,2.94,0.588
55934,Cold Weather,2010-03-13,6.2,"Mystery, Drama, Comedy, Thriller","Cris Lankenau, Trieste Kelly Dunn, Raúl Castillo, Robyn Rikoon, Jeb Pearson",Aaron Katz,"A guy who moves back to Portland, Oregon becomes involved in the mystery of his ex-girlfriend's disappearance.",Cold Weather (2010),86642,3.1574074074074074,0.6314814814814815
43908,Kosmos,2009-10-14,6.5,"Comedy, Drama","Sermet Yeşil, Türkü Turan, Serkan Keskin, Hakan Altuntaş, Akın Anlı",Reha Erdem,"Kosmos is a thief and a miracle-worker. He appears one morning in a tiny, snowbound border village where he is welcomed with open arms – on account of arriving just in time to resuscitate a small boy who would otherwise have drowned.",Kosmos (2010),86717,3.1363636363636362,0.6272727272727272
56113,The Parking Lot Movie,2010-08-06,6.6,Documentary,"John Beers, Chris Farina, Tyler Magill, James McNew",Meghan Eckman,"The Parking Lot Movie is a documentary about a singular parking lot in Charlottesville, Virginia. The film follows a select group of parking lot attendants and their strange rite of passage.","Parking Lot Movie, The (2010)",86723,3.6923076923076925,0.7384615384615385
50272,We Are What We Are,2010-11-12,5.922,"Horror, Thriller","Paulina Gaitán, Francisco Barreiro, Alan Chávez, Carmen Beato, Adrián Aguirre",Jorge Michel Grau,"After the death of a patriarch, a family must try to continue on with a disturbing, ritualistic tradition.",We Are What We Are (Somos lo que hay) (2010),86725,3.2027027027027026,0.6405405405405405
54524,The Robber,2010-02-26,6.495,"Drama, Thriller, Crime","Andreas Lust, Michael Welz, Franziska Weisz, Florian Wotruba, Johann Bednar",Benjamin Heisenberg,"A champion marathoner leads a double life as a serial bank robber, sprinting between fixes (and away from police cavalcades) as many as three times a day.","Robber, The (Der Räuber) (2010)",86750,3.5,0.7
62321,Attenberg,2010-12-09,6.126,Drama,"Ariane Labed, Evangelia Randou, Vangelis Mourikis, Yorgos Lanthimos, Kostas Berikopoulos",Athina Rachel Tsangari,"Marina, 23, is growing up with her architect father in a prototype factory town by the sea. Finding the human species strange and repellent, she keeps her distance...that is until a stranger comes to town and challenges her to a foosball duel, on her own table. Her father, meanwhile, ritualistically prepares for his exit from the 20th century, which he considers to be ""overrated.""",Attenberg (2010),86762,3.3958333333333335,0.6791666666666667
46738,Incendies,2010-09-17,8.1,"Drama, War, Mystery","Lubna Azabal, Mélissa Désormeaux-Poulin, Maxim Gaudette, Rémy Girard, Allen Altman",Denis Villeneuve,"A mother's last wishes send twins Jeanne and Simon on a journey to Middle East in search of their tangled roots. Adapted from Wajdi Mouawad's acclaimed play, Incendies tells the powerful and moving tale of two young adults' voyage to the core of deep-rooted hatred, never-ending wars and enduring love.",Incendies (2010),86781,4.015197568389058,0.8030395136778117
61420,The 19th Wife,2010-09-13,4.875,"Drama, Mystery, Thriller, TV Movie","Chyler Leigh, Matt Czuchry, Alexia Fast, Jeff Hephner, Patrick Garrow",Rod Holcomb,"Fundamentalist sect member BeckyLyn is accused of killing her husband. Queenie, another wife in the polygamist sect, doesn't believe BeckyLyn is capable of such violence and desperate to prove her innocence reaches out to her excommunicated son Jordan for help in freeing his mother.","19th Wife, The (2010)",86837,2.8333333333333335,0.5666666666666667
51608,The Man from Nowhere,2010-08-04,7.701,"Action, Thriller, Crime","Won Bin, Kim Sae-ron, Kim Tae-hun, Kim Hie-won, Kim Seung-o",Lee Jeong-beom,An ex-special agent is involved in a convoluted drug ring drama. He has to save a drug smuggler's innocent daughter from being the victim of her parents' fight.,The Man from Nowhere (2010),86892,3.835285505124451,0.7670571010248902
52077,Nothing to Declare,2010-12-20,5.862,Comedy,"Benoît Poelvoorde, Dany Boon, Julie Bernard, Christel Pedrinelli, Joachim Ledeganck",Dany Boon,"During the elimination of the Belgian/French border in the 90s, a Belgian customs officer is forced to team up with one of his French counterparts.",Nothing to Declare (Rien à déclarer) (2010),86922,3.4081632653061225,0.6816326530612244
359002,Daayen Ya Baayen,2010-10-29,7.8,"Family, Comedy, Drama","Deepak Dobriyal, Badrul Islam, Bharti Bhatt, Pratyush Sharma, Girish Tiwari",Bela Negi,"DAAYEN YA BAAYEN revolves around a schoolteacher in a remote village in the Himalayas who wins a luxury car in a TV contest. His life spirals in a series of comic conflicts as he tries to match the rest of his life to the glamour of the car, undoing himself completely in the process. When the car is stolen, he sets out on a journey to recover more than just his prized vehicle - his lost dignity.",Daayen Ya Baayen (2010),86970,2.0,0.4
131880,Stonewall Uprising,2010-06-16,5.781,Documentary,"Paul Bosche, Alfredo del Rio, John DiGiacomo, Dana Gaiser, Noah Goldman","Kate Davis, David Heilbroner","Stonewall Uprising is a 2010 American documentary film examining the events surrounding the Stonewall riots that began during the early hours of June 28, 1969. Stonewall Uprising made its theatrical debut on June 16, 2010 at the Film Forum in New York City.The movie features interviews with eyewitnesses to the incident, including NYPD deputy inspector Seymour Pine.
 The film was produced and directed by documentarians Kate Davis and David Heilbroner, and is based on the book by historian David Carter, Stonewall: The Riots That Sparked the Gay Revolution. The title theme is by Gary Lionelli.",Stonewall Uprising (2010),86985,3.676470588235294,0.7352941176470588
42889,The Virginity Hit,2010-09-24,4.375,Comedy,"Matt Bennett, Zack Pearlman, Jacob Davich, Justin Kline, Krysta Rodriguez","Huck Botko, Andrew Gurland","Four guys, one camera, and their experience chronicling the exhilarating and terrifying rite of passage: losing your virginity. As these guys help their buddy get laid, they'll have to survive friends with benefits, Internet hookups, even porn stars during an adventure that proves why you will always remember your first time.","Virginity Hit, The (2010)",87000,2.28125,0.45625
53413,The Strange Case of Angelica,2010-12-29,6.516,Drama,"Pilar López de Ayala, Leonor Silveira, Filipe Vargas, Ricardo Trêpa, Paulo Matos",Manoel de Oliveira,"A photographer, Isaac is asked by hotel owners to take portraits of their recently deceased daughter Angélica. When he looks at her through the lens of his camera, she appears to come back to life just for him. He instantly falls in love with her. From that moment, he will be haunted by Angélica day and night.","Strange Case of Angelica, The (O Estranho Caso de Angélica) (2010)",87047,3.3333333333333335,0.6666666666666667
44945,Trust,2010-09-10,6.553,"Crime, Drama, Thriller","Clive Owen, Catherine Keener, Liana Liberato, Jason Clarke, Viola Davis",David Schwimmer,"A suburban family is torn apart when fourteen-year-old Annie meets her first boyfriend online. After months of communicating via online chat and phone, Annie discovers her friend is not who he originally claimed to be. Shocked into disbelief, her parents are shattered by their daughter's actions and struggle to support her as she comes to terms with what has happened to her once innocent life.",Trust (2010),87079,3.4094827586206895,0.6818965517241379
83345,The Mosquito Net,2010-11-04,5.25,"Drama, Comedy","Geraldine Chaplin, Emma Suárez, Martina García, Eduard Fernández, Àlex Brendemühl",Agustí Vila,"Maria suffers from Alzheimer's disease. Luis, Maria's fifteen-year-old grandson, doesn't say very much either; he shuts himself off in his own silent world to escape his parent's marital crisis, spending time instead picking up stray cats and dogs off the street. His father, Miguel, wants to put a stop to this eccentric behavior, but his protective mother Alice indulges him. Nevertheless, the animals begin to appear at home in increasing numbers, making life complicated for the family in their flat.","Mosquito Net, The (La mosquitera) (2010)",87098,2.625,0.525
57059,Loft,2010-12-16,6.198,Thriller,"Fedja van Huêt, Barry Atsma, Jeroen van Koningsbrugge, Gijs Naber, Marwan Kenzari",Antoinette Beumer,"Five best friends, all married, decide to share a loft apartment. In this loft they meet their mistresses and conquests. Everything seems perfect, until one morning the body of an unknown young woman is found in the loft. The group of friends begin to suspect each other and it soon becomes clear that they know far less about each other than they had initially thought. Dutch remake of the Flemish movie Loft (2008).",Loft (2010),87100,3.4814814814814814,0.6962962962962963
51170,Open Season 3,2010-10-21,5.6,"Adventure, Animation, Family, Comedy","Matthew J. Munn, Nika Futterman, Maddie Taylor, Karley Scott Collins, Ciara Bravo",Cody Cameron,"Boog, Elliot, and their forest friends return with an all-new adventure, this time in a Big Top Circus! The comedy begins when Boog's pals choose their family obligations over the annual guy's trip, and a disappointed Boog decides to take a trip of his own, which leads him right into the middle of a circus ring...literally. When he switches places with a devious look-a-like circus grizzly and falls for an alluring Russian troupe member, he'll come to realize that maybe you don't have to choose between family and friendship after all.",Open Season 3 (2010),87105,2.4875,0.49749999999999994
59468,The Way,2010-09-10,7.118,"Adventure, Comedy, Drama","Martin Sheen, Emilio Estevez, Deborah Kara Unger, Yorick van Wageningen, James Nesbitt",Emilio Estevez,"When his son dies while hiking the famed Camino de Santiago pilgrimage route in the Pyrenees, Tom flies to France to claim the remains. Looking for insights into his estranged child’s life, he decides to complete the 500-mile mountain trek to Spain. Tom soon joins up with other travelers and realizes they’re all searching for something.",The Way (2010),87194,3.701694915254237,0.7403389830508474
51533,Let the Bullets Fly,2010-12-20,7.737,"Action, Comedy","Jiang Wen, Chow Yun-Fat, Ge You, Carina Lau, Shao Bing",Jiang Wen,"When circumstances force an outlaw to impersonate a county governor and clean up a corrupt town, the Robin Hood figure finds himself in a showdown with the local godfather.",Let the Bullets Fly (2010),87197,3.4365079365079363,0.6873015873015873
49020,Submarine,2011-03-18,7.364,"Drama, Comedy, Romance","Noah Taylor, Paddy Considine, Craig Roberts, Yasmin Paige, Sally Hawkins",Richard Ayoade,"15-year-old deep-thinking Welsh schoolboy Oliver Tate struggles to initiate and maintain a relationship with Jordana, his devilish, dark-haired classmate at their Swansea high school. As his parents' marriage begins to fall apart, similar problems arise in his relationship with Jordana.",Submarine (2010),87234,3.72782874617737,0.7455657492354739
25541,Brotherhood,2009-10-21,6.919,Drama,"Nicolas Bro, David Dencik, Claus Flygare, Michael Grønnemose, Hanne Hedelund",Nicolo Donato,"Former Danish servicemen Lars and Jimmy are thrown together while training in a neo-Nazi group. Moving from hostility through grudging admiration to friendship and finally passion, events take a darker turn when their illicit relationship is uncovered.",Brotherhood  (2010),87279,3.0294117647058822,0.6058823529411764
25541,Brotherhood,2009-10-21,6.919,Drama,"Nicolas Bro, David Dencik, Claus Flygare, Michael Grønnemose, Hanne Hedelund",Nicolo Donato,"Former Danish servicemen Lars and Jimmy are thrown together while training in a neo-Nazi group. Moving from hostility through grudging admiration to friendship and finally passion, events take a darker turn when their illicit relationship is uncovered.",Brotherhood  (2010),110058,3.6944444444444446,0.7388888888888889
70862,American Grindhouse,2011-02-04,6.742,Documentary,"Robert Forster, Allison Anders, John Landis, Kim Morgan, Fred Olen Ray",Elijah Drenner,This documentary explores the hidden history of the American Exploitation Film. The movie digs deep into this often overlooked category of U.S. cinema and unearths the shameless and occasionally shocking origins of this popular entertainment.,American Grindhouse (2010),87287,3.608108108108108,0.7216216216216216
45658,Everything Must Go,2011-05-13,6.165,"Comedy, Drama, Romance","Will Ferrell, C.J. Wallace, Rebecca Hall, Michael Peña, Rosalie Michaels",Dan Rush,"When an alcoholic relapses, causing him to lose his wife and his job, he holds a yard sale on his front lawn in an attempt to start over. A new neighbor might be the key to his return to form.",Everything Must Go (2010),87298,3.2525252525252526,0.6505050505050505
41827,Red White & Blue,2010-10-08,6.281,"Drama, Thriller, Horror","Amanda Fuller, Noah Taylor, Marc Senter, Nick Ashy Holden, Jon Michael Davis",Simon Rumley,A woman attracts the attention of a psychotic former Army interrogator and an emotionally fragile young man caring for his ailing mother.,Red White & Blue (2010),87302,3.0535714285714284,0.6107142857142857
55347,Beginners,2011-06-03,6.839,"Drama, Romance, Comedy","Ewan McGregor, Christopher Plummer, Mélanie Laurent, Goran Višnjić, Kai Lennox",Mike Mills,"Oliver meets the irreverent and unpredictable Anna only months after his father Hal Fields has passed away. This new love floods Oliver with memories of his father, who, following the death of his wife of 44 years, came out of the closet at age 75 to live a full, energized, and wonderfully tumultuous gay life – which included a younger boyfriend.",Beginners (2010),87304,3.7039045553145336,0.7407809110629067
41382,Lottery Ticket,2010-08-20,5.6,Comedy,"Shad Moss, Brandon T. Jackson, Naturi Naughton, Loretta Devine, Teairra Mari",Erik White,Kevin Carson is a young man living in the projects who has to survive a three-day weekend after his opportunistic neighbors find out he's holding a winning lottery ticket worth $370 million.,Lottery Ticket (2010),87314,2.8088235294117645,0.5617647058823529
52918,The Oath,2010-05-09,7.4,Documentary,"Osama bin Laden, Salim Hamdan, Abu Jandal",Laura Poitras,"Tells the story of two men, Abu Jandal and Salim Ahmed Hamdan, whose fateful encounter in 1996 set them on a course of events that led them to Afghanistan, Osama bin Laden, 9/11, Guantanamo, and the U.S. Supreme Court.","Oath, The (2010)",87320,3.5454545454545454,0.7090909090909091
78400,The City Below,2010-09-15,5.3,"Romance, Drama","Nicolette Krebitz, Robert Hunger-Bühler, Mark Waschke, Corinna Kirchhoff, Lâm Vissay",Christoph Hochhäusler,"A man and a woman at an art exhibition share a fleeting moment of attraction, which neither can act upon. Days later, a chance second meeting leads to an innocent coffee and the two strangers – both married - toy with their unexplainable fascination for each other. Svenja is curious and finds herself in a hotel room with Roland, but she does not consummate an affair. A powerful executive at the large bank where Svenja's husband works, Roland is used to getting what he wants. He manipulates the transfer of her husband to Indonesia to replace a recently murdered bank manager. Unaware of Roland’s actions, Svenja now ceases to resist...","City Below, The (Unter dir die Stadt) (2010)",87332,3.1363636363636362,0.6272727272727272
44219,The Chosen One,2010-09-03,4.4,"Drama, Comedy","Rob Schneider, Steve Buscemi, Holland Taylor, Peter Riegert, Brandon Molale",Rob Schneider,"Paul is an ordinary man who is at the end of his rope. He hates his job, his beautiful wife has left him, and his mother and gay, Buddhist-monk brother constantly remind him of his shortcomings. Although Paul doesn't know it yet, his life is about to change in a big way.","Chosen One, The (2010)",87410,2.5,0.5
56272,Elektra Luxx,2011-03-11,4.704,"Comedy, Drama","Carla Gugino, Joseph Gordon-Levitt, Timothy Olyphant, Adrianne Palicki, Emmanuelle Chriqui",Sebastian Gutierrez,"A favor for a woman from her past throws the life of a pregnant, retired porn star into chaos.",Elektra Luxx (2010),87444,2.409090909090909,0.4818181818181818
35688,Why Did I Get Married Too?,2010-04-02,6.5,"Comedy, Romance","Tyler Perry, Janet Jackson, Jill Scott, Sharon Leal, Malik Yoba",Tyler Perry,Four couples reunite for their annual vacation in order to socialize and to spend time analyzing their marriages. Their intimate week in the Bahamas is disrupted by the arrival of an ex-husband determined to win back his recently remarried wife.,Tyler Perry's Why Did I Get Married Too? (2010),87499,2.625,0.525
57771,Score: A Hockey Musical,2010-10-22,5.2,Comedy,"Noah Reid, Allie MacDonald, Olivia Newton-John, Marc Jordan, Dave Bidini",Michael McGowan,"Seventeen-year old Farley has the stick-handling skills of the next Sidney Crosby. Not that Farley has any idea who Crosby is. He’s led a sheltered life, homeschooled by parents whose idea of homework is trips to an art gallery or ashram. His best friend is Eve, the girl who’s lived next door since they were both three. Much to the dismay of his parents, Farley loves to play shinny with the local rink rats. To their even greater dismay, Farley is signed to a major hockey league, where he achieves instant stardom, throwing him into a world of hype. Farley soon finds that hockey fame comes with a price, including the expectation to fight. Throw in a changing relationship with Eve – and Farley is losing his way.",Score: A Hockey Musical (2010),87527,2.65,0.53
44991,The Four-Faced Liar,2010-01-21,5.381,"Comedy, Drama, Romance","Marja-Lewis Ryan, Emily Peck, Todd Kubrak, Liz Osborn, Daniel Carlisle",Jacob Chase,"A story of love and lies for four twenty-somethings looking to find themselves in New York City. A pair of best friends and a seemingly perfect couple meet at a local Irish pub tucked in the winding streets of the West Village. Through their chance meeting, the four bond and over time all of their relationships with one another morph into love, betrayal and heartbreak for all.","Four-Faced Liar, The (2010)",87589,3.0789473684210527,0.6157894736842106
61033,Armless,2010-01-22,3.8,Comedy,"Daniel London, Janel Moloney, Matt Walton, Zoe Lister-Jones",Habib Azar,"In this off-kilter comedy, a woman comes to terms with her husband's strange secret: a compulsive desire to cut off his arms.",Armless (2010),87644,3.3333333333333335,0.6666666666666667
22907,Takers,2010-08-26,6.234,"Action, Crime, Drama, Thriller","Matt Dillon, Paul Walker, Idris Elba, Hayden Christensen, Chris Brown",John Luessenhop,"A seasoned team of bank robbers, including Gordon Jennings, John Rahway, A.J., and brothers Jake and Jesse Attica successfully complete their latest heist and lead a life of luxury while planning their next job. When Ghost, a former member of their team, is released from prison he convinces the group to strike an armored car carrying $20 million. As the ""Takers"" carefully plot out their strategy and draw nearer to exacting the grand heist, a reckless police officer inches closer to apprehending the criminals.",Takers (2010),87785,3.080487804878049,0.6160975609756097
53256,Three,2010-12-23,6.006,"Romance, Drama, Comedy","Sophie Rois, Sebastian Schipper, Devid Striesow, Annedore Kleist, Alexander Hörbe",Tom Tykwer,"Hanna and Simon are in a 20 year marriage with an unexciting relationship. By chance, they both meet and start separate affairs with Adam. Adam has no idea that his two lovers are married, until they are all found out when Hanna becomes pregnant, with the natural doubts stemming from their situation.",Three (a.k.a. 3) (2010),87790,3.338709677419355,0.667741935483871
59065,Route Irish,2011-03-16,6.0,Drama,"Mark Womack, John Bishop, Andrea Lowe, Trevor Williams, Geoff Bell",Ken Loach,A private security contractor in Iraq rejects the official explanation of his friend's death and decides to investigate.,Route Irish (2010),87792,3.2142857142857144,0.6428571428571429
52605,Strapped,2010-09-24,6.02,Drama,"Ben Bonenfant, Nick Frangione, Raphael Barker, Artem Mishin, Michael Carlisi",Joseph Graham,"A routine trick propels a tall, dark, cynical hustler into a series of life-changing encounters in this drama. But this amicable and sexually efficient rent boy begins to look at himself differently when he finds himself lost in a maze-like apartment building. As he wanders through the building, he tricks with a variety of johns; sex is the commonality, but out of that commodity comes raw, unguarded emotions for all.",Strapped (2010),87860,3.6666666666666665,0.7333333333333333
44990,Breaking Upwards,2009-03-14,5.25,"Comedy, Romance","Zoe Lister-Jones, Daryl Wein, Julie White, Andrea Martin, Peter Friedman",Daryl Wein,"'Breaking Upwards' explores a young, real-life New York couple who, four years in and battling codependency, decide to intricately strategize their own break up. Based on an actual experiment devised by director/actor Daryl Wein and actress Zoe Lister-Jones, the film loosely interprets a year in their lives exploring alternatives to monogamy, and the madness that ensues. An uncensored look at young love, lust, and the pangs of codependency, 'Breaking Upwards' follows its characters as they navigate each others' emotions across the city they love. It begs the question: is it ever possible to grow apart together?",Breaking Upwards (2010),87964,3.033333333333333,0.6066666666666667
45014,Anton Chekhov's The Duel,2010-04-28,5.786,Drama,"Andrew Scott, Fiona Glascott, Tobias Menzies, Niall Buggy, Nicholas Rowe",Dover Koshashvili,"Set in a seaside resort in the Caucasus, the story centers on n'er do well, Laevsky and his illicit relationship with his mistress Nadya. Laevsky has convinced Nadya to leave her husband for him, but now wants to abandon her.",Anton Chekhov's The Duel (2010),87971,3.25,0.65
39840,"If I Want to Whistle, I Whistle",2010-03-26,6.3,Drama,"Ada Condeescu, George Piștereanu, Mihai Constantin, Clara Vodă, Cosmin Pădureanu",Florin Şerban,"A teenager prisoner awaits his release when two weeks before that happens he's told that his mother is returned home. Meanwhile, he finds himself in love with a Sociology student, Ana, working in the penitentiary as an intern.","If I Want to Whistle, I Whistle (Eu cand vreau sa fluier, fluier) (2010)",87990,3.0,0.6
37832,Mammuth,2010-04-21,5.8,Comedy,"Gérard Depardieu, Yolande Moreau, Isabelle Adjani, Benoît Poelvoorde, Philippe Nahon","Gustave Kervern, Benoît Delépine","Serge Pilardosse has just turned 60. He has worked since the age of 16, never unemployed, never sick. But the hour of retirement has come, and it is disillusionment: he is missing points, some employers having forgotten to declare it! Pushed by Catherine, his wife, he gets on his old motorcycle from the 70s, a ""Mammut"" which earned him his nickname, and sets off in search of his pay slips. During his journey, he rediscovers his past and his quest for administrative documents soon becomes incidental...",Mammuth (2010),87992,3.173076923076923,0.6346153846153846
64780,Upside Down: The Creation Records Story,2010-10-19,7.0,"Documentary, Music","Alan McGee, Bobby Gillespie, Noel Gallagher",Danny O'Connor,"Over a quarter of a century since it began and a decade after it folded, this is the definitive film about Creation Records, one of the world's most successful and colorful independent labels. This is the story of the rock n roll dream and its accompanying nightmares. Millions of sales on both sides of the Atlantic, near bankruptcy, pills, thrills, spats, prats, success, excess, pick me ups, breakdowns and of course some of THE defining music of the late 20th Century. This is the definitive and fully authorised story of the UK's most inspired and dissolute label, from the Jesus &amp; Mary Chain at the Living Room to Oasis at Knebworth.",Upside Down: The Creation Records Story (2010),88094,3.7,0.74
55895,Monogamy,2010-04-24,4.0,"Drama, Romance","Chris Messina, Rashida Jones, Meital Dohan, Zak Orth, Ivan Martin",Dana Adam Shapiro,"Exhibitionism, voyeurism, jealousy, lust. Brooklyn wedding photographer Theo’s  side business shooting surveillance-style photos of clients on the sly takes an unexpected turn - and creates a rift with his fiancée - when he’s hired by a provocative mystery woman.",Monogamy (2010) ,88110,2.65,0.53
66195,The Perfect Host,2010-07-01,6.392,"Comedy, Thriller, Crime","David Hyde Pierce, Clayne Crawford, Nathaniel Parker, Megahn Perry, Helen Reddy",Nicholas Tomnay,"Warwick Wilson is the consummate host. He carefully prepares for a dinner party, the table impeccably set and the duck perfectly timed for 8:30 p.m. John Taylor is a career criminal. He’s just robbed a bank and needs to get off the streets. He finds himself on Warwick’s doorstep posing as a friend of a friend, new to Los Angeles, who’s been mugged and lost his luggage.","Perfect Host, The (2010)",88118,3.482421875,0.696484375
53404,Love Crime,2010-08-09,6.193,"Thriller, Crime, Mystery","Ludivine Sagnier, Kristin Scott Thomas, Patrick Mille, Guillaume Marquet, Marie Guillard",Alain Corneau,"In the sterile setting of a powerful multinational, a ruthless corporate executive and her ambitious protégée bare their claws in a vicious battle for supremacy.",Love Crime (Crime d'amour) (2010),88131,3.378787878787879,0.6757575757575758
55632,Peep World,2010-09-15,4.685,Comedy,"Michael C. Hall, Sarah Silverman, Rainn Wilson, Ben Schwartz, Kate Mara",Barry W. Blaustein,"On the day of their Father's 70th birthday party, four siblings come to terms with the publication of a novel written by the youngest sibling, that exposes the family's most intimate secrets.",Peep World (2010),88270,2.6333333333333333,0.5266666666666666
57389,The Four Times,2010-05-28,7.5,Drama,"Giuseppe Fuda, Nazareno Timpano, Bruno Timpano, Artemio Vallone, Domenico Cavallo",Michelangelo Frammartino,"An old shepherd lives his last days in a quiet medieval village perched high on the hills of Calabria, at the southernmost tip of Italy. He herds goats under skies that most villagers have deserted long ago. He is sick, and believes to find his medicine in the dust he collects on the church floor, which he drinks in his water every day.","Four Times, The (Le Quattro Volte) (2010)",88339,3.6333333333333333,0.7266666666666667
65016,The Sleeping Beauty,2010-09-03,4.625,"Fantasy, Drama","Carla Besnaïnou, Julia Artamonov, Kerian Mayan, David Chausse, Luna Charpentier",Catherine Breillat,"A young princess is the subject of a tug-of-war among witches, as each struggles to find the suitable antidote to a death sentence inculcated by an evil sister.","Sleeping Beauty, The (La belle endormie) (2010)",88343,3.0,0.6
43935,Dylan Dog: Dead of Night,2011-03-16,4.742,"Action, Comedy, Horror, Mystery, Science Fiction, Thriller, Fantasy","Brandon Routh, Peter Stormare, Sam Huntington, Taye Diggs, Anita Briem",Kevin Munroe,"Supernatural private eye, Dylan Dog, seeks out the monsters of the Louisiana bayou in his signature red shirt, black jacket and blue jeans.",Dylan Dog: Dead of Night (2010),88380,2.7088607594936707,0.5417721518987342
68412,3 Backyards,2010-01-24,4.2,Drama,"Embeth Davidtz, Edie Falco, Elias Koteas, Rachel Resheff, Kathryn Erbe",Eric Mendelsohn,"An executive, a housewife and a youngster spend a day in their Long Island suburban town during the course of one curious autumn day afternoon.",3 Backyards (2010),88423,2.3333333333333335,0.4666666666666667
69794,Small Town Murder Songs,2010-09-14,5.317,"Thriller, Crime, Drama","Peter Stormare, Martha Plimpton, Jill Hennessy, Ari Cohen, Jackie Burroughs",Ed Gass-Donnelly,"A modern, gothic tale of crime and redemption about an aging police officer from a small Ontario Mennonite town who hides a violent past until a local murder upsets the calm of his newly reformed life.",Small Town Murder Songs (2010),88425,2.840909090909091,0.5681818181818181
50004,Paper Birds,2010-03-12,6.632,"Drama, History, Thriller","Imanol Arias, Lluís Homar, Roger Príncep, Carmen Machi, Fernando Cayo",Emilio Aragón,"At the end of the Spanish Civil War, the members of a group of vaudeville performers have been stripped of everything: all they have left is hunger and the instinct to survive. Day after day, agonizingly, lost and helpless between the victors and the vanquished, the musician Jorge, the ventriloquist Enrique, the couplet singer Rocío and the orphan Miguel search tirelessly for something to eat and a safe place to live.",Paper Birds (Pájaros de papel) (2010),88448,3.5,0.7
68174,Waking Madison,2011-05-02,5.41,"Drama, Thriller, Mystery","Elisabeth Shue, Sarah Roemer, Imogen Poots, Taryn Manning, Frances Conroy",Katherine Brooks,A woman suffering from multiple personality disorder tries to piece back together her life.,Waking Madison (2010) ,88454,3.2,0.64
49847,The Possession of David O'Reilly,2010-05-10,4.776,"Horror, Thriller","Giles Alderson, Francesca Fowler, Zoe Richards, Nicholas Shaw, Paul McGuinness","Andrew Cull, Steve Isles",A supernatural shockumentary about a demonic presence in a young couple's home in London.,"Possession of David O'Reilly, The (2010) ",88456,2.6923076923076925,0.5384615384615385
12819,Alpha and Omega,2010-07-05,6.0,"Animation, Family, Comedy, Adventure, Romance","Justin Long, Hayden Panettiere, Dennis Hopper, Danny Glover, Larry Miller","Anthony Bell, Ben Gluck","Two young wolves at opposite ends of their pack's social order are thrown together into a foreign land and need each other to return home, but love complicates everything.",Alpha and Omega (2010),88468,2.539855072463768,0.5079710144927536
47854,Legend of the Fist: The Return of Chen Zhen,2010-09-01,6.811,"Drama, Action, History, Thriller","Donnie Yen, Shu Qi, Anthony Wong Chau-Sang, Huang Bo, Huo Siyan",Andrew Lau Wai-Keung,"The Japanese forces occupy Shanghai and slowly start spreading terror in the city. Chen Zhen, who was presumed dead, returns to fight against the Japanese and put an end to their tyrannical rule.",Legend of the Fist: The Return of Chen Zhen (Jing wu feng yun: Chen Zhen) (2010),88495,3.176470588235294,0.6352941176470588
67404,The Autobiography of Nicolae Ceausescu,2010-10-29,7.7,Documentary,"Nicolae Ceaușescu, Elena Ceaușescu, Leonid Brezhnev, Mikhail Gorbachev, Kim Il-sung",Andrei Ujică,"The three-hour-long documentary covers 25 years in the life of Nicolae Ceaușescu and was made using 1,000 hours of original footage from the National Archives of Romania.","Autobiography of Nicolae Ceausescu, The (Autobiografia lui Nicolae Ceausescu) (2010)",88564,3.3823529411764706,0.6764705882352942
86261,Oki's Movie,2010-09-16,6.7,"Comedy, Drama","Jung Yu-mi, Lee Sun-kyun, Moon Sung-keun, Seo Young-hwa, Baek Jeong-rim",Hong Sang-soo,"Oki, a film student, gets involved in two relationships as she navigates the advances of a fellow student and grapples with her feelings for her much older professor.",Oki's Movie (Ok-hui-ui yeonghwa) (2010),88568,3.2777777777777777,0.6555555555555556
45839,FRED: The Movie,2010-12-17,4.5,"Comedy, Family, Adventure, TV Movie","Lucas Cruikshank, Pixie Lott, Jake Weary, Jennette McCurdy, John Cena",Clay Weiner,"Fred Figglehorn is in love with Judy, who lives next door. But Kevin, the local bully, prevents Fred from seeing Judy until she moves out of town. So, Fred embarks on a quest to find her in the hope that his feelings will be reciprocated.",Fred: The Movie (2010),88572,1.9565217391304348,0.391304347826087
57361,The Yellow Sea,2010-12-22,7.337,"Drama, Thriller, Crime","Ha Jung-woo, Kim Yun-seok, Cho Seong-ha, Lee Cheol-min, Kwak Do-won",Na Hong-jin,"A Korean man in China takes an assassination job in South Korea to make money and find his missing wife. But when the job is botched, he is forced to go on the run from the police and the gangsters who paid him.","Yellow Sea, The (a.k.a. The Murderer) (Hwanghae) (2010)",88593,3.6592592592592594,0.7318518518518519
46920,Our Life,2010-05-21,6.541,Drama,"Elio Germano, Isabella Ragonese, Raoul Bova, Stefania Montorsi, Luca Zingaretti",Daniele Luchetti,"Claudio is a construction worker living in the outskirts of Rome. He's happily married and his wife is pregnant with their third child. However, a dramatic event comes to upset this simple and happy life.",Our Life (La nostra vita) (2010),88597,3.1666666666666665,0.6333333333333333
36956,Come Undone,2010-04-30,5.899,"Drama, Romance","Alba Rohrwacher, Pierfrancesco Favino, Giuseppe Battiston, Teresa Saponangelo, Monica Nappo",Silvio Soldini,"Anna is an accountant for an important insurance firm and lives with her longterm lover Alessio - a man who longs for a stable longterm relationship with children, home, etc. Anna, feeling as though the fire has fizzled in that relationship takes up with co-worker Domenico and the two begin a passionate affair.",Come Undone (Cosa voglio di più) (2010),88599,3.5714285714285716,0.7142857142857143
65673,A Letter to Elia,2010-09-04,6.6,Documentary,"Elia Kazan, Martin Scorsese, Elias Koteas","Martin Scorsese, Kent Jones","Martin Scorsese reflects on the profound influence of director Elia Kazan, tracing his artistic journey from the Group Theatre to Hollywood success and the controversies of the blacklist era. Co-directed with Kent Jones, the film combines interviews and clips from Kazan’s classics—On the Waterfront, A Streetcar Named Desire, and America, America—to portray him as a deeply personal filmmaker within an often impersonal industry.","Letter to Elia, A (2010)",88682,3.9,0.78
59435,An Invisible Sign,2010-10-06,5.168,"Family, Drama, Romance, Comedy","Jessica Alba, Bailee Madison, J.K. Simmons, Chris Messina, Sônia Braga",Marilyn Agrelo,"Mona Gray is a 20-year-old loner who, as a child, turned to math for salvation after her father became ill. As an adult, Mona now teaches the subject and must help her students through their own crises.","Invisible Sign, An (2010)",88877,3.1176470588235294,0.6235294117647059
45319,Ghetto Physics: Will the Real Pimps and Hos Please Stand Up?,2010-10-08,10.0,"Documentary, Drama",Too $hort,"William Arntz, Raymond E. Brown","Examines the interplay between Pimps and Ho’s and how that dynamic is the simplest expression of how power is wielded in the world. The film utilizes documentary footage, animation, satire and dramatization to illustrate examples culled from the Hood to Wall Street - be the players real-life pimps or corporate executives repeating the same power dynamics.",Ghetto Physics (2010),88897,3.1217591102962157,0.6243518220592431
39413,My Afternoons with Margueritte,2010-06-02,6.932,"Drama, Comedy","Gérard Depardieu, Maurane, Gisèle Casadesus, Jean-François Stévenin, Patrick Bouchitey",Jean Becker,An illiterate and lonely man bonds with an older and well-read woman.,My Afternoons with Margueritte (La tête en friche) (2010),88911,3.7974683544303796,0.7594936708860759
60309,The Conspirator,2011-04-15,6.551,"Crime, Drama, History","James McAvoy, Robin Wright, Evan Rachel Wood, Kevin Kline, Alexis Bledel",Robert Redford,"Mary Surratt is the lone female charged as a co-conspirator in the assassination trial of Abraham Lincoln. As the whole nation turns against her, she is forced to rely on her reluctant lawyer to uncover the truth and save her life.","Conspirator, The (2010)",88950,3.4346733668341707,0.6869346733668341
47261,Carancho,2010-05-06,6.714,"Thriller, Drama, Romance","Ricardo Darín, Martina Gusmán, Carlos Weber, José Luis Arias, Fabio Ronzano",Pablo Trapero,"Sosa is a lawyer who haunts hospital waiting rooms hoping to represent the victims of traffic accidents in insurance claims. When he falls in love with ambulance medic Luján, he tries to leave this dark business but the shady law firm that he works for won’t let him off that easily.",Carancho (2010),89000,3.4661016949152543,0.6932203389830509
46261,Don't Be Afraid of the Dark,2010-11-06,5.778,"Fantasy, Horror, Thriller","Katie Holmes, Guy Pearce, Bailee Madison, Jack Thompson, Alan Dale",Troy Nixey,A young girl sent to live with her father and his new girlfriend discovers creatures in her new home who want to claim her as one of their own.,Don't Be Afraid of the Dark (2010),89028,2.8773584905660377,0.5754716981132075
44835,Hesher,2010-01-22,6.79,Drama,"Joseph Gordon-Levitt, Natalie Portman, Devin Brochu, Rainn Wilson, Piper Laurie",Spencer Susser,A young boy has lost his mother and is losing touch with his father and the world around him. Then he meets Hesher who manages to make his life even more chaotic.,Hesher (2010),89047,3.5257985257985256,0.7051597051597052
52015,Stake Land,2010-09-30,6.208,"Drama, Horror, Science Fiction","Connor Paolo, Nick Damici, Danielle Harris, Kelly McGillis, Gregory Jones",Jim Mickle,"Martin was a normal teenage boy before the country collapsed in an empty pit of economic and political disaster. A vampire epidemic has swept across what is left of the nation's abandoned towns and cities, and it's up to Mister, a death dealing, rogue vampire hunter, to get Martin safely north to Canada, the continent's New Eden.",Stake Land (2010),89072,3.396678966789668,0.6793357933579336
43942,Freakonomics,2010-10-01,6.105,Documentary,"Zoe Sloane, Jade Viggiano, Amancaya Aguilar, Kahiry Bess, Alisha Nagarsheth","Rachel Grady, Heidi Ewing, Alex Gibney, Seth Gordon, Eugene Jarecki, Morgan Spurlock",Some of the world's most innovative documentary filmmakers will explore the hidden side of everything.,Freakonomics (2010),89102,3.409356725146199,0.6818713450292397
59392,Backlight,2010-07-10,6.167,"Drama, Romance, Science Fiction","Joaquim de Almeida, Evelina Pereira, Scott Bailey, Michelle Mania, Ana Cristina Oliveira",Fernando Fragata,Several characters who are each at critical stages of their lives are strangely impelled towards an uncharted lake in the middle of the desert where they all have the opportunity to save each other.,Backlight (2010),89137,2.5,0.5
64832,Shadows & Lies,2010-04-25,4.079,"Drama, Action, Romance","James Franco, Julianne Nicholson, Josh Lucas, Martin Donovan, Zoe Lister-Jones",Jay Anania,"The story of William Vincent as he recounts the eccentric and curious path that has brought him, at mortal risk, to New York City, after four years in exile, to rescue a woman he scarcely knows, Ann, from the vague crime syndicate that first brought them together.",William Vincent (Shadows and Lies) (2010),89145,2.875,0.575
55845,Phil Ochs: There But for Fortune,2011-01-05,6.6,"Documentary, Music","Phil Ochs, Tom Paxton, Jello Biafra, Christopher Hitchens, Billy Bragg",Kenneth Bowser,"From civil rights to the anti-war movement to the struggles of workers, folksinger Phil Ochs wrote topical songs that engaged his audiences in the issues of the 1960s and 70s. In this biographical documentary, veteran director Kenneth Bowser shows how Phil's music and his fascinating life story and eventual decline into depression and suicide were intertwined with the history-making events that defined a generation. Even as his contemporaries moved into folk-rock and pop music, Phil followed his own vision, challenging himself and his listeners. Not one to pull punches, Ochs never achieved the commercial success he desperately desired. But his music remains relevant, reaching new audiences in a generation that finds his themes all too familiar.",Phil Ochs: There But for Fortune (2010),89162,3.409090909090909,0.6818181818181819
64320,Good Neighbours,2011-06-03,5.586,"Thriller, Drama","Jay Baruchel, Scott Speedman, Emily Hampshire, Gary Farmer, Xavier Dolan",Jacob Tierney,"Neighbors Spencer and Louise have bonded over their fascination with a recent string of murders terrorizing their community. When a new tenant named Victor moves into the building, all three quickly hit it off. However, they soon discover each has his or her own dark secret. As the violence outside mounts, the city retreats indoors for safety. But the more time these three neighbors spend together in their apartment building, the clearer it becomes that what they once thought of as a safe haven is as dangerous as any outside terrors they could imagine.",Good Neighbours (a.k.a. Good Neighbors) (2010),89164,3.0384615384615383,0.6076923076923076
50023,Dead Awake,2010-12-03,4.539,"Fantasy, Mystery, Thriller, Romance","Nick Stahl, Rose McGowan, Amy Smart, Ben Marten, Brian Lynner",Omar Naim,"Dylan, a young man working at a funeral parlor, is trying to unravel a mystery that shattered his life ten years earlier. After faking his own funeral to see who will show up, he befriends a mysterious street junkie and is reunited with an old love from his past. The lives of these three characters are transformed by supernatural forces as Dylan discovers that no one is who they seem to be.",Dead Awake (2010),89192,2.9166666666666665,0.5833333333333333
52338,Waiting for Forever,2010-02-10,5.931,"Drama, Romance","Rachel Bilson, Tom Sturridge, Matthew Davis, Scott Mechlowicz, Richard Jenkins",James Keach,"A Hollywood-set romantic tale of a guy who is content to live his life without a job yet with the love of his life, a young actress.",Waiting for Forever (2010),89217,2.880952380952381,0.5761904761904761
40016,Birdemic: Shock and Terror,2010-02-27,2.231,"Romance, Horror, Thriller","Alan Bagh, Whitney Moore, Janae Caster, Colton Osborne, Adam Sessa",James Nguyen,"A platoon of eagles and vultures attacks the residents of a small town. Many people die. It's not known what caused the flying menace to attack. Two people manage to fight back, but will they survive Birdemic?",Birdemic: Shock and Terror (2010),89281,1.5217391304347827,0.30434782608695654
60784,Win/Win,2010-05-20,4.167,"Drama, Comedy","Oscar Van Rompay, Halina Reijn, Leon Voorberg, Phi Nguyen, Vincent van Ommen",Jaap van Heusden,"Ivan is a true number cruncher and 'surfs the waves of the stock market' like a natural trader. He rakes in big profits for the bank. But all is not well. The new job gives Ivan sleepless nights. As Ivan rapidly becomes the most successful trader in town, he feels increasingly alienated from himself and the world around him. In spite of his unprecedented success Ivan has to get out. Before it's too late...",Win/win (2010),89300,3.15,0.63
39845,Love Ranch,2010-06-30,5.38,Drama,"Helen Mirren, Joe Pesci, Sergio Peris-Mencheta, Gina Gershon, Taryn Manning",Taylor Hackford,Story of a couple that starts the first legal brothel in Nevada and a boxer they own a piece of.,Love Ranch (2010),89327,2.65,0.53
50838,Wrecked,2010-04-01,5.346,"Mystery, Thriller, Horror","Adrien Brody, Caroline Dhavernas, Ryan Robbins, Adrian Holmes, Adrian G. Griffiths",Michael Greenspan,"A man awakens in a car wreck at the bottom of a steep cliff. He can't remember who he is or how he got there, but a report over the radio fills in some of the blanks, as it describes a violent bank robbery and names a perpetrator who happens to be sitting dead in the back seat.",Wrecked (2010),89377,2.7403846153846154,0.5480769230769231
51072,Beautiful Lies,2010-12-08,6.1,"Comedy, Romance","Audrey Tautou, Sami Bouajila, Nathalie Baye, Stéphanie Lagarde, Judith Chemla",Pierre Salvadori,A hairdresser forwards a passionate love letter to her widowed mother.,Beautiful Lies (De vrais mensonges) (Full Treatment) (2010),89449,3.161290322580645,0.632258064516129
47753,William S. Burroughs: A Man Within,2010-11-05,6.534,Documentary,"Peter Weller, William S. Burroughs, David Cronenberg, Gus Van Sant, Iggy Pop",Yony Leyser,"A riveting and emotional journey into the world of writer William S. Burroughs, a man considered as cold as an iceberg on a winter night.",William S. Burroughs: A Man Within (2010),89501,3.5,0.7
55785,Neds,2010-10-08,6.782,Drama,"Conor McCarron, Mhairi Anderson, Martin Bell, Joe Cassidy, Linda Cuthbert",Peter Mullan,"NEDs (Non Educated Delinquents) is the story of a young man’s journey from prize-winning schoolboy to knife-carrying teenager. Struggling against the low expectations of those around him, John McGill changes from victim to avenger, scholar to NED, altar boy to glue sniffer. When he attempts to change back again, his new reality and recent past make conformity near impossible and violent self determination near inevitable.",Neds (2010),89580,3.3229166666666665,0.6645833333333333
68341,Cold Fish,2011-01-29,6.91,"Drama, Thriller, Crime, Horror","Mitsuru Fukikoshi, Denden, Asuka Kurosawa, Megumi Kagurazaka, Hikari Kajiwara",Sion Sono,Shamoto runs a small tropical fish shop. When his daughter Mitsuko is caught shoplifting at a grocery store a man named Murata steps in to settle things between the girl and the store manager. Murata also runs a tropical fish shop and he and Shamoto soon become friendly. However Murata hides many dark secrets behind his friendly face.,Cold Fish (Tsumetai nettaigyo) (2010),89582,3.445,0.689
46909,Skeletons,2010-07-16,5.618,"Fantasy, Comedy, Thriller, Mystery","Jason Isaacs, Ed Gaughan, Tuppence Middleton, Paprika Steen, Andrew Buckley",Nick Whitfield,"In writer-director Nick Whitfield's black indie comedy, a pair of ""exorcists"" (Ed Gaughan and Andrew Buckley) with the power to rid people of their secrets agree to help a woman (Paprika Steen) whose daughter (Tuppence Middleton) is mute -- and whose husband is missing. Jason Isaacs co-stars as the mysterious Colonel, who seems to be calling the shots from the sidelines of the duo's shadowy enterprise.",Skeletons (2010),89584,3.5952380952380953,0.719047619047619
61404,Point Blank,2010-11-08,6.606,"Action, Thriller, Crime","Gilles Lellouche, Roschdy Zem, Gérard Lanvin, Elena Anaya, Mireille Perrier",Fred Cavayé,"Samuel Pierret is a nurse who saves the wrong guy – a thief whose henchmen take Samuel's pregnant wife hostage to force him to spring their boss from the hospital. A race through the subways and streets of Paris ensues, and the body count rises. Can Samuel evade the cops and the criminal underground and deliver his beloved to safety?",Point Blank (À bout portant) (2010),89629,3.5471014492753623,0.7094202898550724
55890,Bereavement,2010-07-16,5.299,"Crime, Horror","Michael Biehn, Alexandra Daddario, Brett Rickaby, Nolan Gerard Funk, Spencer List",Stevan Mena,"In 1989, six year old Martin Bristoll was kidnapped from his backyard swing in Minersville Pennsylvania. Graham Sutter, a psychotic recluse, kept Martin imprisoned on his derelict pig farm, forcing him to witness and participate in unspeakable horrors. Chosen at random, his victim's screams were drowned out by the rural countryside. For five years, Martin's whereabouts have remained a mystery, until 17 year old Allison Miller comes to live with her Uncle, Jonathan. While exploring her new surroundings, Allison discovers things aren't quite right at the farmhouse down the road. Her curiosity disturbs a hornet's nest of evil and despair that once torn open, can never be closed.",Bereavement (2010),89720,2.357142857142857,0.4714285714285714
44950,A Horrible Way to Die,2010-09-14,5.099,"Horror, Thriller","Brandon Carroll, AJ Bowen, Amy Seimetz, Joe Swanberg, Lane Hughes",Adam Wingard,"An escaped murderer is in pursuit of his ex-girlfriend, who has fled to start a new life in a small town.","Horrible Way to Die, A (2010) ",89722,2.8043478260869565,0.5608695652173913
85821,Littlerock,2010-04-23,5.417,Drama,"Atsuko Okatsuka, Cory Zacharia, Rintaro Sawamoto, Roberto 'Sanz' Sanchez, Ryan Dillon",Mike Ott,"A pair of Japanese siblings get stranded in small-town California and become friends with other twentysomethings they meet, despite the complete lack of a common verbal language.",Littlerock (2010),89778,3.625,0.725
37822,Badmaash Company,2010-05-07,5.783,Crime,"Shahid Kapoor, Anushka Sharma, Meiyang Chang, Vir Das, Anupam Kher",Parmeet Sethi,Four young friends decide to work together when one of them comes up with an innovative and lucrative business plan. But their lives begin to deteriorate when their personal issues surface.,Badmaash Company (2010),89848,2.9166666666666665,0.5833333333333333
52058,The Nature of Existence,2010-01-01,6.8,Documentary,,Roger Nygard,"After exploring the phenomenon of TREKKIES, filmmaker Roger Nygard takes on The Nature of Existence. As he roams the globe to the source of each of the world's philosophies, religions, and belief systems, Nygard interviews spiritual leaders, scholars, scientists, artists, pizza chefs, and others who have influenced, inspired, or freaked out humanity.","Nature of Existence, The (2010)",89850,3.4,0.6799999999999999
54469,Main Street,2010-10-21,4.554,"Drama, Romance","Colin Firth, Ellen Burstyn, Patricia Clarkson, Orlando Bloom, Amber Tamblyn",John Doyle,"From the once thriving tobacco warehouses, to the current run-down and closed shops of Five Points, a diverse group of residents and their respective life changes when outsider Gus Leroy brings something new and potentially dangerous into their quiet town.",Main Street (2010),89877,2.0454545454545454,0.40909090909090906
148284,Enthiran,2010-10-01,6.582,"Action, Science Fiction, Adventure","Rajinikanth, Aishwarya Rai Bachchan, Danny Denzongpa, Santhanam, Karunas",Shankar,"Dr. Vaseegaran creates Chitti, a powerful robot in his own image, but it is rejected by the scientific body AIRD due to its lack of human behaviour and emotions. After a lightning strike triggers emotions in Chitti, he begins to develop human-like feelings. However, Chitti falls in love with Dr. Vaseegaran's fiancée, Sana, and turns against his creator, leading to dangerous consequences.",Robot (2010),89983,3.25,0.65
70636,Ghost from the Machine,2010-01-01,7.5,"Thriller, Science Fiction, Horror, Mystery","Sasha Andreev, Max Hauser, Matthew Feeney, Katrina Hawley, Emily Fradenburgh",Matt Osterman,"Wildly grief-stricken over the accidental death of his parents, young techno-geek Cody (Sasha Andreev) cobbles together an electrical device that he hopes will bring the spirits of mom and dad back from beyond the grave. But the machine's power and Cody's deepening obsession threaten the safety of his only remaining family: his younger brother, James (Max Hauser). Matt Osterman directs this ghostly sci-fi thriller that also stars Matthew Feeney.",Ghost from the Machine (2010),90007,2.5,0.5
70588,The Myth of the American Sleepover,2011-07-22,6.07,"Romance, Comedy, Drama","Claire Sloma, Marlon Morton, Amanda Bauer, Brett Jacobsen, Nikita Ramsey",David Robert Mitchell,Four young people navigate the suburban wonderland of metro-Detroit looking for love and adventure on the last weekend of summer.,"Myth of the American Sleepover, The (2010)",90061,2.7222222222222223,0.5444444444444445
42707,Road to Nowhere,2010-09-11,5.659,"Mystery, Thriller, Romance","Tygh Runyan, Shannyn Sossamon, Dominique Swain, Cliff DeYoung, John Diehl",Monte Hellman,"A passionate filmmaker creating a film based upon a true crime casts an unknown mysterious young woman bearing a disturbing resemblance to the femme fatale in the story. Unsuspectingly, he finds himself drawn into a complex web of haunting intrigue: he becomes obsessed with the woman, the crime, her possibly notorious past, and the disturbing complexity between art and truth. From the Smoky Mountains of North Carolina to Verona, Rome, and London, new truths are revealed and clues to other crimes and passions, darker and even more complex, are uncovered.",Road to Nowhere (2010),90066,2.8260869565217392,0.5652173913043479
54700,The Presence,2010-08-04,4.204,"Drama, Horror, Thriller","Mira Sorvino, Shane West, Justin Kirk, Tony Curran, Deobia Oparei",Tom Provost,"In this darkly romantic ghost story, a woman travels to an isolated cabin where she is stalked by an apparition who inhabits her space as his own. With the unexpected arrival of the woman’s boyfriend, the dark spirit’s haunting grows obsessive. Soon the woman begins to exhibit weirdly irrational behavior as the thin line between sanity and possession begins to unravel. Is she battling her inner demons, or is a much darker presence threatening them all?","Presence, The (2010)",90133,2.7,0.54
60981,My Joy,2010-09-30,6.323,Drama,"Olga Shuvalova, Vlad Ivanov, Vladimir Golovin, Aleksey Vertkov, Dmitry Gotsdiner",Sergei Loznitsa,"Georgy is driving a load of freight into Russia when, after an unpleasant encounter with the police at a border crossing, he finds himself giving a lift to a strange old man with disturbing stories about his younger days in the Army. After next picking up a young woman who works as a prostitute and is wary of the territory, Georgy finds himself lost, and despite asking some homeless men for help, he’s less sure than he was before of how to make his way back where he belongs. As brutal images of violence and alienation cross the screen, Georgy’s odyssey becomes darker and more desperate until it reaches an unexpected conclusion.",My Joy (Schastye moe) (2010),90281,3.0952380952380953,0.6190476190476191
35221,Father of Invention,2010-02-14,5.3,"Comedy, Drama","Kevin Spacey, Camilla Belle, Heather Graham, Virginia Madsen, John Stamos",Trent Cooper,"Nearly a decade after a faulty product landed him in prison, an arrogant inventor is determined to restore his reputation and rebuild his fortune. But first, he has to convince his estranged daughter that he's worthy of a second chance.",Father of Invention (2010),90310,2.9444444444444446,0.5888888888888889
53344,Lemmy,2010-03-15,7.533,"Music, Documentary","Lemmy Kilmister, Dave Brock, Phil Campbell, 'Fast' Eddie Clark, Jarvis Cocker","Wes Orshoski, Greg Olliver","Over four decades, Motorhead frontman Lemmy  Kilmister has registered an immeasurable impact on music history. Nearly 65, he remains the living embodiment of the rock and roll lifestyle, and this feature-length documentary tells his story, one of a hard-living rock icon who continues to enjoy the life of a man half his age.",Lemmy (2010),90350,3.59375,0.71875
59437,Beautiful Boy,2011-06-03,5.946,Drama,"Maria Bello, Michael Sheen, Alan Tudyk, Moon Bloodgood, Kyle Gallner",Shawn Ku,"A married couple on the verge of separation are leveled by the news their 18-year-old son committed a mass-shooting at his college, then took his own life.",Beautiful Boy (2010),90353,3.0833333333333335,0.6166666666666667
69480,Tabloid,2011-07-15,6.426,Documentary,"Joyce McKinney, Peter Tory, Troy Williams, Jackson Shaw, Kent Gavin",Errol Morris,A documentary on a former Miss Wyoming who is charged with abducting and imprisoning a young Mormon Missionary.,Tabloid (2010),90378,3.578125,0.715625
70925,Oranges and Sunshine,2010-10-08,6.9,"Drama, History","Emily Watson, Aisling Loftus, Hugo Weaving, Lorraine Ashbourne, David Wenham",Jim Loach,"The story of Margaret Humphreys, a social worker from Nottingham, who uncovers one of the most significant social scandals in recent times – the forced migration of children from the United Kingdom to Australia and other Commonwealth countries. Almost singlehandedly, Margaret reunited thousands of families, brought authorities to account and worldwide attention to an extraordinary miscarriage of justice.",Oranges and Sunshine (2010),90413,3.5285714285714285,0.7057142857142857
62728,Brighton Rock,2010-09-13,5.65,"Drama, Thriller, Crime","Andy Serkis, Helen Mirren, John Hurt, Sam Riley, Andrea Riseborough",Rowan Joffé,"Charts the headlong fall of Pinkie, a razor-wielding disadvantaged teenager with a religious death wish.",Brighton Rock (2010),90421,2.8536585365853657,0.5707317073170731
45013,Burning Palms,2010-04-23,5.134,"Comedy, Thriller","Zoe Saldaña, Rosamund Pike, Lake Bell, Paz Vega, Shannen Doherty",Christopher Landon,"A subversive tale that interlaces five stories set in Los Angeles, where no taboo is left unexplored as each character careens toward a dark and often comic fate",Burning Palms (2010),90426,2.65625,0.53125
61730,Year of the Carnivore,2009-05-01,4.75,"Comedy, Romance","Cristin Milioti, Mark Rendall, Ali Liebert, Kevin McDonald, Sheila McCarthy",Sook-Yin Lee,A girl has a crush on a boy who thinks she's bad in bed so she goes out to get more experience.,Year of the Carnivore (2010),90478,2.6875,0.5375
46147,"Happy, Happy",2010-11-05,5.779,"Drama, Comedy, Romance","Agnes Kittelsen, Joachim Rafaelsen, Maibritt Saerens, Henrik Rafaelsen, Oskar Hernæs Brandsø",Anne Sewitsky,"A perfect housewife, who just happens to be sex-starved, struggles to keep her emotions in check when an attractive family moves in next door.","Happy, Happy (Sykt lykkelig) (2010)",90561,3.1470588235294117,0.6294117647058823
57602,A Screaming Man,2010-09-29,6.2,"War, Drama","Youssouf Djaoro, Diouc Koma, Emile Abossolo M'bo, Hadje Fatime N'Goua, Marius Yelolo",Mahamat-Saleh Haroun,"Adam Ousmane is a pool attendant at a local resort. When the new managers decide to downsize, Adam loses his job to his own son, Abdel. Shattered by the turn of events, Adam is pressured into contributing to the Chadian war effort. With no money to speak of, the only asset he can donate is his son.","Screaming Man, A (Un homme qui crie) (2010)",90564,2.857142857142857,0.5714285714285714
78309,Answer This!,2011-10-13,4.273,"Comedy, Romance","Christopher Gorham, Arielle Kebbel, Chris Parnell, Nelson Franklin, Kip Pardue",Christopher Farah,"Brilliant trivia whiz Paul Tarson is great at answering little questions but horrible at answering the big ones – like what’s he going to do after grad school? When his father withdraws his funding, Paul is forced to confront his future and much procrastinated dissertation deadline…until he discovers the First Annual Ann Arbor Pub Trivia Tournament.",Answer This! (2010),90632,2.6818181818181817,0.5363636363636364
46934,Mr. Nice,2010-10-07,6.084,"Comedy, Crime, Drama","Rhys Ifans, Chloë Sevigny, David Thewlis, Luis Tosar, Crispin Glover",Bernard Rose,"Biopic about 1970s Welsh marijuana trafficker Howard Marks, whose inventive smuggling schemes made him a huge success in the drug trade, as well as leading to dealings with both the IRA and British Intelligence. Based on Marks' biography with the same title.",Mr. Nice (2010),90649,3.0,0.6
65831,Sasha,2011-03-24,6.077,"Comedy, Drama","Saša Kekez, Tim Bergmann, Zeljka Preksavec, Predrag Bjelac, Yvonne Yung Hee",Dennis Todorović,"While Sasha's mother is dreaming of her son's great career as a pianist, Sasha is left speechless for other reasons: his beloved piano teacher Mr. Weber tells him, he is leaving town forever. Sasha is heartbroken, and the only person in whom he can confide his feelings, is his best friend, Jiao. As a son of an Ex-Yugoslav family even in Germany one rarely lives outside the closet, and Sasha is grateful that his homophobic father believes Jiao is his girlfriend. But what begins as a useful lie becomes a large and complicated one, when Sasha's younger brother, begins an affair with Jiao. All lies get exposed and what appears to be a catastrophe is in fact the revelation of new possibilities in the lives of Sasha's family.",Sasha (Sascha) (2010),90965,3.25,0.65
59206,LennoNYC,2010-09-25,7.3,Documentary,"John Lennon, Yoko Ono, Elton John, Bob Gruen, Jack Douglas",Michael Epstein,"This documentary takes an intimate look at the time Lennon, Yoko Ono and their son, Sean, spent living in New York City during the 1970s. It features never-before heard studio recordings from the Double Fantasy sessions and never-before-seen outtakes from Lennon in concert and home movies that have only recently been transferred to video. It also features exclusive interviews with Ms. Ono, who cooperated extensively with the production and offers an unprecedented level of access, as well as with artists who worked closely with Lennon during this period, including Elton John and photographer Bob Gruen (who took the iconic photograph of Lennon in front of the skyline wearing a “New York City” T-shirt).",LennoNYC (2010),91044,3.5,0.7
47320,Cherry,2010-10-08,6.229,"Comedy, Drama, Romance","Kyle Gallner, Laura Allen, Britt Robertson, Matt Walsh, Esai Morales",Jeffrey Fine,"Ivy League Freshman, Aaron Milton (17) gets a different kind of education when he falls for Linda (34) a vivacious former wild-child who has returned to college to straighten out her life. The curriculum gets more challenging when Aaron meets Linda's sarcastic 14 year-old daughter, Beth - who quickly develops a crush on him. The math doesn't work in either direction but the dysfunctional triangle becomes a learning experience for all involved.",Cherry (2010),91048,3.212121212121212,0.6424242424242423
50528,Millhaven,2010-12-01,6.857,Animation,Katarzyna Groniec,Bartosz Kulas,"Fifteen-year-old Loretta knows we all have to die. Will she be able to do a ""dance"" of life? The untold story of the narrator in Nick Cave's dark ballad, boldly performed by Katarzyna Groniec.",Millhaven (2010),91187,3.6666666666666665,0.7333333333333333
39693,Echoes of the Rainbow,2010-03-11,7.538,"Comedy, Drama, Romance","Simon Yam, Sandra Ng Kwan-Yu, Buzz Chung, Aarif Rahman, Evelyn Choi",Alex Law Kai-Yui,"Told through the eyes of sticky-fingered eight-year-old boy Big Ears, Echoes of the Rainbow takes place in a close-knit grassroots community in 1960s Hong Kong. Big Ears' mother and father run the neighborhood shoe store, and his older brother Desmond is every family's dream son - an outstanding athlete with grades worthy of Hong Kong's best school.",Echoes of the Rainbow (Sui yuet san tau) (2010),91211,4.0,0.8
101124,Beijing Taxi,2011-06-25,10.0,Documentary,,Miao Wang,"BEIJING TAXI is a timely, uncensored and richly cinematic portrait of China’s ancient capital as it undergoes a profound transformation. The film takes an intimate and compelling look at the lives of three cab drivers as they confront modern issues and changing values against the backdrop of the 2008 Summer Olympic Games. Through their daily struggles infused with humor and quiet determination, BEIJING TAXI reveals the complexity and contradictions of China’s shifting paradigm.",Beijing Taxi (2010),91213,2.0,0.4
61629,"Lebanon, Pa.",2011-04-29,5.15,"Drama, Romance","Josh Hopkins, Samantha Mathis, Rachel Kitson, Hunter Gallagher",Ben Hickernell,"Will, a charming 35-year-old Philadelphia ad man, heads to Lebanon, Pa. to bury his recently deceased father. He forms an unexpected friendship with CJ, his bright, newly pregnant 17-year-old cousin. As Will becomes interested in CJ's married teacher and CJ confronts her conflicted father, both struggle with formidable decisions about the path their lives will take. Can we vault our differences and meet in the middle? This bittersweet comic drama tenderly explores the cultural divide in America through the lives of one extended family.","Lebanon, Pa. (2010)",91216,3.375,0.675
38407,Shanghai,2010-06-10,6.1,"Drama, Thriller, Mystery","John Cusack, Gong Li, Chow Yun-Fat, Jeffrey Dean Morgan, Ken Watanabe",Mikael Håfström,"An American man returns to a corrupt, Japanese-occupied Shanghai four months before Pearl Harbor and discovers his friend has been killed. While he unravels the mysteries of the death, he falls in love and discovers a much larger secret that his own government is hiding.",Shanghai (2010),91243,2.888888888888889,0.5777777777777777
30618,Bunraku,2010-09-01,5.784,"Thriller, Action, Drama","Josh Hartnett, Demi Moore, Woody Harrelson, Ron Perlman, Gackt",Guy Moshe,"In a world with no guns, a mysterious drifter, a bartender and a young samurai plot revenge against a ruthless leader and his army of thugs, headed by nine diverse and deadly assassins.",Bunraku (2010),91273,3.287878787878788,0.6575757575757576
53457,Sarah's Key,2010-09-16,7.3,"Drama, War","Kristin Scott Thomas, Mélusine Mayance, Niels Arestrup, Frédéric Pierrot, Michel Duchaussoy",Gilles Paquet-Brenner,"On the night of 16 July 1942, ten year old Sarah and her parents are being arrested and transported to the Velodrome d'Hiver in Paris where thousands of other jews are being sent to get deported. Sarah however managed to lock her little brother in a closet just before the police entered their apartment. Sixty years later, Julia Jarmond, an American journalist in Paris, gets the assignment to write an article about this raid, a black page in the history of France. She starts digging archives and through Sarah's file discovers a well kept secret about her own in-laws.",Sarah's Key (Elle s'appelait Sarah) (2010),91290,3.5637254901960786,0.7127450980392157
51409,The Tree,2010-03-03,6.397,Drama,"Charlotte Gainsbourg, Morgan Davies, Marton Csokas, Christian Byers, Tom Russell",Julie Bertuccelli,"The O'Neills lived happily in their house in the Australian countryside. That was until one day fate struck blindly, taking the life of Peter, the father, leaving his grief-stricken wife Dawn alone with their four children. Among them, eight-year-old Simone denies this reality. She is persuaded that her father still lives in the giant fig tree growing near their house and speaks to her through its leaves. But the tree becomes more and more invasive and threatens the house. It must be felled. Of course, Simone won't allow it.","Tree, The (2010)",91302,3.625,0.725
59457,Womb,2010-07-15,6.035,"Romance, Science Fiction","Eva Green, Matt Smith, Lesley Manville, Peter Wight, István Lénárt",Benedek Fliegauf,"A woman's consuming love forces her to bear the clone of her dead beloved. From his infancy to manhood, she faces the unavoidable complexities of her controversial decision.",Clone (Womb) (2010),91505,3.635593220338983,0.7271186440677966
38264,Fire of Conscience,2010-04-01,6.711,"Action, Thriller, Crime","Leon Lai, Richie Jen, Vivian Hsu, Wang Baoqiang, Michelle Ye Xuan",Dante Lam Chiu-Yin,"A police detective must solve a brutal murder to prove his partner's innocence and unearth the truth behind Hong Kong's police force. The investigation brings him to an unlikely collaboration with an inspector from the Narcotics Bureau, whose motives may not be what they seem.",Fire of Conscience (For lung) (2010),91509,3.875,0.775
119425,Shit Year,2010-05-15,4.7,Drama,"Ellen Barkin, Luke Grimes, Bob Einstein, Theresa Randle, Melora Walters",Cam Archer,"Renowned actress Colleen West abandons her successful career for a secluded life in the hills. But the peace and quiet she longed for is disrupted by the noisy construction of neighboring housing developments. Before long, Colleen discovers that she can’t stand herself now that she has given up the only thing she has ever truly been passionate about. As an alternative to isolation, she reluctantly befriends her jubilant, whimsical neighbor and reconnects with her estranged brother. Haunted by loneliness and past desires, Colleen begins to feel as if her life was lived through the characters she has played on stage and screen.",Shit Year (2010),91605,3.0,0.6
149874,Jim,2010-10-08,0.0,Science Fiction,"Dan Illian, Vanessa Morris-Burke, Michael Strelow, Atticus Cain, Carolyn Morrison",Jeremy Morris-Burke,"Being steadily crushed under the weight of debt, unemployment, and increasing isolation, Jim reaches a breaking point. Over a game of solitary Russian roulette he contemplates an unspeakable act of violence as a way of leaving his mark. He is stopped short by a vision of his deceased wife who convinces him that he should instead focus his remaining resources into an act of creation. Armed with his wife’s frozen eggs and a new resolve, Jim secures the services of a large biotech firm to help him create an heir who will be engineered to overcome the obstacles of common men.",Jim (2010),91662,2.5,0.5
52274,Julia's Eyes,2010-08-16,6.65,"Horror, Thriller","Belén Rueda, Lluís Homar, Pablo Derqui, Francesc Orella, Joan Dalmau",Guillem Morales,"Julia, a woman suffering from a degenerative sight disease, finds her blind sister Sara hung in a basement. Despite all signs pointing to suicide, Julia decides to investigate what she intuitively feels is a murder case.","Julia's Eyes (Ojos de Julia, Los) (2010)",91681,3.3854748603351954,0.6770949720670391
378477,Metrobranding,2010-02-21,4.6,"History, Documentary",,"Ana Vlad, Adi Voicu","While people in Western Europe were used to choose between hundreds of brands, the communist Romanian used to have a different experience: all our life we lived with only one brand for each basic product. Imagine the importance that this 'mono-brands' could acquire for the lives of those who made them and for the lives of those who consumed them. A love story between man and object.",Metrobranding (2010),91683,1.8333333333333333,0.36666666666666664
92464,Brutal Beauty: Tales of the Rose City Rollers,2010-01-09,3.8,Documentary,,Chip Mabry,"A documentary devoted to the story of Portland, Oregon's Rose City Rollers roller derby league. The project attempts to answer the question why this revival of the 1970's sport has become a staple in Portland.",Brutal Beauty: Tales of the Rose City Rollers (2010),91745,3.5,0.7
74518,Territories,2010-10-19,5.098,"Thriller, Horror","Cristina Rosato, Roc LaFortune, Sean Devine, Nicole Leroux, Michael Mando",Olivier Abbou,"Five friends return home from a marriage in Canada to the United States. Not far from the border, two customs officers stop them to check their identity.",Territories (2010) ,91782,2.8,0.5599999999999999
293114,The Painting Sellers,2010-09-03,5.4,Drama,"Teppo Manner, Auli Mantila, Tuomas Airola, Marketta Immonen, Kati Kaartinen",Juho Kuosmanen,"It's almost Christmas but these three people are still on the road. The products don't sell, the car is a wreck and the weather is freezing. Moreover there is a problem: how to cope with an emerging friendship?","Painting Sellers, The (Taulukauppiaat) (2010)",91793,3.5833333333333335,0.7166666666666667
50393,Kung Fu Panda Holiday,2010-11-26,6.992,"Animation, Family, TV Movie, Comedy, Fantasy","Jack Black, Dustin Hoffman, Angelina Jolie, Seth Rogen, Lucy Liu",Tim Johnson,"The Winter Feast is Po's favorite holiday. Every year he and his father hang decorations, cook together, and serve noodle soup to the villagers. But this year Shifu informs Po that as Dragon Warrior, it is his duty to host the formal Winter Feast at the Jade Palace. Po is caught between his obligations as the Dragon Warrior and his family traditions: between Shifu and Mr. Ping.",Kung Fu Panda Holiday Special (2010),91823,2.985294117647059,0.5970588235294118
63498,Chico & Rita,2010-11-19,7.135,"Animation, Music, Romance","Mario Guerra, Limara Meneses, Eman Xor Oña, Jon Adams, Renny Arozarena","Javier Mariscal, Fernando Trueba, Tono Errando","Chico is a young piano player with big dreams. Rita is a beautiful singer with an extraordinary voice. Music and romantic desire unites them, but their journey - in the tradition of the Latin ballad, the bolero - brings heartache and torment.",Chico & Rita (2010),91888,3.4594594594594597,0.6918918918918919
81527,Aurora,2011-03-11,5.73,Drama,"Cristi Puiu, Clara Vodă, Catrinel Dumitrescu, Luminița Gheorghiu, Valentin Popescu",Cristi Puiu,A taciturn Romanian divorcee acquires a hunting rifle and initiates a killing spree.,Aurora (2010),91906,2.75,0.55
73066,Mad Bastards,2010-01-21,5.2,Drama,"Dean Daley-Jones, Lucas Yeeda, Greg Tait, Ngaire Pigram, Douglas Macale",Brendan Fletcher,"TJ is a mad bastard, and his estranged 13‐year‐old son Bullet is on the fast track to becoming one, too. After being turned away from his mother’s house, TJ sets off across the country to the Kimberly region of northwestern Australia to make things right with his son. Grandpa Tex has lived a tough life, and now, as a local cop in the outback town of Five Rivers, he wants to change things for the men in his community. Cutting between three generations, Mad Bastards is a raw look at the journey to becoming a man and the personal transformation one must make.  Developed with local Aboriginal communities and fueled by a local cast, Mad Bastards draws from the rich tradition of storytelling inherent in Indigenous life. Using music from legendary Broome musicians the Pigram Brothers, writer/director Brendan Fletcher poetically fuses the harsh realities of violence, healing, and family.",Mad Bastards (2010),91914,3.1666666666666665,0.6333333333333333
72721,Nostalgia for the Light,2010-10-27,7.381,Documentary,"Gaspar Galaz, Lautaro Núñez, Luís Henríquez, Miguel, Victor Gonzalez",Patricio Guzmán,"In Chile's Atacama Desert, astronomers peer deep into the cosmos in search for answers concerning the origins of life. Nearby, a group of women sift through the sand searching for body parts of loved ones, dumped unceremoniously by Pinochet's regime.",Nostalgia for the Light (Nostalgia de la luz) (2010),91929,3.625,0.725
162374,Top Floor Left Wing,2010-11-15,5.8,"Drama, Comedy","Hippolyte Girardot, Mohamed Fellag, Aymen Saïdi, Judith Henry, Michel Vuillermoz",Angelo Cianci,"Like every morning, François Echeveria, a bailiff, should have been able to make a seizure in a suburban city, then quietly return home. But that day, fate decided otherwise. Due to a misunderstanding, he is taken hostage by an impoverished father and his wild son...",Top Floor Left Wing (Dernier étage gauche gauche) (2010),91933,3.6666666666666665,0.7333333333333333
55741,Sacrifice,2010-12-17,6.0,"History, Drama, Action, Thriller","Ge You, Wang Xueqi, Huang Xiaoming, Fan Bingbing, Vincent Zhao Wenzhuo",Chen Kaige,"For generations the Zhao family has wielded power, until their mortal enemy TU’AN GU slaughters the entire clan, determined to wipe out their influence forever. But one Zhao baby survives hidden by CHENG YING the doctor who delivered him. When Tu’an Gu learns of the baby’s escape he seizes every infant in the city, vowing to kill them all unless the Zhao baby is surrendered. As the tyrant’s soldiers arrive at Cheng Ying’s home the frantic doctor hides his wife with their own baby whilst surrendering the Zhao child as his own. But his family is discovered; his baby is presumed to be the Zhao heir and murdered along with his wife for harboring the infant. Now set on revenge Cheng Ying enrolls the Zhao orphan into the service of the Tu’an Gu household, plotting to use him as an instrument of vengeance when he comes of age.",Sacrifice (Zhao shi gu er) (2010),91981,3.3,0.6599999999999999
68861,Hustlers,2010-12-25,4.556,"Comedy, Drama","Mikko Leppilampi, Antti Luusuaniemi, Pihla Viitala, Malla Malmivaara, Hennariikka Laaksola",Lauri Nurkse,"The director Lauri Nurkse tells that Veijarit is a film about ""arjensietokyvyttömyys"" (= inability to tolerate everyday life) and about the Peter Pan complex. The main actor Mikko Leppilampi says it's about ""kolkyttoistavuotiaat"" (= thirtyeenagers = people of thirty behaving like teenagers). An immediate reference point is the commedia all'italiana of the 1950s and the 1960s, the black comedy often exposing the infantile stage of development of the Italian male. Saku and Ässä are anti-heroes, but we never fail to sense the humanity behind their shallow and crazy ways. Veijarit is a satire and a parody of a superficial way of life, but there is a vitality in the protagonists that we feel can lead them to a more meaningful stage of existence after the prolonged youth full of sound and fury. There is a motif of transcendence in the imagery of flying: will the balloons carry me or will they burst.","Hustlers, The (Veijarit) (2010)",91983,2.6,0.52
58194,White Irish Drinkers,2011-03-25,5.676,"Drama, Thriller","Nick Thurston, Geoffrey Wigdor, Karen Allen, Stephen Lang, Peter Riegert","John Gray, Melissa Jo Peltier","A coming of age story set in 1975 working-class Brooklyn, in which two teenage brothers living with their abusive father and their well-meaning but ineffective mother are caught up in a life of petty crime. Older brother Danny concocts a daring scheme to steal enough money for the two to escape, timed around the chaos of an upcoming Rolling Stones concert. The sensitive younger brother, Brian, ultimately has a choice: remain loyal to the brother with whom he shares a powerful love-hate bond, or use his hidden talent as an artist as his own ticket out of their dead-end existence.",White Irish Drinkers (2010),92006,3.5454545454545454,0.7090909090909091
65760,The Whistleblower,2010-09-13,6.728,"Drama, Thriller, Crime","Rachel Weisz, Vanessa Redgrave, Monica Bellucci, David Strathairn, Nikolaj Lie Kaas",Larysa Kondracki,"Nebraska cop Kathryn Bolkovac discovers a deadly sex trafficking ring while serving as a U.N. peacekeeper in post-war Bosnia. Risking her own life to save the lives of others, she uncovers an international conspiracy that is determined to stop her, no matter the cost.","Whistleblower, The (2010)",92048,3.484771573604061,0.6969543147208122
34179,14 Blades,2010-02-04,6.321,"Drama, Action, Thriller","Donnie Yen, Sammo Hung Kam-Bo, Wu Chun, Kate Tsui Tsz-Shan, Qi Yuwu",Daniel Lee,"Commander Qinglong is the loyal leader of the assassin group that serves the emperor. But when his allies plan a rebellion against the ruler, he finds himself in danger.",14 Blades (Jin yi wei) (2010),92096,3.0757575757575757,0.6151515151515151
56815,Post Mortem,2010-07-02,6.051,Drama,"Alfredo Castro, Antonia Zegers, Jaime Vadell, Amparo Noguera, Marcelo Alonso",Pablo Larraín,"In Chile, 1973, during the last days of Salvador Allende's presidency, an employee at a Morgue's recording office falls for a burlesque dancer who mysteriously disappears.",Post Mortem (2010),92156,2.96875,0.59375
70149,Morgen,2010-10-01,6.2,Drama,"András Hatházi, Yilmaz Yalcin, Elvira Rimbu, Dorin C. Zachei, Răzvan Vicoveanu",Marian Crișan,"NELU, a man in his forties, works as a security guard in the local supermarket in Salonta, a small town on the Romanian-Hungarian border. This is the place where many illegal emigrants try to cross, by any means posible, to Hungary and then further to Western Europe. One morning, NELU will “fish” something different out of the river: a Turkish man trying to cross the border. Not able to communicate verballly, the two men will somehow understand each other. NELU takes the stranger to the farmhouse, gives him some dry clothes, food and shelter. He doesn’t really know how to help this stranger. The Turkish man gives NELU all the money he has on him so he will help him cross the border. Eventually, NELU takes the money and promises he will help him cross the border tomorrow, MORGEN…",Morgen (2010),92180,3.0,0.6
36865,The Disappearance of Haruhi Suzumiya,2010-02-05,7.84,"Animation, Comedy, Science Fiction, Mystery, Drama","Tomokazu Sugita, Aya Hirano, Minori Chihara, Yuko Goto, Daisuke Ono","Yasuhiro Takemoto, Tatsuya Ishihara","A week before Christmas, Kyon wakes up in a world where the SOS Brigade doesn't exist. Mikuru and Yuki don't recognize him, and Haruhi and Itsuki seem to have vanished.","Disappearance of Haruhi Suzumiya, The (Suzumiya Haruhi no shôshitsu) (2010)",92210,3.6823899371069184,0.7364779874213837
72186,Thunder Soul,2010-03-13,6.8,"Documentary, Music","Craig Baldwin, Craig Green, Conrad O. Johnson Sr., Bruce Middleton, Gaila Mitchell",Mark Landsman,"Jamie Foxx presents the inspiring true story of high school band leader Conrad O. Johnson, who transformed his ragtag jazz band students into a legendary funk powerhouse that took the nation by storm.",Thunder Soul (2010),92252,3.7857142857142856,0.7571428571428571
76142,Cameraman: The Life and Work of Jack Cardiff,2010-05-05,6.643,Documentary,"Jack Cardiff, Martin Scorsese, Kirk Douglas, Lauren Bacall, Charlton Heston",Craig McCall,"In 2001 Jack Cardiff (1914-2009) became the first director of photography in the history of the Academy Awards to win an Honorary Oscar. But the first time he clasped the famous statuette in his hand was a half-century earlier when his Technicolor camerawork was awarded for Powell and Pressburger's Black Narcissus. Beyond John Huston's The African Queen and King Vidor's War and Peace, the films of the British-Hungarian creative duo (The Red Shoes and A Matter of Life and Death too) guaranteed immortality for the renowned cameraman whose career spanned seventy years.",Cameraman: The Life and Work of Jack Cardiff (2010),92357,3.225,0.645
57809,Six Degrees of Celebration,2010-12-12,6.341,Comedy,"Ivan Urgant, Sergey Svetlakov, Vera Brezhneva, Elena Plaksina, Aleksandr Golovin","Timur Bekmambetov, Yaroslav Chevazhevsky, Ignas Jonynas, Dmitry Kiselev, Alexander Voitinsky, Alexander Andryuschenko",A collection of several interlinked stories that happen on the New Year's eve...,Yolki (2010),92371,3.061224489795918,0.6122448979591837
48492,Detective Dee and the Mystery of the Phantom Flame,2010-09-18,6.526,"Action, Adventure, Drama, Mystery","Andy Lau, Li Bingbing, Deng Chao, Tony Leung Ka-fai, Carina Lau",Tsui Hark,"When the future empress Wu Zetian's two courtiers die in a mysterious fire, she gets Di Renjie, a former detective and rebel, released from prison to solve the mystery of the fire.",Detective Dee and the Mystery of the Phantom Flame (Di Renjie) (2010),92393,3.35,0.67
52850,Toast,2010-12-30,6.578,"Drama, Comedy, History, Family","Freddie Highmore, Ken Stott, Victoria Hamilton, Oscar Kennedy, Helena Bonham Carter",S.J. Clarkson,"Young Nigel Slater has big culinary aspirations, even though all his mother knows how to make is toast. When his mother dies, relations grow strained between Nigel and his father, especially when he remarries a woman who wins his heart with a lemon meringue pie. Nigel enters culinary school, starts working in a pub, and finds himself competing with his stepmother - both in the kitchen and for his father's attention.",Toast (2010),92437,3.1865671641791047,0.637313432835821
57400,The Human Resources Manager,2010-12-15,7.2,"Comedy, Drama","Mark Ivanir, Guri Alfi, Noah Silver, Rozina Cambos, Julian Negulesco",Eran Riklis,"A tragic comedy centered on the HR manager of Israel's largest industrial bakery, who sets out to save the reputation of his business and prevent the publication of a defamatory article.","Human Resources Manager, The (2010)",92441,3.5454545454545454,0.7090909090909091
75170,Third Star,2010-06-01,7.042,Drama,"Tom Burke, Benedict Cumberbatch, JJ Feild, Hugh Bonneville, Eros Vlahos",Hattie Dalton,"James and his three closest lifelong friends go on an ill-advised trip to the stunning coastal area of Barafundle Bay in West Wales. What follows is a touching and comical adventure dealing with friendship, heroism and love.",Third Star (2010),92481,3.5869565217391304,0.717391304347826
73700,Janie Jones,2010-09-17,6.2,"Drama, Music","Abigail Breslin, Alessandro Nivola, Elisabeth Shue, Brittany Snow, Peter Stormare",David M. Rosenthal,"When a fading musician (Alessandro Nivola) learns he has a teenage daughter (Abigail Breslin) from a long-ago tryst, he’s forced to take her on tour after her mother checks into rehab.",Janie Jones (2010),92674,3.3214285714285716,0.6642857142857144
47763,The Shrine,2010-10-14,5.464,Horror,"Aaron Ashmore, Cindy Sampson, Meghan Heffern, Ben Lewis, Trevor Matthews",Jon Knautz,"A group of young journalists investigate a cult said to practice human sacrifice, but their ambitious ways may lead them to becoming the cult's next victims.","Shrine, The (2010)",92696,2.8,0.5599999999999999
71184,When Love Is Not Enough: The Lois Wilson Story,2010-04-25,6.0,"Drama, TV Movie","Winona Ryder, Barry Pepper, John Bourgeois, Rosemary Dunsmore, Paul Popowich",John Kent Harrison,"Based on the true story of the enduring but troubled love between Lois Wilson, co-founder of Al-Anon, and her alcoholic husband Bill Wilson, co-founder of Alcoholics Anonymous.",When Love Is Not Enough: The Lois Wilson Story (2010),92758,2.5,0.5
29564,Smokin' Aces 2: Assassins' Ball,2010-01-19,5.321,"Action, Comedy","Tom Berenger, Clayne Crawford, Tommy Flanagan, Maury Sterling, Martha Higareda",P.J. Pesce,"Walter Weed is an unassuming desk jockey at the FBI when the Bureau uncovers a plot to assassinate him. A team of degenerate, psychotic assassins dispatched by mystery man Hal Leuco to win a huge bounty includes a resourceful beauty who has a unique method of killing her prey, a power-tool wielding psychopath and a deadly master of disguise.",Smokin' Aces 2: Assassins' Ball (2010),92829,2.5542168674698793,0.5108433734939759
73921,Plans for Tomorrow,2010-11-18,4.563,Drama,"Carme Elias, Goya Toledo, Ana Labordeta, Aura Garrido, Jorge Bosch",Juana Macías,"Three stories intertwined which occur in a single day. The day Ines discovers she is pregnant, Antonia decides to abandon her family and Marian realizes she is going to die.",Plans for Tomorrow (Planes para mañana) (2010),92872,2.75,0.55
74471,The Dead,2010-08-30,5.519,"Horror, Action, Thriller, Science Fiction","Julia Scott-Russell, Rob Freeman, Ben Crowe, Dan Morgan, Prince David Oseia","Howard J. Ford, Jonathan Ford","When the last evacuation flight out of war-torn Africa crashes off the coast, American Air Force Engineer Lieutenant Brian Murphy emerges as the sole survivor in a land where the dead are returning to life and attacking the living.","Dead, The (2010)",92923,2.546511627906977,0.5093023255813953
51875,Miss Nobody,2010-06-10,5.186,"Crime, Comedy","Leslie Bibb, Kathy Baker, Missi Pyle, Vivica A. Fox, Paula Marshall",Abram Cox,A mild-mannered secretary discovers that she has a talent for murder as she ascends the corporate ladder.,Miss Nobody (2010),93022,3.5,0.7
45569,Red Hill,2010-11-05,6.047,"Action, Thriller, Western","Ryan Kwanten, Steve Bisley, Tom E. Lewis, Claire van der Boom, Christopher Davis",Patrick Hughes,"Young police officer Shane Cooper's first day on duty, after relocating to the small town of Red Hill, rapidly turns into a nightmare. News of a prison break, involving convicted murderer Jimmy Conway, sends the local law enforcement officers - led by the town's ruling presence, Old Bill - into a panic and leads to a terrifying and bloody confrontation.",Red Hill (2010),93193,2.7580645161290325,0.5516129032258065
52264,A Cat in Paris,2010-12-15,6.754,"Animation, Comedy","Dominique Blanc, Bruno Salomone, Jean Benguigui, Bernadette Lafont, Oriane Zani","Jean-Loup Felicioli, Alain Gagnol","A thrilling mystery that unfurls in the alleys and on the rooftops of the French capital, Paris, over the course of one adventurous evening.","Cat in Paris, A (Une vie de chat) (2010)",93212,3.345360824742268,0.6690721649484537
44246,When We Leave,2010-03-11,6.903,"Drama, Family","Sibel Kekilli, Florian Lukas, Nizam Schiller, Derya Alabora, Settar Tanrıöğen",Feo Aladag,"Umay is a young woman of Turkish descent, fighting for an independent and self-determined life in Germany against the resistance of her family. Her struggle initiates a dynamic, which results in a life-threatening situation.",When We Leave (Die Fremde) (2010),93376,3.4285714285714284,0.6857142857142857
48373,Listen to Your Heart,2010-08-14,7.157,"Drama, Music, Romance","Alexia Rasmussen, Cybill Shepherd, Shirley Knight, Ernie Sabella, Matthew Albrecht",Matt Thompson,"Danny Foster doesn't have much: an apartment as small as his paychecks, no family, and a struggling music career. Yet for him, ""every day is a great day to be alive,"" an attitude he gained from his mother's unwavering optimism during her losing battle with cancer. It's love at first sight when Danny meets Ariana, a wealthy girl from Greenwich, CT who tragically cannot hear the music she inspires him to write. Ariana, hearing impaired since childhood, is torn between hanging onto the shelter her controlling mother provides and fighting for a love that, if given the chance, might just change her life",Listen to Your Heart (2010),93467,3.5625,0.7125
76353,The Subjection,2010-04-23,5.7,Documentary,"Peter Andersson, Stefan Jarl, Eva Röse",Stefan Jarl,"Documentary in which director Stefan Jarl has a blood test performed on himself to show the ""chemical burden"" of trace chemicals in the blood of all people born since World War II.",Submission (Underkastelsen) (2010),93529,3.0,0.6
64786,Yes or No,2010-12-16,6.897,"Comedy, Romance","Sushar Manaying, Suppanad Jittaleela, Arisara Thongborisut, Soranut Yupanun, Nattharinphon Phrommin",Saratswadee Wongsomphet,"Traditional girl Pie is initially uncomfortable with her tomboyish new roommate. But as time goes on, she finds herself increasingly attracted to her.",Yes Or No (2010),93550,3.388888888888889,0.6777777777777778
59421,Bedevilled,2010-08-19,7.162,"Thriller, Crime, Drama, Horror","Seo Young-hee, Ji Sung-won, Baek Su-ryeon, Park Jeong-hak, Bae Sung-woo",Jang Cheol-soo,"A disillusioned Seoul woman visits a remote island to reconnect with a childhood friend, only to find her trapped in an oppressive cycle of physical, mental, and sexual abuse. As tensions escalate, the situation spirals into a harrowing tale of survival and retribution.",Bedevilled (Kim Bok-nam salinsageonui jeonmal) (2010),93570,3.607142857142857,0.7214285714285714
61984,Space Battleship Yamato,2010-12-01,6.439,"Science Fiction, Action, Adventure, Drama","Takuya Kimura, Meisa Kuroki, Toshiro Yanagiba, Naoto Ogata, Hiroyuki Ikeuchi",Takashi Yamazaki,"In 2199, five years after the Gamilons began an invasion of Earth, the planet has been ravaged by the aliens' bombs. The remnants of humanity have fled underground to escape the irradiated surface. One day, former pilot Susumu Kodai discovers a capsule sent from the planet Iscandar that tells of a device that can remove the radiation from the Earth's surface. The Earth Defense Force rebuilds the battleship Yamato with a new type of propulsion system to make the 148,000 light year trip to Iscandar in hopes of saving the Earth. Within one year, the radiation will drive the rest of humanity to extinction.",Space Battleship Yamato (2010),93610,2.885135135135135,0.577027027027027
44734,Eden of the East Movie II: Paradise Lost,2010-03-13,6.731,"Animation, Mystery, Science Fiction, Action","Ryohei Kimura, Saori Hayami, Sakiko Tamagawa, Takuya Eguchi, Motoyuki Kawahara",Kenji Kamiyama,"Accused of terrorism and feeling the heat, Saki's high-tech crew is in the crosshairs. Meanwhile, the shroud of mystery covering Takizawa is lifted as he and his fellow Selecao make their final moves. Every game must come to an end. For those playing Mr. Outside's twisted game of conspiracy thrills, the end comes now.",Eden of the East the Movie II: Paradise Lost (Higashi no Eden Gekijôban II: Paradise Lost) (2010),93750,3.519230769230769,0.7038461538461538
96398,Paan Singh Tomar,2012-03-02,7.38,"Crime, Drama","Irrfan Khan, Mahie Gill, Vipin Sharma, Nawazuddin Siddiqui, Imran Hasnee",Tigmanshu Dhulia,Paan Singh Tomar goes from celebrated runner to star brigand and rebel when life after sports fails to unfold as planned.,Paan Singh Tomar (2010),93782,3.5625,0.7125
66895,Ticked-Off Trannies with Knives,2010-10-15,4.737,"Comedy, Horror","Krystal Summers, Willam Belli, Kelexis Davenport, Erica Andrews, Jenna Skyy",Israel Luna,"A group of trannies are violently bashed and left for dead. The surviving ladies regain consciousness, confidence, and courage ready to seek out revenge on the ones who attacked them.",Ticked-Off Trannies with Knives (2010),93834,2.7857142857142856,0.5571428571428572
87098,The Desert of Forbidden Art,2011-03-18,4.7,"History, Documentary","Ed Asner, Sally Field, Ben Kingsley","Tchavdar Georgiev, Amanda Pope","How does art survive in a time of oppression? During the Soviet rule artists who stay true to their vision are executed, sent to mental hospitals or Gulags.  Their plight inspires young Igor Savitsky. He pretends to buy state-approved art but instead daringly rescues 40,000 forbidden fellow artist's works and creates a museum in the desert of Uzbekistan, far from the watchful eyes of the KGB. Though a penniless artist himself, he cajoles the cash to pay for the art from the same authorities who are banning it. Savitsky amasses an eclectic mix of Russian Avant-Garde art. But his greatest discovery is an unknown school of artists who settle in Uzbekistan after the Russian revolution of 1917, encountering a unique Islamic culture, as exotic to them as Tahiti was for Gauguin. They develop a startlingly original style, fusing European modernism with centuries-old Eastern traditions.","Desert of Forbidden Art, The (2010)",93859,3.0,0.6
51991,Romantics Anonymous,2010-12-22,6.523,"Drama, Comedy, Romance","Benoît Poelvoorde, Isabelle Carré, Lorella Cravotta, Lise Lamétrie, Swann Arlaud",Jean-Pierre Améris,"What happens when a man and a woman share a common passion? They fall in love. And this is what happens to Jean-René, the boss of a small chocolate factory, and Angélique, a gifted chocolate maker he has just hired. What occurs when a highly emotional man meets a highly emotional woman? They fall in love, and this is what occurs to Jean-René and Angélique who share the same handicap. But being pathologically timid does not make things easy for them. So whether they will manage to get together, join their solitudes and live happily ever after is a guessing matter.",Romantics Anonymous (Les émotifs anonymes) (2010),93892,3.596026490066225,0.7192052980132451
56180,The Silent House,2010-08-25,5.367,"Drama, Horror, Mystery, Thriller","Florencia Colucci, Abel Tripaldi, Gustavo Alonso, María Salazar",Gustavo Hernández,"Laura and her father Wilson arrive at a cottage off the beaten path in order to repair it since its owner will soon put the house on sale. They will spend the night there in order to start the repairs the following morning. Everything seems to go on smoothly until Laura hears a sound that comes from outside and gets louder and louder in the upper floor of the house. Wilson goes up to see what is going on while she remains downstairs on her own waiting for her father to come down. The plot is based on a true story that occurred in the 1940s in a small village in Uruguay. La casa muda focuses on the last seventy eight minutes, second by second, as Laura tries to leave the house unharmed and discovers the dark secret it hides.","Silent House, The (La casa muda) (2010)",93952,2.802325581395349,0.5604651162790698
41120,Rush: Beyond the Lighted Stage,2010-06-29,7.5,"Documentary, Music","Geddy Lee, Neil Peart, Alex Lifeson, Sebastian Bach, Jack Black","Sam Dunn, Scot McFadyen","An in-depth look at the Canadian rock band Rush, chronicling the band's musical evolution from their progressive rock sound of the '70s to their current heavy rock style.",Rush: Beyond the Lighted Stage (2010),94074,3.609375,0.721875
58287,Position Among the Stars,2011-03-03,8.5,"Documentary, History",,Leonard Retel Helmrich,"Through the eyes of grandmother Rumidjah, a poor old Christian woman living in the slums of Jakarta, we see the economical changing society of Indonesia and the influence of globalization reflected in the life of her juvenile granddaughter Tari and her sons Bakti and Dwi.",Position Among The Stars (Stand van de Sterren) (2010),94076,3.5,0.7
109979,18 Years Later,2010-07-04,6.9,Drama,"Marco Bonini, Edoardo Leo, Sabrina Impacciatore, Eugenia Costantini, Gabriele Ferzetti",Edoardo Leo,"Mirko and Genziano are two 35-year-old brothers who have not seen each other since their mother died in a freak accident in which they were involved—eighteen years ago. Since then, Genziano left to live in the UK and now is a stockbroker; Mirko instead remained in Rome, to stay with their father Marcello, working at the same run-down family shop. When Marcello dies, he leaves a task for the two brothers in his will: he asks them to take, on an old restored roadster, his ashes to the grave of his old mother in a village in Calabria, where the accident happened.",18 Years Later (Diciotto anni dopo) (2010),94107,3.5,0.7
40720,Twelve,2010-07-30,5.686,"Thriller, Drama, Action, Crime","Chace Crawford, Rory Culkin, 50 Cent, Emily Meade, Emma Roberts",Joel Schumacher,"A young drug dealer watches as his high-rolling life is dismantled in the wake of his cousin's murder, which sees his best friend arrested for the crime.",Twelve (2010),94112,2.7142857142857144,0.5428571428571429
54081,Aakrosh,2010-10-01,7.0,"Action, Drama, Crime, Thriller","Ajay Devgn, Akshaye Khanna, Paresh Rawal, Bipasha Basu, Reema Sen",Priyadarshan,"The Central Bureau of Investigation deputes two officers to investigate the disappearance of three medical students, which they believe to be an incident of 'honour killing' in a small, closed community.",Aakrosh (2010),94190,3.0555555555555554,0.611111111111111
61410,Spud,2010-12-03,7.0,"Comedy, Drama","Troye Sivan, John Cleese, Sven Ruygrok, Jamie Royal, Tom Burne",Donovan Marsh,"It's South Africa 1990. Two major events are about to happen: The release of Nelson Mandela and, more importantly, it's Spud Milton's first year at an elite boys only private boarding school. John Milton is a boy from an ordinary background who wins a scholarship to a private school in Kwazulu-Natal, South Africa. Surrounded by boys with nicknames like Gecko, Rambo, Rain Man and Mad Dog, Spud has his hands full trying to adapt to his new home. Along the way Spud takes his first tentative steps along the path to manhood. (The path it seems could be a rather long road). Spud is an only child. He is cursed with parents from well beyond the lunatic fringe and a senile granny. His dad is a fervent anti-communist who is paranoid that the family domestic worker is running a shebeen from her room at the back of the family home. His mom is a free spirit and a teenager's worst nightmare, whether it's shopping for Spud's underwear in the local supermarket",Spud (2010),94280,3.3333333333333335,0.6666666666666667
84569,Chosin,2010-09-10,7.0,"History, Documentary, Drama, War",,Brian Iglesias,"At the height of the Korean War, 15,000 U.S. troops were trapped and outnumbered 10-to-1. In a harrowing battle, these soldiers fought 78-miles to freedom and saved the lives of 98,000 refugees. After 60 years of silence, the survivors of the Chosin Reservoir Campaign of the Korean War take us on an emotional and heart-pounding journey through one of the most savage battles in American history.",Chosin (2010) ,94341,3.8333333333333335,0.7666666666666667
140781,Daylight,2011-07-17,4.8,"Thriller, Horror","Alexandra Meierhans, Michael Godere, Ivan Martin, Aidan Redmond, Brian Bickerstaff",David Barker,Young newlyweds Irene and Daniel make the mistake of picking up a hitchhiker – and soon find themselves taken hostage by three dangerous criminals.,Daylight (2010),94491,2.7916666666666665,0.5583333333333333
63946,Viva Riva!,2010-09-10,5.227,"Action, Drama, Thriller","Patsha Bay, Manie Malone, Hoji Fortuna, Marlene Longange, Diplome Amekindra",Djo Munga,"Riva is a small time operator who has just returned to his hometown of Kinshasa, Congo after a decade away with a major score: a fortune in hijacked gasoline. Wads of cash in hand and out for a good time, Riva is soon entranced by beautiful night club denizen Nora, the kept woman of a local gangster.",Viva Riva! (2010),94539,1.9583333333333333,0.39166666666666666
59835,Among Wolves,2010-11-26,6.135,Drama,"Juan José Ballesta, Manuel Camacho, Sancho Gracia, Carlos Bardem, Eduardo Gómez",Gerardo Olivares,"Entre lobos (Among Wolves) tells the remarkable story of a poor country boy named Marcos, who at the age of 7 is handed over to his father's employer, a rich landowner, who in turn delivers him to a life of labor with a hermetic goatherd in an isolated valley. The old man, who lives in a cave, is unused to human company and at first seems not very interested in having a live-in apprentice. The boy, who was abused by his parents, is frightened and equally aloof initially. Despite this, the shepherd begins teaching Marcos how to herd the goats, as well as how to care for himself and how to survive in the wilderness by trapping and fishing.",Among Wolves (Entrelobos) (2010),94545,2.3333333333333335,0.4666666666666667
50037,Beyond the Black Rainbow,2010-12-03,5.653,"Science Fiction, Horror, Mystery","Michael J Rogers, Eva Bourne, Scott Hylands, Marilyn Norry, Rondel Reynoldson",Panos Cosmatos,"Deep within the mysterious Arboria Institute, a disturbed and beautiful girl is held captive by a doctor in search of inner peace. Her mind controlled by a sinister technology. Silently, she waits for her next session with deranged therapist Dr. Barry Nyle. If she hopes to escape, she must journey through the darkest reaches of The Institute, but Nyle wonʼt easily part with his most gifted and dangerous creation.",Beyond the Black Rainbow (2010),94558,3.257575757575758,0.6515151515151516
47479,Billy Joel - The Last Play at Shea,2010-04-25,6.5,"Documentary, Music","Alec Baldwin, Tony Bennett, Garth Brooks, Roger Daltrey, Billy Joel","Paul Crowder, Jon Small","In 1964, when the New York Mets were regarded as little more than a punch line in major league baseball, the team moved into a brand new ballpark, Shea Stadium, which was to become their home for the next forty-four years. Shea Stadium was closed (in part to create more parking space for a new stadium, Citi Field), and on July 16 and 18, 2008, Billy Joel headlined the final concerts held at the stadium. Filmmaker Paul Crowder and a camera crew were on hand for Joel's shows, and the documentary THE LAST PLAY AT SHEA chronicles his historic two-night stand, as well as exploring Joel's career, his ties to working-class New York, and how his life and career paralleled the growth of suburban Long Island and the beloved ballpark.","Last Play at Shea, The (2010)",94573,3.0,0.6
51823,Across the Line: The Exodus of Charlie Wright,2010-12-28,4.909,"Drama, Action, Thriller, Crime","Aidan Quinn, Andy García, Mario Van Peebles, Danny Pino, Claudia Ferri",R. Ellis Frazier,"The story centers on Charlie, a Los Angeles billionaire financial whiz who goes into self-imposed exile in Tijuana after his empire is revealed to have been a Ponzi scheme. While looking for the woman he abandoned there 25 years before, Charlie is pursued by a Mexican gangster, a federal agent and thugs sent by a former client looking to retrieve his money.",Across the Line: The Exodus of Charlie Wright (2010),94672,2.9166666666666665,0.5833333333333333
61979,Three Steps Above Heaven,2010-12-03,7.722,"Romance, Drama","María Valverde, Mario Casas, Álvaro Cervantes, Marina Salas, Nerea Camacho",Fernando González Molina,"Story of two young people who belong to different worlds. It is the chronicle of a love improbable, almost impossible but inevitable dragging in a frantic journey they discover the first great love. Babi is a girl from upper-middle class that is educated in goodness and innocence . Hache is a rebellious boy, impulsive, unconscious, has a appetite for risk and danger embodied in endless fights and illegal motorbike races, the limit of common sense",Three Steps Above Heaven (2010),94675,3.06140350877193,0.612280701754386
35691,Letters to God,2010-04-09,6.863,"Drama, Family","Tanner Maguire, Jeffrey Johnson, Robyn Lively, Bailee Madison, Maree Cheatham","David Nixon, Patrick Doughtie","A young boy fighting cancer writes letters to God, touching lives in his neighborhood and inspiring hope among everyone he comes in contact. An unsuspecting substitute postman, with a troubled life of his own, becomes entangled in the boy's journey and his family by reading the letters. They inspire him to seek a better life for himself and his own son he's lost through his alcohol addiction.",Letters to God (2010),94893,3.55,0.71
12645,Inhale,2010-08-27,5.98,"Drama, Action, Thriller","Dermot Mulroney, Diane Kruger, Sam Shepard, Rosanna Arquette, Mia Stallard",Baltasar Kormákur,A couple goes to dangerous lengths to find a lung donor for their daughter.,Inhale (2010),94919,3.289473684210526,0.6578947368421052
48392,Sound of Noise,2010-12-25,7.2,"Comedy, Crime","Bengt Nilsson, Sanna Persson, Magnus Börjeson, Marcus Haraldsson Boij, Johannes Björk","Ola Simonsson, Johannes Stjärne Nilsson",A tone-deaf cop works to track down a group of guerilla percussionists whose anarchic public performances are terrorizing the city.,Sound of Noise (2010),94939,3.7304347826086954,0.7460869565217391
45244,"Life, Above All",2010-12-01,6.5,Drama,"Khomotso Manyaka , Keaobaka Makanyane, Lerato Mvelase, Tinah Mnumzana, Aubrey Poolo",Oliver Schmitz,A touching mother-daughter relationship that reflects the modern South Africa.,"Life, Above All (2010)",95000,3.6,0.72
49830,Bio Slime,2010-03-29,3.688,"Horror, Action, Thriller, Science Fiction","Vinnie Bilancio, Victoria De Mare, Gia Paloma, Ronnie Lewis, Kelli Kaye",John Lechago,Seven misfits are trapped by a flesh eating slime creature. And no TV!,Contagion / Bio Slime (2010),95002,3.0121951219512195,0.6024390243902439
54484,Tracy Morgan: Black & Blue,2010-11-13,4.9,"Comedy, Documentary, TV Movie",Tracy Morgan,John Moffitt,"Tracy Morgan’s first stand-up special on the channel, Black and Blue. Performing at New York City’s Apollo Theater, the 30 Rock star let his demented brand of humor loose on the crowd. His jokes hit on everything from politics and airport security to borderline inappropriate quips we can’t include here. Audience members doubled over in laughter. Yup, he was that funny.",Tracy Morgan: Black and Blue (2010),95012,3.0,0.6
64836,Exporting Raymond,2011-04-29,6.8,"Comedy, Documentary","Phil Rosenthal, Richard Vaczy, Elena Starodubtseva, Shaban Muslimov, Michael Lynton",Phil Rosenthal,"A documentary on Phil Rosenthal's experiences during the making of ""Voroniny,"" the Russian-language version of ""Everybody Loves Raymond"".",Exporting Raymond (2010),95026,3.3333333333333335,0.6666666666666667
48393,Kidnapped,2010-06-17,6.088,"Horror, Thriller","Fernando Cayo, Ana Wagener, Manuela Vellés, Dritan Biba, Martijn Kuiper",Miguel Ángel Vivas,"Three hooded Eastern-European criminals burst into a home in a Madrid gated community, holding the family hostage in its own home, and forcing the father to empty his credit cards. But the family fights back - brutally.",Kidnapped (2010),95157,2.9565217391304346,0.5913043478260869
44877,4.3.2.1,2010-06-02,5.493,"Action, Thriller, Crime, Romance","Emma Roberts, Noel Clarke, Ophelia Lovibond, Tamsin Egerton, Shanika Warren-Markland","Noel Clarke, Mark Davis","Jo is chained down in a dead end supermarket job while all her friends are all out on their own separate adventures. But a chance encounter with some diamond thieves sends their separate worlds on a collision course with not only each other, but fate itself.",4.3.2.1 (2010),95223,3.0952380952380953,0.6190476190476191
200281,La sociedad del semáforo,2010-09-24,5.9,Drama,"Alexis Zúñiga, Abelardo Jaimes, Gala Bernal, Romelia Cajiao",Rubén Mendoza,"By applying all his knowledge in electricity and electronics, Raúl Tréllez, a bum who lives in the downtown streets of Bogotá, struggles to control the time of a red light so that jugglers, cripples and other homeless people can achieve longer shows in the red light corner.","Stoplight Society, The (La Sociedad del Semáforo) (2010)",95578,3.8333333333333335,0.7666666666666667
51794,Five Minarets in New York,2010-03-09,5.6,Drama,"Haluk Bilginer, Mahsun Kırmızıgül, Mustafa Sandal, Gina Gershon, Danny Glover",Mahsun Kırmızıgül,"Two Turkish anti-terrorist agents are sent to New York City on a mission to find and bring back the dangerous Islamic leader codenamed ""Dajjal"", believed to be hiding in there. Working with the FBI and NYPD, the agents orchestrate the arrest of Hadji Gumus, a well-respected Muslim scholar and family man who years before fled to the United States after being released from a Turkish prison, where he served time for murder. This tale love, friendship, peace and prejudices, takes us on a journey seeking to answer the question of whether innocence or guilt even matters to one who lusts for vengeance.","Five Minarets in New York (Act of Vengeance) (Terrorist, The) (2010)",95695,2.3636363636363638,0.4727272727272728
53804,No Problem,2010-12-10,4.3,Comedy,"Sanjay Dutt, Akshaye Khanna, Sushmita Sen, Suniel Shetty, Anil Kapoor",Anees Bazmee,"Two friends, who are crooks, rob a bank and the bank manager is accused of being an accomplice. The manager sets out to prove his innocence and bust the duo.",No Problem (2010),95697,2.75,0.55
65997,Vampires,2010-04-17,5.227,"Comedy, Horror","Carlo Ferrante, Vera Van Dooren, Pierre Lognay, Fleur Lise Heuet, Bénédicte Bantuelle",Vincent Lannoo,"Vincent Lannoo’s ‘mockumentary’ shows us a community of vampires in Belgium. The two ‘parents’ of the family are George and Bertha, who have two teenage children – or rather, they raise two former humans who they turned into vampires. Son Samson is a bit of a jack the lad: enjoying the sexual freedom of vampire life, with all the vigour of an irresponsible young adult regardless of consequences (even incest is not frowned upon in their world, where the word ‘wife’ is often synonymous with ‘mother’ or ‘sister’). Daughter Grace yearns for humanity in a different way: applying fake tan to get rid of her vampiric pallor, dressing in pink clothes, wishing she could feel emotion and even having a human boyfriend.",Vampires (2010),95732,2.55,0.51
50053,2010: Moby Dick,2010-11-23,3.0,"Action, Adventure","Barry Bostwick, Renée O'Connor, Veronika Kurshinskaya, Bart Baggett, Matt Lagan",Trey Stokes,"That infamous whale is bigger, badder and a whole lot stronger in this sci-fi reimagining of Herman Melville’s classic tale of the battle between man, sea and sea creature starring “Xena” alum Rene O’Connor as the (traditionally male) narrator. But the boat — now a high-tech submarine — is also bigger, and Capt. Ahab is as determined as ever to settle the score and take down the mighty sea mammal that maimed him.",2010: Moby Dick (2010),95748,2.0833333333333335,0.4166666666666667
72843,Pete Smalls Is Dead,2010-09-17,4.6,Comedy,"Peter Dinklage, Mark Boone Junior, Tim Roth, Rosie Perez, Theresa Wayman",Alexandre Rockwell,Two old pals attend an old friends funeral and find there is more to his death than him being dead.,Pete Smalls Is Dead (2010),95814,2.7142857142857144,0.5428571428571429
85593,Bag It,2011-09-01,6.5,"Documentary, Comedy","Jeb Berrier, Jared Blumenfeld, Martin Bourque, Michael Braungart, David Chameides",Suzan Beraza,"An average guy makes a resolution to stop using plastic bags at the grocery store. Little does he know that this simple decision will change his life completely. He comes to the conclusion that our consumptive use of plastic has finally caught up to us, and looks at what we can do about it. Today. Right now.",Bag It (2010),96071,4.038461538461538,0.8076923076923077
45792,Amish Grace,2010-03-28,6.9,"Drama, TV Movie","Kimberly Williams-Paisley, Tammy Blanchard, Fay Masterson, Madison Mason, Gary Graham",Gregg Champion,"When a gunman killed five Amish children and injured five others in a Nickel Mines, Pennsylvania schoolhouse shooting in October of 2006, the world media attention rapidly turned from the tragic events to the extraordinary forgiveness demonstrated by the Amish community.",Amish Grace (2010),96179,3.642857142857143,0.7285714285714285
51190,Run Sister Run!,2010-08-13,5.19,Drama,"Ada Kukkonen, Sara Melleri, Anna-Leena Uotila, Seppo Pääkkönen, Kristiina Halttu",Marja Pyykkö,"Emilia is a teenager and a good girl, who never forgets her homework or her little sister, Elsa. Siiri is just one year older than Emilia but not at all like her. When Emilia and Siiri become friends, Emilia's life changes. Siiri encourages her to take a leap, shake the rules and leave princess dreams behind. These two will have fun together, but not only good times",Run Sister Run! (2010),96195,2.6904761904761907,0.5380952380952382
50090,Secret Reunion,2010-02-04,6.373,"Thriller, Action, Drama","Song Kang-ho, Gang Dong-won, Jeon Kuk-hwan, Park Hyuk-kwon, Yoon Hee-seok",Jang Hoon,"Two spies share a secret bond, despite their loyalties. A North Korean assassin is sent to Seoul to kill a dissident, but instead he teams up with a South Korean agent in search for revenge.",Secret Reunion (Ui-hyeong-je) (2010),96197,3.390625,0.678125
49958,Primal,2010-09-22,5.172,"Thriller, Horror","Zoe Tuckwell-Smith, Krew Boylan, Will Travel, Damien Freeleagus, Rebekah Foord",Josh Reed,"Anja and five friends join anthroplogy student, Dace, on a journey to study a remote, ancient rock painting. Their excitement vanishes when Mel becomes delirious after skinny-dipping in the waterhole. Feverish, bleeding, confused, she physically and mentally regresses to a vicious predatory state. Mel has gone primal. Mel’s lover and friends realise they are the prey as she savagely hunts them down. Before they can escape another one of them starts to regress, posing a hideous choice; kill their friends or be killed by them. Their only hope of survival is through a cave, where Anja learns too late the meaning of the ancient rock art they came to study.",Primal (2010),96214,2.75,0.55
580560,El hada buena - Una fábula peronista,2010-04-29,5.5,"Science Fiction, Fantasy","Alejandro Parrilla, Rodrigo Lico Lorente, Orlando Mastropaolo, Rocío Rodríguez Presedo, Walter Cornás",Laura Casabé,"In a popular auction that matches the sinister and colorful of a circus of phenomena, a couple adopts children in exchange for their belongings. The children there acquired, usually mutilated, are in their new home in order to prepare for access to the Peronist education program taught in only 10 state institutes.",El Hada Buena - Una Fábula Peronista (2010),96298,2.75,0.55
48034,Little White Lies,2010-10-20,7.108,"Comedy, Drama","François Cluzet, Marion Cotillard, Benoît Magimel, Gilles Lellouche, Jean Dujardin",Guillaume Canet,"Despite a traumatic event, a group of friends decide to go ahead with their annual beach vacation. Their relationships, convictions, sense of guilt and friendship are sorely tested. They are finally forced to own up to the little white lies they've been telling each other.",Little White Lies (Les petits mouchoirs) (2010),96501,3.361607142857143,0.6723214285714285
74103,Suicide Club,2010-11-25,6.6,"Drama, Comedy","Klaus Dieter Bange, Hildegard Schroedter, Katja Götz, Mathieu Süsstrunk, Arne Gottschling",Olaf Saumer,At sunrise five people meet on a high rise rooftop in order to leap to their deaths.,Suicide Club (2010),96722,3.75,0.75
47059,Boxing Gym,2010-10-22,6.6,Documentary,Richard Lord,Frederick Wiseman,"Explores the world of a boxing gym in Austin, Texas, dwelling on the discipline of training as people from all walks of life aspire to reach their personal best.",Boxing Gym (2010),96817,3.6666666666666665,0.7333333333333333
52767,The Hunter,2010-04-08,6.5,"Drama, Thriller","Rafi Pitts, Mitra Hajjar, Ali Nicksaulat, Hassan Ghalenoi, Manoochehr Rahimi",Rafi Pitts,"In an act of vengeance, a young man randomly kills two police officers. He escapes to the forest, where he is arrested by two other officers. The three men are surrounded by trees, the woods. They are lost in a maze, a desolate landscape, where the boundaries between the hunter and the hunted are difficult to perceive.","Hunter, The (2010)",96840,2.85,0.5700000000000001
91911,Behind the Burly Q,2010-04-23,4.917,"Documentary, History","Bud Abbott, Alan Alda, Joan Arline, Beverly Arlynne, Al Baker Jr.",Leslie Zemeckis,"Dive into more than a century of decadence with this tantalizing look at the evolution of burlesque. Cabaret star Leslie Zemeckis traces the art form from vaudeville-style variety show through its extinction and contemporary rebirth. Vintage photos, film clips and ads illustrate burlesque's resilient history and how the public's sexual appetite kept it alive amid moral and legal ado.",Behind the Burly Q: The Story of Burlesque in America (2010),96842,4.0,0.8
47405,Shameless,2010-10-01,4.909,Drama,"Marcus Mathias Aarnseth, Andrea Pharo Ronde, Maria Bonnevie, Eindride Eidsvold, Kjersti Holmen",Petter Næss,It's the summer of 1951 in Oslo. Lillian and Amund Wang are blessed with their first and only child. Adrian Wang - a boy or a girl?,Shameless (Maskeblomstfamilien ) (2010),97163,3.25,0.65
102639,Virginia,2010-05-18,5.227,Drama,"Jennifer Connelly, Emma Roberts, Toby Jones, Ed Harris, Carrie Preston",Dustin Lance Black,A sheriff sees his state senate bid slide out onto the ice when his daughter begins to date the son of a charming but psychologically disturbed woman with whom the sheriff has engaged in a two-decade-long affair.,Virginia (2010),97220,2.6923076923076925,0.5384615384615385
86726,Under the Boardwalk: The Monopoly Story,2010-10-10,6.2,"Documentary, History","Zachary Levi, Philip Orbanes, Ken Koury, Matthew McNally, Richard Marinaccio",Kevin Tostado,Under the Boardwalk: The Monopoly Story shows how the classic board game has become a worldwide cultural phenomenon and follows the colorful players who come together to compete for the coveted title of Monopoly World Champion.,Under the Boardwalk: The Monopoly Story (2010),97382,2.7857142857142856,0.5571428571428572
49250,Drones,2010-01-23,5.7,"Comedy, Science Fiction","Jonathan M. Woodward, Angela Bettis, Samm Levine, James Urbaniak, Tangi Miller","Amber Benson, Adam Busch","Brian Dilks is an Office Drone. He spends his days at OmniLink in comforting monotony: facilitating the movement of product around the country, faxing, copying, joking with his best friend, Clark, and harmlessly flirting with fellow cubicle-mate, Amy. But how well does anyone really know the people they work with? When Brian discovers an improbable secret about his best friend, everything in Brian’s world changes and his safe life of workplace detachment is no longer an option. Shocked out of his mind-numbing routine by this new discovery, Brian throws himself into a star-crossed romance with Amy––yet close encounters of the office kind, like sales or intergalactic war, is an uncertain business.",Drones (2010),97468,3.2142857142857144,0.6428571428571429
82642,Dive!,2010-02-05,6.4,Documentary,Jeremy Seifert,Jeremy Seifert,Follow filmmaker Jeremy Seifert and his circle of friends as they dumpster dive in the back alleys and gated garbage receptacles of L.A.'s supermarkets. In the process they uncover thousands of dollars worth of good food and an ugly truth about waste in America: grocery stores know they are wasting and most refuse to do anything about it.,Dive! (Dive!: Living off America's Waste) (2010),97595,3.8125,0.7625
50845,The Clink of Ice,2010-08-25,5.866,"Comedy, Drama","Jean Dujardin, Albert Dupontel, Anne Alvaro, Myriam Boyer, Christa Théret",Bertrand Blier,An alcoholic writer is visited by an incarnation of his cancer.,"Clink of Ice, The (a.k.a.: Sound of Ice Cubes, The) (Le bruit des glaçons) (2010)",97597,3.1470588235294117,0.6294117647058823
105942,ReGeneration,2010-05-24,7.1,"Documentary, Action","Noam Chomsky, Ryan Gosling, Talib Kweli, Jay Walker",Phillip Montgomery,"ReGeneration is a 2010 U.S. documentary film written and directed by Phillip Montgomery that looks at the issues facing today's youth and young adults, and the influences that contribute to the U.S.'s current culture of apathy toward political and social causes.",ReGeneration (2010),97765,3.125,0.625
41530,The Woman Who Dreamed of a Man,2010-01-21,4.938,"Romance, Drama","Sonja Richter, Marcin Dorociński, Michael Nyqvist, Janusz Franciszek Komodowski, Monika Krzywkowska",Per Fly,"A famous Danish artist and fashion photographer who leads an eventful life and is always travelling, meets a man who immediately awakens strong feelings in her. This unexpected encounter sparks a decisive turning point in her life and they begin a passionate relationship.","Woman That Dreamed About a Man, The (Kvinden der drømte om en mand) (2010)",97808,2.125,0.425
72245,The Piano in a Factory,2011-07-15,7.2,Drama,"Wang Qianyuan, Qin Hailu, Jang Shin-young, Guo Yongzhen, Tian Yu",Zhang Meng,"To fight for custody of his daughter who loves playing the piano, a steel factory worker decides to forge a piano from scratch.","Piano in a Factory, The (Gang de qin) (2010)",97823,4.0,0.8
109516,Something's Gonna Live,2010-08-27,8.5,Documentary,"Robert F. Boyle, Henry Bumstead, Conrad L. Hall, Albert Nozaki, Haskell Wexler",Daniel Raim,"The Los Angeles Times Critics' Pick Something’s Gonna Live is an intimate portrait of life, death, friendship and the movies, as recalled by some of Hollywood's greatest cinema artists.  Academy Award®-nominated director Daniel Raim (The Man on Lincoln’s Nose), captures the late life coming together of renowned art directors Robert Boyle (North by Northwest, The Birds), Henry Bumstead (To Kill a Mockingbird, The Sting) and Albert Nozaki (The War of the Worlds, The Ten Commandments), storyboard illustrator Harold Michelson (The Graduate, Star Trek: The Motion Picture), and master cinematographers Haskell Wexler (Who’s Afraid of Virginia Woolf?, Medium Cool) and Conrad Hall (In Cold Blood, Butch Cassidy and the Sundance Kid).  These prolific artists have worked on a total of 400 films, garnering 25 Academy Award® nominations and 8 wins.",Something's Gonna Live (2010),98059,4.25,0.85
56928,Meet Monica Velour,2010-06-04,5.627,"Comedy, Drama, Romance","Kim Cattrall, Dustin Ingram, Brian Dennehy, Keith David, Sam McMurray",Keith Bearden,"For Tobe, a nerdy, horny, frizzy-haired cineaste who doesn't quite fit in with the average contemporary teen, the pinnacle of womanhood is Monica Velour, a soft-core actress who reached the zenith of her career in the 1980s. When Tobe learns that his love idol is headlining hundreds of miles away at the Gentlemen's Petting Zoo in Indiana, he drives off with carefree glory, filled with the hope of meeting her.",Meet Monica Velour (2010),98140,2.5,0.5
45585,Kill Me Please,2010-11-03,6.432,"Comedy, Drama","Aurélien Recoing, Virgile Bramly, Daniel Cohen, Virginie Efira, Bouli Lanners",Olias Barco,"Doctor Kruger dreams to insert “the suicide in modernity”. He offers to his patients the service of a private clinic where one can die in all peace, champagne glass to the hand. But in the private clinic of “ideal death”, nothing occurs as envisaged.",Kill Me Please (2010),98151,3.25,0.65
53354,In Their Sleep,2010-03-21,4.875,"Horror, Thriller","Anne Parillaud, Arthur Dupont, Thierry Frémont, Jean-Hugues Anglade, Léo Moser","Caroline du Potet, Éric du Potet","Sarah's life is in pieces after the brutal death of her 18 year-old son. One night, her car accidentally hits Arthur, a young man the same age as her boy who is running from a burglar. Sarah sympathizes with him and takes him in, only to be tracked down by the burglar whose murderous rage towards Arthur forces her to take action.",In Their Sleep (Dans ton sommeil) (2010),98167,2.8333333333333335,0.5666666666666667
338853,Tokio Baby,2010-01-01,3.3,Drama,"Jaana Joensuu, Mirei Kato, Teemu Ojanne, Jaana Saarinen",Tommi Kainulainen,"Tokio Baby is a story about 15-year-old Saara whose fate is to be stuck on her parents' farm. She can only dream of an escape from the idyllic countryside to Animecon, a Japanese animation and comics festival, when she gets grounded for three days. Hara-kiri! Saara is saved from dying of boredom by her imaginary friend Aiko, whose totally zenless anarchy makes the rift between Saara and her parents even bigger.",Tokio Baby (2010),98294,1.8333333333333333,0.36666666666666664
62069,Four More Years,2010-11-26,6.065,"Comedy, Drama, Romance","Björn Kjellman, Eric Ericson, Tova Magnusson, Sten Ljunggren, Jacob Nordenson",Tova Magnusson,"The Swedish Liberal party leader David Holst is in crisis. Just recently, he was Sweden’s hottest politician. Stylish, funny, popular and the obvious candidate as the country’s next Prime Minister. Now, two years and a disappointing election defeat later, he finds himself in free fall. The voters have deserted him, the party is in uproar and he can hardly manage to get out of bed. It gets no better when he falls head over heels in love with party general secretary Martin, the last person on earth he can fall in love with. A man. A Social Democrat.",Four more years (Fyra år till) (2010),98378,3.1818181818181817,0.6363636363636364
48161,NOKAS,2010-10-01,6.159,"Action, Crime, Drama","Thomas Berhane, Kenneth Marcel D'Offay, André Eriksen, Francis Gamble, Edwin Gustoff",Erik Skjoldbjærg,"On the 5th of April 2004, the greatest bank robbery in Norwegian history was carried out in Stavanger. The events are seen through the eyes of those who were directly involved – the bank robbers, police officers and employees of the firm. The film is based on testimonies of eye-witnesses and unfolds in the places where the attack took place.",Nokas (2010),98402,2.9523809523809526,0.5904761904761905
61591,Welcome to the Space Show,2010-02-18,6.469,"Animation, Science Fiction","Takuto Yoshinaga, Tomoyo Kurosawa, Tamaki Matsumoto, Keiji Fujiwara, Honoka Ikezuki",Koji Masunari,"Five children save the life of a dog-like alien while at a self-run summer camp. He attempts to reward them by taking them to an alien colony on the Moon. Events take a turn for the worse when his report on that attack that injured him causes passage from the Moon to the Earth to be banned, and children are stranded in space. The children need to find a way back home before camp ends and their parents discover that they are missing. They also have to avoid the poachers that injured their alien friend, and now seem to be stalking them all.",Welcome to the Space Show (Uchû shô e yôkoso) (2010),98621,3.236842105263158,0.6473684210526316
64074,Two in the Wave,2010-05-19,6.3,Documentary,"Jean-Luc Godard, François Truffaut, Antoine de Baecque, Isild Le Besco",Emmanuel Laurent,"An in-depth analysis of the relationship between New Wave pioneers François Truffaut and Jean-Luc Godard, as seen through rare archival footage, interviews, and film excerpts — written and narrated by former Cahiers du Cinéma editor Antoine de Baecque.",Two in the Wave (2010),98927,3.375,0.675
44560,Aftershock,2010-07-22,7.106,Drama,"Xu Fan, Zhang Jingchu, Wang Ziwen, Chen Daoming, Jerry Lee",Feng Xiaogang,"The epic story of a family separated as a result of the Great Tangshan Earthquake of 1976.  Based on the Tangshan Earthquake in 1976 that took the lives of 240,000 people.",Aftershock (Tangshan dadizhen) (2010),99045,3.9285714285714284,0.7857142857142857
46564,A Marine Story,2010-11-05,5.911,Drama,"Dreya Weber, Paris Pickard, Christine Mourad, Anthony Michael Jones, Jason Williams",Ned Farr,"Marine officer Alexandra is tough enough to kick any guy's ass in a bar fight, but there's one opponent she can't beat: military policy. When she returns to her conservative hometown from Iraq with a mysterious personal life, she finds herself charged with preparing a tempestuous teenage girl to boot camp.","Marine Story, A (2010)",99249,3.0555555555555554,0.611111111111111
46675,Best Friends Forever,2010-06-09,5.642,Comedy,"Marc Lavoine, Pierre-François Martin-Laval, Léa Drucker, Pascale Arbillot, Yvon Back",Julien Rambaldi,"A weekend in the green with your best friends. Those who really love you. Those in whom you have absolute confidence. Those who understand you and always tell you the truth. And above all, those who rot you without knowing that they pressed the callback key of their phone.","Meilleurs amis du monde, Les (2010)",99285,4.5,0.9
63171,"Glenn, the Flying Robot",2011-07-05,4.2,"Science Fiction, Fantasy","Billy Boyd, Dominic Gould, Smadi Wolfman, Geoffrey Carey, Patrick Bauchau",Marc Goldstein,"Henry and Jack are two famous and talented pianists: they are rivals and try to outdo each other in the various music events where they regularly compete. The former friends will clash with no mercy, from contest to contest until the day a domestic robot, GLENN, enters their lives. GLENN will jeopardize everybody and everything around them.","Glenn, the Flying Robot (2010)",99347,1.75,0.35
115400,The Woodmans,2011-01-19,5.8,Documentary,"Francesca Woodman, George Woodman, Betty Woodman, Charles Woodman",Scott Willis,"The story of a family that suffers a tragedy, but perseveres and finds redemption through each other and their work - making art.","Woodmans, The (2010)",99355,3.125,0.625
44244,Camp Rock 2: The Final Jam,2010-09-17,6.332,"Comedy, Music, TV Movie","Demi Lovato, Joe Jonas, Nick Jonas, Kevin Jonas, Daniel Fathers",Paul Hoen,"Mitchie can't wait to go back to Camp Rock and spend the summer making new music with her friends and superstar Shane Gray. But the slick new camp across the lake, Camp Star, has drummed up some serious competition – featuring newcomers Luke and Dana. In a sensational battle of the bands, with Camp Rock's future at stake, will Camp Star's flashy production and over-the-top antics win out, or will Camp Rockers prove that music, teamwork, and spirit are what truly matter?",Camp Rock 2: The Final Jam (2010),99371,2.8173913043478263,0.5634782608695652
41592,StreetDance 3D,2010-05-19,6.475,"Music, Romance, Drama","Nichola Burley, Richard Winsor, Ukweli Roach, Frank Harper, George Sampson","Max Giwa, Dania Pasquini","In order to win the Street Dance Championships, a dance crew is forced to work with ballet dancers from the Royal Dance School in exchange for rehearsal space.",StreetDance 3D (2010),99373,2.9038461538461537,0.5807692307692307
73283,Transfer,2010-09-23,6.1,"Drama, Science Fiction","Regine Nehy, Ingrid Andree, Hans-Michael Rehberg, Mehmet Kurtuluş, B.J. Britt",Damir Lukacevic,"In the near future, the company, ""Menzana"" succeeds with the crucial step of transferring personalities for eternal youth.  For the aged Hermann and his seriously ill wife, Anna, they both fear the day that death will separate them.  At Menzana, they commit to purchasing the bodies of Apolain and Sarah.  Under the conditions of the transfer, Hermann and Anna have use of their new bodies for 20 hours a day.  When they sleep, their hosts Apolain and Sarah return to consciousness are able to use their own bodies for a period of four hours.",Transfer (2010),99387,3.4,0.6799999999999999
81515,Vidal Sassoon: The Movie,2010-04-23,6.8,Documentary,"Beverly Adams, Elgin Charles Williams, Grace Coddington, Michael Gordon, Irina Khokhlova",Craig Teper,"This incisive documentary profiles trend-setting stylist Vidal Sassoon, from his harsh childhood and Israeli military service to his revolutionary approach to hairstyles and his establishment as a world-renowned brand.",Vidal Sassoon: The Movie (2010),99439,3.0,0.6
83479,Ultrasuede: In Search of Halston,2011-09-23,2.0,Documentary,"Patricia Altschul, Phillip Bloch, Thom Browne, Stephen Burrows, Pat Cleveland",Whitney Smith,"A glowing, prismatic portrait of the rise and fall of America's first celebrity designer—Halston—the man who was synonymous with fashion in the 1970s, and became the emperor of NYC nightlife. Interviews with friends and witnesses (including Liza Minnelli, Diane Von Furstenberg, André Leon Talley, Anjelica Huston, Bob Colacello, and Billy Joel, among others) round out this glittering evocation of the man who defined the most beautiful and decadent era of recent memory.",Ultrasuede: In Search of Halston (2010),99446,3.0,0.6
72678,Henry,2010-03-31,5.0,"Comedy, Music","Elise Larnicol, Bruno Ricci, Manuelle Haeringer, Bruno Lochet, Camille Saféris","Pascal Rémy, Kafka","Henry can't control himself : he's got to cheat, con, plot. It's not his fault, it's his nature ! Underhand deals, compromise, lies, and betrayals are the daily lot of this guitarist for provincial village dances. And he has no qualms about anything : getting his depressed sister committed, ripping off his mother who's grief-stricken after the death of her companion, compromising himself with an extreme right-wing party.",Henry (2010),99519,2.5,0.5
76421,Role/Play,2010-06-03,5.5,"Drama, Romance","Steve Callahan, Matthew Montgomery, David Pevsner, Brian Nolan, Matthew Stephen Herrick",Rob Williams,"A recently outed soap opera actor crosses paths with a recently divorced gay marriage activist, forcing them to confront the price of fame and the fickle nature of celebrity within the gay community.",Role/Play (2010),99615,2.4,0.48
79528,Secrets of the Tribe,2010-01-22,6.8,"Documentary, TV Movie","Robert Borofsky, Jesus Cardozo, Marie Isabel Eguillor, Brian Ferguson, Kenneth Good",José Padilha,"What happens when western anthropologists descend on the Amazon and make one of the last unacculturated tribes in existence, the Yanomami, the most exhaustively filmed and studied tribe on the planet? Despite their ""do no harm"" creed and scientific aims, the small army of anthropologists that has studied the Yanomami since the 1960s has wreaked havoc among the tribe – and sparked a war within the anthropology community itself.",Secrets of the Tribe (2010),99760,3.8,0.76
83731,John Mellencamp: It's About You,2012-01-04,5.0,"Documentary, Music","Kurt Markus, John Mellencamp, Bob Dylan, Willie Nelson, T Bone Burnett","Ian Markus, Kurt Markus",It's About You is a 2012 music documentary film directed by father and son duo Ian & Kurt Markus. The films focus regards John Mellencamps 2009 tour with Bob Dylan and Willie Nelson and the recording of his new album in the month and a half of the tour. The film was shot entirely in the Super 8 format.,It's About You (2010),99848,3.0,0.6
53861,Die,2010-01-06,4.597,"Thriller, Mystery","Emily Hampshire, Elias Koteas, John Pyper-Ferguson, Caterina Murino, Patricia McKenzie",Dominic James,"Six people, each of them is on the road to self-destruction. They wake up in cells in a surreal facility, without knowing how they got there or why.",Die (2010),100056,2.727272727272727,0.5454545454545454
54075,Choose,2011-01-17,4.505,"Crime, Drama, Horror, Thriller","Katheryn Winnick, Nicholas Tucci, Kevin Pollak, Bruce Dern, Richard Short",Marcus Graves,"Fiona Wagner, a journalism student, tracks a cold-blooded killer with the help of her detective father and a therapist.",Choose (2010),100075,2.735294117647059,0.5470588235294118
81634,Jean Gentil,2012-04-20,5.2,Drama,"Jean Remy Genty, Yanmarco King Encarnación, Paul Henri Presumé, Nadal Walcott, Lys Ambroise","Laura Amelia Guzmán, Israel Cárdenas","Jean Remy is a Haitian man struggling to find employment in Dominican Republic. Confronted with rejection and discrimination in the city, he sets off to try his luck in the countryside. Imbued with a naturalistic grace, this deeply sympathetic portrait speaks eloquently to the trials of humanity.",Jean Gentil (2010),100101,4.0,0.8
76686,The Green Wave,2012-01-18,7.833,"Documentary, Animation, History","Mohsen Kadivar, Mitra Khalatbari, Shadi Sadr, Mehdi Mohseni, Payam Akhavan",Ali Samadi Ahadi,Green was the symbol of recognition among the supporters of Iranian presidential candidate Mir-Hossein Mousavi. This documentary-collage illustrates with animated blogs and tweets the story of democracy under fire and the dramatic events before and after the 2009 presidential elections in Iran.,"Green Wave, The (2010)",100155,3.1666666666666665,0.6333333333333333
103667,Murder by Proxy: How America Went Postal,2010-01-01,8.0,Documentary,,Emil Chiaberi,"Murder By Proxy: How America Went Postal is a documentary that examines the phenomenon of spree killing, particularly in a workplace, that became known in the United States as “going postal”. The film argues that the phenomenon originated in the United States Postal Service as a result of hostile work environment following the Postal Reorganization Act of 1971 and then spread to the rest of society.",Murder by Proxy: How America Went Postal (2010),100167,3.125,0.625
109520,After Porn Ends,2012-05-21,5.626,Documentary,"Amber Lynn, Asia Carrera, Mary Carey, Crissy Moran, Raylene",Bryce Wagoner,"Documentary examining what happens to some of the biggest names in the history of the adult entertainment industry after they leave the business and try and live ""normal"" lives.",After Porn Ends (2010),100169,2.9647058823529413,0.5929411764705883
39750,Stonehenge Apocalypse,2010-06-12,4.201,"Science Fiction, Action, TV Movie","Misha Collins, Torri Higginson, Peter Wingfield, Hill Harper, David James Lewis",Paul Ziller,"When a group of archaeologists dig up a human skeleton near Stonehenge, an ancient piece of machinery hidden beneath the bedrock is discovered. Not knowing what it could be, the workers accidentally trigger the mechanism and start a chain of events that may very well end the world as we know it",Stonehenge Apocalypse (2010),100173,2.1,0.42000000000000004
70829,The Last Godfather,2010-12-29,4.2,"Comedy, Crime, Romance","Shim Hyung-rae, Harvey Keitel, Michael Rispoli, Jason Mewes, Jocelin Donahue",Shim Hyung-rae,"Young-goo the son of mafia boss Don Carini, is too foolish to be part of the mafia elite. One day, Young-goo comes to his father and is trained by Tony V to be his father's successor. A few days later, Young-goo accidentally rescues Nancy, the only daughter of Don Bonfante, the boss of a rival mafia family. But Vinnie, an under-boss of the Bonfante family kidnapped her and fabricates that Young-goo has taken her. Vinnie's behavior provokes an armed conflict between the two families.","Last Godfather, The (2010)",100180,1.4,0.27999999999999997
51071,The Big Picture,2010-11-03,6.289,Thriller,"Romain Duris, Marina Foïs, Catherine Deneuve, Niels Arestrup, Branka Katić",Eric Lartigau,"Paul Exben is a success story – partner in one of Paris's most exclusive law firms, big salary, big house, glamorous wife and two sons straight out of a Gap catalog. But when he finds out that Sarah, his wife, is cheating on him with Greg Kremer, a local photographer, a rush of blood provokes Paul into a fatal error.","Big Picture, The (L'homme qui voulait vivre sa vie) (2010)",100238,3.3392857142857144,0.6678571428571429
50006,The Karlsson Brothers,2010-06-30,4.625,Comedy,"Björn Bengtsson, Tuva Novotny, Jessica Zandén, Vanna Rosenberg, Johan Rabaeus",Kjell Sundvall,"The Karlsson Brothers is a ""confusion"" comedy about two identical-twin brothers, each initially unaware of the other's existence. One brother is a successful, perfectionist lawyer living in Stockholm. The other brother lives in the North of Sweden with a wife and children, and is a notoriously unfaithful ne'er-do-well. The brothers meet for the first time as they go through their deceased mother's estate. Their meeting leads to a series of challenging mix-ups, turning both their lives on end. The brothers' differences prove gradually to be a source of strength, and their newfound friendship will change their lives forever.",Karlsson Brothers (Bröderna Karlsson) (2010),100253,3.5,0.7
45316,Udaan,2010-06-17,7.213,Drama,"Ronit Roy, Rajat Barmecha, Aayan Boradia, Ram Kapoor, Manjot Singh",Vikramaditya Motwane,"Upon returning to his industrial hometown, a young man must decide whether to follow his own dreams or acquiesce to his father's plans for his future.",Udaan (2010),100336,3.6153846153846154,0.7230769230769231
97724,The Adonis Factor,2010-06-19,4.125,Documentary,"Gregory Cason, Clint Catalist, Anderson Davis, Anthony O'Brien, Shane Stiel",Chistopher Hines,"Gay men and their pursuit of physical perfection.  When it comes to looks and body image, gay men can be a pretty tough crowd. Men are visually programmed. And gay men have an appreciation for beauty in all aspects, whether it's other male bodies or just antiques. There's no doubt that attractiveness is key to a man's self-esteem and his impression on others, especially in gay life. The pressure to look good is even more intense in an image- driven culture where near-naked images of masculine perfection abound. Men are being objectified as never before. From super models and muscle boys, to bears and twinks to average Joes, along with experts in the business of beauty, ""The Adonis Factor"" is a revealing look at gay men's love or lust for all things pretty.","Adonis Factor, The (2010)",100361,2.8,0.5599999999999999
60011,The Bang Bang Club,2011-04-22,6.594,"Drama, History","Malin Åkerman, Ryan Phillippe, Taylor Kitsch, Frank Rautenbach, Neels Van Jaarsveld",Steven Silver,"In the early to mid '90s, when the South African system of apartheid was in its death throes, four photographers - Greg Marinovich, Kevin Carter, Ken Oosterbroek and João Silva - bonded by their friendship and a sense of purpose, worked together to chronicle the violence and upheaval leading up to the 1994 election of Nelson Mandela as president. Their work is risky and dangerous, potentially fatally so, as they thrust themselves into the middle of chaotic clashes between forces backed by the government (including Inkatha Zulu warriors) and those in support of Mandela's African National Congress.","Bang Bang Club, The (2010)",100426,3.4473684210526314,0.6894736842105262
46541,Game of Death,2011-03-31,4.9,"Adventure, Action, Thriller","Wesley Snipes, Gary Daniels, Robert Davi, Zoë Bell, Aunjanue Ellis-Taylor",Giorgio Serafini,"CIA agent Marcus is sent undercover to Detroit to take out an arms dealer and the head of the hedge fund that is financing him. His CIA backup has other plans and turns on him, and it's a fight to survive in a hospital and into the hedge fund vault.",Game of Death (2010),100457,2.5,0.5
44946,Knucklehead,2010-10-22,5.6,"Drama, Comedy","Mark Feuerstein, Dennis Farina, Melora Hardin, Paul Wight, Wendie Malick",Michael W. Watkins,A fight promoter deeply in debt to his crooked rival and desperate for a new fighter catches a break when a 450 pound church handyman who has spent his entire life in an orphanage agrees to wrestle on behalf of his fellow orphans.,Knucklehead (2010),100496,2.0,0.4
60993,Salla - Selling the Silence,2011-03-11,6.5,Documentary,"Jyrki Kuukkanen, Kari Väyrynen, Erkka Parkkinen, Henry Hulkko, Markku Kankaanranta",Markku Tuurna,"Selling the Silence is a creative documentary film. It witnesses the rise and fall of one family of entrepreneurs, the Kuukkanen family from Salla, Lapland, side-by-side with the current changes in the values of our society. In combining private and personal family memories with ongoing changes in the scenery, the documentary asks: How to avoid irreversible changes in the nature when earning your living?  Selling the Silence is a journey to the North, past and present. Sometimes the journey can be surprising, sometimes sad, sometimes absurd in a black Finnish way. When the film asks: ”What is the price of the wilderness?”, it is also a question of identity: Who you really are? What is your real nature?",Salla: Selling the Silence (2010),100653,3.5,0.7
156937,Holy Wars,2010-01-01,7.5,,"Khalid Kelly, Aaron D. Taylor, Sheikh Omar Bakri Muhammad Fostok, M. Shahid Alam, Dianne Kannady",Stephen Marshall,"Take one Muslim advocate for global jihad and put him in a room with one conservative Christian on a mission to evangelize the world's Muslims. Which man will be left standing? Touching down in four hotbeds of religious fundamentalism - Pakistan, Lebanon, UK, and heartland America - HolyWars goes behind the scenes of the 1400 year old conflict between Islam and Christianity. The film follows a danger-seeking Christian missionary and a radical Muslim Irish convert, both of whom believe in an apocalyptic battle, after which their religion will ultimately rule the world. Tracking their lives from the onset of the ""War on Terror"" to the election of Barack Obama, HolyWars shows that even the most radical of believers can be transformed by our changing world",Holy Wars (2010),100884,4.0,0.8
53399,The Solitude of Prime Numbers,2010-09-10,5.889,Drama,"Alba Rohrwacher, Luca Marinelli, Aurora Ruffino, Arianna Nastro, Tommaso Maria Neri",Saverio Costanzo,"Prime numbers are divisible only by one and themselves. These numbers are solitary and incomprehensible to others. Alice and Mattia are both ""prime"", both haunted by the tragedies that have marked them in childhood: a skiing accident for Alice which has caused a defect in her leg, and the loss of his twin sister for Matthew.","Solitude of Prime Numbers, The (2010)",101068,3.1785714285714284,0.6357142857142857
59255,The Unintentional Kidnapping of Mrs. Elfriede Ott,2010-10-01,6.9,Comedy,"Michael Ostrowski, Andreas Kiendl, Elfriede Ott, Gerhard Liebmann, Angelika Niedetzky",Andreas Prochaska,"Horst receives the monthly pension from his grandmother. The only problem is, that she is dead. As a local politician wants to congratulate the grandmother to her birthday Horst ""borrows"" an old lady from a hospital nearby, not recognizing that he just kidnapped actress Elfriede Ott.","Unintentional Kidnapping of Mrs. Elfriede Ott, The (Die Unabsichtliche Entführung der Frau Elfriede Ott) (2010)",101072,3.111111111111111,0.6222222222222222
44158,This Movie Is Broken,2010-06-25,3.567,"Drama, Music, Romance","Georgina Reilly, Gregory Ambrose Calderone, Kjartan Hewitt, Lyndie Greenwood, Tracy Wright",Bruce McDonald,"Bruno wakes up in bed next to Caroline, his long time crush. But tomorrow she's off for school in France, and maybe she only granted this miracle as a parting gift for her long time friend. So tonight is Bruno's last chance. And tonight, as it happens, Broken Social Scene, her favourite band, is throwing a big outdoor bash. Maybe if Bruno, with the help of his best pal Blake, can score tickets and give Caroline a night to remember, he can keep this miracle alive.",This Movie Is Broken (2010),101156,1.75,0.35
85039,Life 2.0,2010-01-22,6.2,Documentary,,Jason Spingarn-Koff,"This feature-length documentary follows a group of people whose lives are dramatically transformed by a virtual world -- reshaping relationships, identities, and ultimately the very notion of reality.",Life 2.0 (2010),101158,3.125,0.625
82079,Sons of Perdition,2010-04-24,6.846,Documentary,,"Tyler Measom, Jennilyn Merten",An inside look at polygamist teens who have become religious refugees in mainstream America.,Sons of Perdition (2010),101160,3.75,0.75
60534,The Silence,2010-08-13,6.6,"Crime, Thriller, Drama","Ulrich Thomsen, Wotan Wilke Möhring, Katrin Sass, Sebastian Blomberg, Burghart Klaußner",Baran bo Odar,13-year-old Sinikka vanishes on a hot summer night. Her bicycle is found in the exact place where a girl was killed 23 years ago. The dramatic present forces those involved in the original case to face their past.,"Silence, The (Das letzte Schweigen) (2010)",101210,3.3777777777777778,0.6755555555555556
89185,Radio Rebel,2012-06-09,6.178,"Comedy, Drama, Family, TV Movie, Music","Debby Ryan, Sarena Parmar, Adam DiMarco, Atticus Mitchell, Merritt Patterson",Peter Howitt,"High school senior Tara is so painfully shy that she dreads speaking to anyone in the hallways or getting called on in class. But in the privacy of her bedroom with her iPod in hand, she rocks out -- doing mock broadcasts for Miami's hottest FM radio station, which happens to be owned by her stepfather. When a slot opens up at The SLAM, Tara surprises herself by blossoming behind the mike into confident, ""Radio Rebel"" -- and to everyone's shock, she's a hit!",Radio Rebel (2010),101258,3.1382978723404253,0.6276595744680851
35558,Starstruck,2010-02-14,7.032,"Romance, Comedy, TV Movie, Music","Sterling Knight, Danielle Campbell, Brandon Mychal Smith, Chelsea Kane, Maggie Castle",Michael Grossman,"Pop star Christopher Wilde has fame, fortune and a big-budget Hollywood movie awaiting him. But after meeting Jessica Olson, a down-to-earth girl from the Midwest, he is faced with following his heart or doing what's best for his career.",StarStruck (2010),101260,3.077777777777778,0.6155555555555556
41156,I Am Comic,2010-01-10,6.3,"Documentary, Comedy","Ahmed Ahmed, Franklyn Ajaye, Ant, Craig Anton, Tom Arnold",Jordan Brady,"Through unprecedented backstage access and candid interviews, the film weaves through the absurd world of the working comedian and reveals a crazy and hilarious psychological profile of its practitioners. We also follow retired comic Ritch Shydner's attempt to climb back on stage after a thirteen-year hiatus. At the top of his game in the 1980's, Shydner had HBO specials, shot five pilot TV shows, and numerous late night appearances (Carson, Letterman, Leno, etc.) but the big time eluded him. Equipped with the collective wisdom and nutty musings of over 80 of his peers, he gives it another shot. Does Ritch have what it takes to connect with today's young crowds and still get the laughs?",I Am Comic (2010),101352,3.2666666666666666,0.6533333333333333
54328,Ocean Heaven,2010-06-24,7.6,Drama,"Jet Li, Wen Zhang, Gwei Lun-Mei, Zhu Yuanyuan, Gao Yuanyuan",Xiaolu Xue,"The story of a father's tireless love for his autistic son. A terminally ill father's attempt to teach his autistic son the necessary life skills to survive on his own before he passes away. It is also a poignant tribute to the infinite love that parents have for their children and their unending desire to take care and look after them to their best abilities, no matter the struggle, no matter the effort.",Ocean Heaven (2010) ,101579,3.9166666666666665,0.7833333333333333
59419,The Best and the Brightest,2010-10-16,4.8,Comedy,"Neil Patrick Harris, Bonnie Somerville, Peter Serafinowicz, Bridget Regan, Jenna Stern",Josh Shelov,"Set in the world of New York City's elite private kindergartens, The Best and the Brightest centers on a fresh-faced young couple, Samantha and Jeff, who have only recently moved into town. The comedy centers on their dawning realization of the lengths they must go to in order to get their five-year-old daughter into school.","Best and the Brightest, The (2010)",101583,2.7,0.54
62878,Riverworld,2010-04-18,4.678,"Science Fiction, TV Movie","Tahmoh Penikett, Mark Deklin, Peter Wingfield, Jeananne Goossen, Alan Cumming",Stuart Gillard,"Welcome to Riverworld, a place of strange, watery beauty and the current abode of a fascinating cast of the recently (and not-so-recently) dead. It certainly isn't Heaven, but it just might be Hell.",Riverworld (2010),101614,2.8461538461538463,0.5692307692307692
58483,A Family,2011-02-24,6.0,Drama,"Lene Maria Christensen, Jesper Christensen, Pilou Asbæk, Anne Louise Hassing, Line Kruse",Pernille Fischer Christensen,"Ditte owns a gallery, has a loving boyfriend and her dream job in New York is within reach. But Ditte is also the youngest generation of the famous bakery dynasty, Rheinwald, and when her beloved, but dominating father comes down with a serious illness, Ditte is faced with the grueling decision: To pursue her own dreams, or to continue the legacy of her family.","Familie, En (2010)",101767,3.6875,0.7375
108337,A Tiro de Piedra,2010-09-17,4.75,Adventure,"Gabino Rodríguez, Rogelio Medina, Alejandra España, Julián Silva, Montserrat Ángeles Peralta",Sebastián Hiriart,"Jacinto Medina, a 21 year old youth, is bored with his life as a shepherd in northern Mexico. He finds a keychain on the ground and, seeing it as a signal, undertakes a trip that will lead him to cross thousands of miles.","Stone's Throw Away, A (A tiro de piedra) (2010)",101794,2.5,0.5
81579,One Lucky Elephant,2010-06-01,6.6,Documentary,,Lisa Leeman,"Where does an elephant go after a life in the circus? Sixteen years have passed since circus producer David Balding adopted Flora, the orphaned baby African elephant he lovingly raised as part of his family and made the star of his show. As Flora approaches adulthood, he realizes that she is not happy performing. Ultimately, David must face the difficult truth that the circus is no place for Flora. She needs to be with other elephants. The road to Flora’s retirement, however, is a difficult and emotional journey which tests their bond in unexpected ways. Ten years in the making, One Lucky Elephant explores the consequences of keeping wild animals in captivity, while never losing sight of the delicate love story at its heart.",One Lucky Elephant (2010),101846,4.0,0.8
54994,Teenage Paparazzo,2010-01-22,7.0,Documentary,"Adrian Grenier, Austin Visschedyk, Lindsay Lohan, Paris Hilton, Alec Baldwin",Adrian Grenier,A documentary that examines the relationship between celebrity and society.,Teenage Paparazzo (2010),101857,3.6,0.72
62325,Bhutto,2010-11-05,5.6,Documentary,"Aseefa Bhutto Zardari, Bakhtawar Bhutto Zardari, Bilawal Bhutto Zardari, Asif Ali Zardari, Sanam Bhutto","Duane Baughman, Johnny O'Hara","BHUTTO is the definitive documentary that chronicles the life of one of the most complex and fascinating characters of our time. Hers is an epic tale of Shakespearean dimension. It’s the story of the first woman in history to lead a Muslim nation: Pakistan. Newsweek called it the most dangerous place in the world, and the home of nuclear war heads and the Taliban.",Bhutto (2010),101918,3.25,0.65
37757,Never Sleep Again: The Elm Street Legacy,2010-05-04,7.803,Documentary,"Heather Langenkamp, Robert Englund, Wes Craven, Robert Shaye, Lisa Wilcox","Daniel Farrands, Andrew Kasch","For decades, Freddy Krueger has slashed his way through the dreams of countless youngsters, scaring up over half a billion dollars at the box office across eight terrifying, spectacular films.",Never Sleep Again: The Elm Street Legacy (2010),101971,3.772727272727273,0.7545454545454546
91073,Late Autumn,2011-02-17,6.824,"Drama, Romance","Hyun Bin, Tang Wei, Jun Kim, John Wu, Danni Lang",Kim Tae-yong,Anna learns in prison that her mother has passed away in Seattle. Prison officials grants Anna a three day furlough to attend her mother's funeral. Anna embarks on a long trip to Seattle. Hoon is a Korean immigrant who works as a gigolo. Hoon is now on the run from a wealthy client's furious husband. These two seemingly lost souls are about to share three memorable days together.,Late Autumn (Man-choo) (2010),102171,3.7857142857142856,0.7571428571428571
101501,The Afflicted,2011-10-22,4.379,"Horror, Thriller","Leslie Easterbrook, Kane Hodder, J.D. Hart, Michele Grey Hartsoe",Jason Stoddard,"A story of incomprehensible abuse delivered by an explosively violent mother of four. Journey through the mind of a child that experiences a living hell, defined and defended by the twisted religious beliefs of her mother.","Afflicted, The (2010)",102275,3.1666666666666665,0.6333333333333333
39333,180° South,2010-02-10,7.183,"Comedy, Documentary, Drama","Yvon Chouinard, Doug Tompkins, Keith Malloy, Makohe, Timmy O'Neill",Chris Malloy,The film follows adventurer Jeff Johnson as he retraces the epic 1968 journey of his heroes Yvon Chouinard and Doug Tompkins to Patagonia.,180° South (180 Degrees South) (180° South: Conquerors of the Useless) (2010),102596,3.574074074074074,0.7148148148148148
60152,L.A. Zombie,2010-01-10,4.8,Horror,"François Sagat, Rocco Giovanni, Tony Ward, Matthew Rush, Eddie Diaz",Bruce LaBruce,"An extraterrestrial zombie, whose appearance constantly shifts between that of a corpse, a tusked beast with irregular genitals, and a normal man, emerges from the sea, and begins making its way to Los Angeles.",L.A. Zombie (2010),102828,2.0,0.4
43938,Nice Guy Johnny,2010-11-04,4.9,"Comedy, Romance","Matt Bush, Kerry Bishé, Edward Burns, Max Baker, Anna Wood",Edward Burns,"Johnny Rizzo, is about to trade his dream job in talk radio for some snooze-ville gig that'll pay enough to please his fiance. Enter Uncle Terry, a rascally womanizer set on turning a weekend in the Hamptons into an eye-opening fling for his nephew. Nice guy Johnny's not interested, of course, but then he meets the lovely Brooke, who challenges Johnny to make the toughest decision of is life.",Nice Guy Johnny (2010),102953,3.2916666666666665,0.6583333333333333
50158,No and Me,2010-11-17,5.965,Drama,"Zabou Breitman, Bernard Campan, Nina Rodriguez, Julie-Marie Parmentier, Antonin Chalon",Zabou Breitman,"At thirteen-years-old, with an unusually high IQ and a knack for observing things about other people, Lou Bertignac is not only the youngest in her class at school; she is also the most unusual. Painfully shy, she has few friends, save for Lucas, whose company helps her get through each day. At home, Lou's life is also difficult: Her mother hasn't left the house in years and her father spends his days crying in the bathroom. Lou's world is dark and sad... That is, until she meets No.",No and Me (No et moi) (2010),103036,3.1666666666666665,0.6333333333333333
97562,One hundred years of evil,2010-01-01,4.5,"Adventure, Comedy, History","Jon Rekdal, Jordi Almeida, Lucy Bermingham, Michael Boland, Edward Breene","Erik Eger, Magnus Oliv","Did Adolf Hitler survive WWII and live on under an assumed identity? Norwegian researcher Skule Antonsen sides with Spanish documentary filmmaker Idelfonso Elizalde to follow in the footsteps of Adolf Munchenhauser, a Hitler look alike captured by the Allied forces in Berlin 1945. When Munchenhauser is released from Camp Rebecca in 1946, a secret prison camp in the Nevada Desert, he decides to stay in the U.S. Skule digs into Munchenhausers life and hears a lot of stories, but none of them reveal his real identity. Is it possible that Adolf Munchenhuser really was Adolf Hitler? As Skule digs deeper for the truth it becomes clear that there are powerful forces that will do anything to stop him.",100 Years of Evil (2010),103089,4.0,0.8
91334,Bad Blood: A Cautionary Tale,2010-07-28,7.5,Documentary,,Marilyn Ness,"BAD BLOOD chronicles how a ""miracle"" treatment for hemophilia became an agent of death for 10,000 Americans.",Bad Blood: A Cautionary Tale (2010) ,103118,4.0,0.8
80597,My Perestroika,2010-01-24,6.4,"Documentary, History",,Robin Hessman,"Tells the story of five people from the last generation of Soviet children who were brought up behind the Iron Curtain. Just coming of age when the USSR collapsed, they witnessed the world of their childhood crumble and change beyond recognition. Through the lives of these former schoolmates, this intimate film reveals how they have adjusted to their post-Soviet reality in today's Moscow.",My Perestroika (2010),103388,3.1666666666666665,0.6333333333333333
117530,Hong Kong Confidential,2010-09-16,6.0,"Drama, Comedy, Romance","Kaori Momoi, Andrius Mamontovas, Benz Hui Siu-Hung, Danny Lau Dan, Monie Tung Man-Lee",Māris Martinsons,"One week in one of the most exotic and picturesque cities of the world. The day of changes comes when Amaya meets a charming Englishman, Paul and it dramatically changes Amaya's perception of her cultural and personal identity.",Hong Kong Confidential (Amaya) (2010),103418,3.0,0.6
45556,Arctic Blast,2010-08-04,5.698,"Science Fiction, Action","Michael Shanks, Alexandra Davies, Saskia Hampele, Bruce Davison, Indiana Evans",Brian Trenchard-Smith,"When a solar eclipse sends a colossal blast of super chilled air towards the earth, it then sets off a catastrophic chain of events that threatens to engulf the world in ice and begin a new Ice Age.",Arctic Blast (2010),103489,2.0,0.4
57209,Inadequate People,2010-12-12,7.1,"Comedy, Romance, Drama","Ilya Lyubimov, Ingrid Olerinskaya, Evgeny Tsyganov, Yuliya Takshina, Artem Dushkin",Roman Karimov,"Adequacy is relative. Vitalik the main character of the movie seems to be pretty normal. With a respectable office job, a comfy little dwelling and a personal couch doctor, Vitalik looks as adequate as a human can possibly be. Wait till he drinks and drives himself into depression, and after that falls in love with an under-age girl living next door. Who's adequate now?",Inadequate People (Neadekvatnye lyudi) (2010),103534,3.7027027027027026,0.7405405405405405
154779,Ed Hardy: Tattoo the World,2010-10-09,5.3,Documentary,,Emiko Omori,"Ed Hardy is emblazoned on clothing worn by Madonna, Bruce Springsteen and Mick Jagger, on wine and dozens of other products. Now you'll meet the real Ed Hardy, the godfather of modern tattooing and artist extraordinaire who gave up a promising career in the fine arts to pursue his childhood obsession: tattoos.",Ed Hardy: Tattoo the World (2010) ,103545,3.6666666666666665,0.7333333333333333
179270,Tell Me and I Will Forget,2010-01-01,6.0,Documentary,,Justin Salerian,Justin Salerian follows South African paramedics from Pretoria and Johannesburg who face a surge of violent crime and historic social change 15 years since the end of its oppressive Apartheid era.,Tell Me and I Will Forget (2010),103557,3.5,0.7
61330,Please Remove Your Shoes,2010-07-01,5.9,Documentary,"John Adler, Malcolm Bennett, Kathleen Berrick, Steven Bierfeldt, P. Jeffrey Black",Rob DelGaudio,"A documentary about the US government's broken promise to keep our airlines secure, and the personal stories of a few people who know the truth - congressmen, air marshals, aviation security employees. It will make you angry and flying in an airplane may never be the same again.",Please Remove Your Shoes (2010) ,103600,2.0,0.4
41180,The Client List,2010-07-19,5.874,"Drama, TV Movie","Jennifer Love Hewitt, Teddy Sears, Sonja Bennett, Lynda Boyd, Chelah Horsdal",Eric Laneuville,"After she and her husband lose their jobs, a former Texas homecoming queen inadvertently finds herself in the middle of a prostitution ring after she unknowingly accepts a position at a massage parlor.","Client List, The (2010)",103657,2.6944444444444446,0.538888888888889
100287,My Avatar and Me,2010-11-10,5.3,"Documentary, Science Fiction","Mikkel Stolt, Rob Gould, Helena Kirkorian, Danny Hillis, Peter Engberg","Bente Milton, Mikkel Stolt","is a creative documentary-fiction film and a film that might expand your sense of reality. It is the story about a man who enters the virtual world Second Life to pursue his personal dreams and ambitions. His journey into cyberspace becomes a magic learning experience, which gradually opens the gates to a much larger reality.",My Avatar and Me (Min Avatar og mig) (2010),103676,3.25,0.65
81581,Make Believe,2011-05-13,6.5,"Documentary, Family","Ed Alonzo, Kyle Eschen",J. Clay Tweel,"A coming of age journey set in the quirky subculture of magic, this film follows six of the world’s best young magicians as they battle for the title of Teen World Champion.",Make Believe (2010),103784,3.5,0.7
173938,Mighty Uke,2011-01-11,8.0,"Documentary, Music",,Tony Coleman,"Mighty Uke travels the world to discover why so many people of different nations, cultures, ages and musical tastes are turning to the ukulele to express themselves, connect with the past, and with each other.",Mighty Uke (2010),103877,3.0,0.6
47559,The First Grader,2010-09-12,7.1,"Drama, History, Romance","Naomie Harris, Tony Kgoroge, Nick Reding, Oliver Litondo, Alfred Munyua",Justin Chadwick,The true story of an 84 year-old Kenyan villager and ex Mau Mau freedom fighter who fights for his right to go to school for the first time to get the education he could never afford.,"First Grader, The (2010)",104319,3.4545454545454546,0.6909090909090909
56937,Cold Prey III,2010-10-15,5.806,Horror,"Ida Marie Bakkerud, Julie Rusti, Kim S. Falck-Jørgensen, Pål Stokka, Arthur Berning",Mikkel Brænne Sandemose,"In 1988, a group of teenagers go to visit an abandoned hotel, only to find themselves hunted by a psychotic killer through the Norwegian woods.",Cold Prey III (Fritt Vilt III) (2010),104388,2.5714285714285716,0.5142857142857143
42355,Taipei Exchanges,2010-05-14,6.6,Drama,"Gwei Lun-Mei, Zaizai Lin, Chang Han, Yuli Ma, Atari Kousuke",Hsiao Ya-chuan,"Doris simply wanted to open a refined, stylish coffee shop in a bohemian Taipei neighborhood, but when she's stuck with a load of useless gifts from the opening celebration, her younger sister Josie turns the café into a burgeoning bartering business. There, even a soulful song (by Japanese singer Atari Kosuke in a cameo) is a tradable commodity. One day, a traveler brings in 35 soaps from around the world with a story for each of them, awakening Doris' imagination about the outside world that she has never seen.",Taipei Exchanges (Di 36 ge gu shi) (2010),104464,3.75,0.75
50674,The Lost Future,2010-11-13,4.836,"Adventure, Science Fiction, TV Movie","Sean Bean, Annabelle Wallis, Corey Sevier, Eleanor Tomlinson, Jonathan Pienaar",Mikael Salomon,"A group of post-apocalyptic survivors, struggle to survive in a world where jungles and forests and primeval wetlands and deserts have obliterated civilization. They staunchly face genetically mutating beasts and mysterious diseases in an attempt to re-establish the human race as masters of Earth.","Planet of the Future, The (2010)",104638,2.125,0.425
82932,I Am,2011-02-11,7.2,Documentary,"Marc Ian Barasch, Coleman Barks, Noam Chomsky, John Francis, Lynne McTaggart",Tom Shadyac,"I AM is an utterly engaging and entertaining non-fiction film that poses two practical and provocative questions: what’s wrong with our world, and what can we do to make it better?  The filmmaker behind the inquiry is Tom Shadyac, one of Hollywood’s leading comedy practitioners and the creative force behind such blockbusters as “Ace Ventura,” “Liar Liar,” “The Nutty Professor,” and “Bruce Almighty.”  However, in I AM, Shadyac steps in front of the camera to recount what happened to him after a cycling accident left him incapacitated, possibly for good. Though he ultimately recovered, he emerged with a new sense of purpose, determined to share his own awakening to his prior life of excess and greed, and to investigate how he as an individual, and we as a race, could improve the way we live and walk in the world.",I Am (2010),104807,3.4473684210526314,0.6894736842105262
71700,Repeaters,2011-04-22,5.82,"Drama, Action, Crime, Science Fiction","Dustin Milligan, Amanda Crew, Richard de Klerk, Alexia Fast, Anja Savcic",Carl Bessai,"A gritty mind-bending thriller about three twenty-somethings who find themselves in an impossible time labyrinth, where each day they awaken to the same terrifying day as the preceding one.",Repeaters (2010) ,105133,2.9537037037037037,0.5907407407407408
38746,Bare Knuckles,2010-01-01,3.3,"Action, Adventure, Drama, Thriller","Jeanette Roxborough, Martin Kove, Chris Mulkey, Louis Mandylor, Spice Williams-Crosby",Eric Etebari,"Women will go to extreme lengths for those they love and single mother Samantha Rogers is no exception. Along with her young daughter, Milla, Sam struggles to make ends meet, taking her licks as a stunt double by day and cocktail waitressing at a rowdy bar at night. When Sam uses her skills to end a bar fight between two drunk women, down and out fight promoter Sonny Cool sees an opportunity to get back into the game. He tells Sam all about the ""show,"" a high class, underground illegal all female bare knuckle fight tournament, where brutality and elegance mix with high stakes and deception. Is the price too much for her...? Bare Knuckles..... a knockout punch of strength and determination, inspired by a true story.",Bare Knuckles (2010),105144,1.875,0.375
45756,Saint,2010-10-31,4.96,"Horror, Comedy","Huub Stapel, Egbert Jan Weeber, Caro Lenssen, Bert Luppes, Escha Tanihatu",Dick Maas,A horror film that depicts St. Nicholas as a murderous bishop who kidnaps and murders children when there is a full moon on December 5.,Saint (Sint) (2010),105204,2.2916666666666665,0.4583333333333333
68780,Lynch,2010-09-17,6.1,"Thriller, Drama","Leszek Lichota, Agnieszka Podsiadlik, Wiesław Komasa, Maciej Mikołajczyk, Łukasz Simlat",Krzysztof Łukaszewicz,"The story unfolds about the murder of an old man living in a remote village and six locals who may have been connected with the murder. Things get messy when the dead man turns out to be an ex convict. The accused ones find it very hard to deal with the preconceived attitude. The villagers, led by the families of the accused, have to fight for their innocence.",Lincz (2010),105296,3.5,0.7
55884,Sword of Desperation,2010-07-10,6.8,"Action, Thriller, Romance","Etsushi Toyokawa, Chizuru Ikewaki, Koji Kikkawa, Tsumami Edamame, Tenkyû Fukuda",Hideyuki Hirayama,"A talented but troubled Edo Period swordsman, Kanemi Sanzaemon. Three years earlier, Kanemi killed a woman, Renko, the corrupt mistress of the powerful daimyo Tabu Ukyou. Unexpectedly, Kanemi received a lenient sentence for his crime and is allowed to return to his clan after only one year of imprisonment. Following his return, Kanemi is faced with the death of his wife, Mutsue. Thereafter, Kanemi lives with and cares for his wife's niece, Satoo, who has secret affections for Kanemi and expresses them by helping change his bleak outlook on life. Meanwhile, Kanemi's develops his unique ""bird-catching"" sword technique which he will soon put to test in battle for the first time against the fearsome swordsman, Hayatonosho Obiya.",Sword of Desperation (Hisshiken torisashi) (2010),105439,3.625,0.725
81435,Microphone,2010-01-26,7.7,Drama,"Khaled Abol Naga, Yosra El Lozy, Hani Adel, Ahmad Magdy, Menna Shalabi",Ahmed Abdullah,"Upon his return to Alexandria, Khaled becomes intrigued with a graffiti mural opposite his apartment. As he pursues this further, a larger underground arts scene slowly reveals itself, composed of musicians, filmmakers, and graffiti artists. As they struggle to get their voices heard, Khaled is compelled to help them acquire some much deserved visibility.",Microphone (2010),105474,3.6666666666666665,0.7333333333333333
134472,Another Harvest Moon,2010-10-06,4.6,Drama,"Ernest Borgnine, Piper Laurie, Anne Meara, Doris Roberts, Richard Schiff",Greg Swartz,"Another Harvest Moon is a tender drama about four elderly Americans coping with life in a nursing home. FRANK, ELLA, ALICE and JUNE gather each morning for a game of cards. They have become a family to one another, offering unyielding support, constant bickering and strong opinions about life, death and everything in between.",Another Harvest Moon (2010),105542,5.0,1.0
49004,Beneath the Dark,2010-11-05,4.927,"Drama, Thriller","Josh Stewart, Jamie-Lynn Sigler, Chris Browning, Angela Featherstone, Afemo Omilami",Chad Feehan,"Driving to a wedding in Los Angeles through the Mojave Desert, Paul and Adrienne pull off the highway and into Roy's Motel and Cafe. This roadside artifact proves to be a strange and surreal place with an unsettling mix of travelers, who force our couple to discover the secret hidden between them and ultimately, the horrifying reality of their current situation.",Beneath the Dark (2010),105560,2.5,0.5
38093,Just Wright,2010-05-14,6.526,"Romance, Comedy","Queen Latifah, Common, Paula Patton, James Pickens Jr., Phylicia Rashād",Sanaa Hamri,"Physical therapist Leslie Wright lands the dream job of working with basketball superstar Scott McKnight, helping him recover from a career-threatening injury. All goes well and soon Leslie finds herself falling in love with him. Just as their friendship deepens, however, Scott focuses his attention back on his tenuous relationship with his ex-fiancé Morgan, Leslie's gorgeous godsister, who would love to be the basketball player's trophy wife.",Just Wright (2010),105715,2.90625,0.58125
81622,Cinema Komunisto,2010-01-29,7.1,Documentary,"Josip Broz Tito, Velimir Živojinović, Veljko Bulajić, Stevan Petrović, Veljko Despotović",Mila Turajlić,"This eye-opening and bittersweet chronicle of the Yugoslavian film industry recounts how the cinema was used—often with direct intervention from President Josip Broz Tito—to create and recreate the young nation’s history, replete with heroes and myths that didn’t always hew closely to reality.",Cinema Komunisto (2010),105765,2.9,0.58
74008,Undocumented,2010-09-14,6.0,"Horror, Thriller","Scott Mechlowicz, Alona Tal, Yancey Arias, Greg Serano, Noah Segan",Chris Peckover,A documentary film crew runs afoul of sadistic radicals when they follow illegal immigrants sneaking over the U.S. border.,Undocumented (2010),105815,3.0625,0.6125
65056,A Little Help,2010-05-21,5.408,"Drama, Comedy","Jenna Fischer, Chris O'Donnell, Kim Coates, Lesley Ann Warren, Sara Kapner",Michael J. Weithorn,"It's a movie for everyone whose life has been thrown off-course, out of whack, or simply not turned out the way they planned it. In other words, it's a movie for everyone, period. Set in suburban Long Island in the summer of 2002, with the psychic wounds of 9/11 still fresh, A Little Help is a story that takes a comic, searching and profoundly empathetic look at a few pivotal months in the life of dental hygienist Laura Pehlke (Jenna Fischer)-an ordinary woman whose life suddenly flies off the rails-and her heroic efforts to re-establish a sense of security and normalcy for herself and her son.","Little Help, A (2010)",105972,2.875,0.575
82627,Man On a Mission: Richard Garriott's Road to the Stars,2010-03-14,5.5,Documentary,"Sergey Brin, Mike Fincke, Renita Fincke, Helen Garriott, Owen Garriott ",Mike Woolf,The story of legendary computer game developer Richard Garriott's spaceflight in October 2008.,Man on a Mission: Richard Garriott's Road to the Stars (2010),105985,4.25,0.85
88274,Hello! How Are You?,2010-05-28,6.1,"Comedy, Romance","Dana Voicu, Ionel Mihăilescu, Paul Diaconescu, Ana Popescu, Ioan Ionescu",Alexandru Maftei,"Musician Gabriel and dimpled dry-cleaning proprietress Gabriela live like two strangers who no longer see each other. But in humorous contrast to their staid, passionless lives, characters in a constant state of sexual arousal surround them. Their libidinous teen son, whose hilarious voiceover commentary intermittently provides important narrative information, prides himself on being the high school stud and aspires to a career in porn. Gabriela's sexy employee switches boyfriends the way she changes clothes. And despite being married, Gabriel's colleague is working his way through the female members of their orchestra. Ultimately, the two Gabys find their virtual affairs reconnect them with their own desires, but in a way less movie-fantasy and more satisfyingly real-life. Written by Palm Springs Internation Film Festival",Hello! How Are You? (Buna! Ce faci?) (2010),106017,3.9,0.78
44745,Beatdown,2010-08-31,4.323,"Adventure, Action, Thriller","Danny Trejo, Susie Abromeit, Desmond Aldridge, Eric Balfour, Michael Bisping",Mike Gunther,"Brandon, a respected street fighter, is forced to flee the city after his brother is murdered and the money that was supposed to be paid back to a local gangster is stolen. While lying low at his father's house in a small Southern town, Brandon soon gets involved in the local underground cage-fighting circuit. With the help of Drake Colby, a former MMA champion, Brandon devises a scheme to bring a massive payday, if they are able to survive.",Beatdown (2010),106136,1.5,0.3
42950,What if...,2010-08-20,6.9,"Romance, Family, Fantasy, Drama","Kevin Sorbo, Kristy Swanson, John Ratzenberger, Debby Ryan, Kristin Minter",Dallas Jenkins,"Fifteen years ago, Ben Walker made a decision to leave his college sweetheart and ultimately his faith, in order to pursue a lucrative business opportunity. Now with a high-paying career and a trophy fiancé, he is visited by an angel, who gives him a glimpse into what his life would look like had he followed his calling.",What If ... (2010),106214,3.4705882352941178,0.6941176470588235
80188,Boy Wonder,2010-08-11,6.299,"Action, Crime, Drama, Thriller","James Russo, Tracy Middendorf, Zulay Henao, Bill Sage, Roberta Wallach",Michael Morrissey,"A young Brooklyn boy witnesses the brutal murder of his mother and grows up obsessed with finding her killer. Thus begins his life as a quiet, straight-A student by day and a self-appointed hero at night. But what is a real hero? And who decides what is right or wrong? As the boundaries blur, Sean's dual life wears on his psyche and his two worlds careen dangerously close to colliding. Like a graphic novel you can't put down, Boy Wonder challenges morality, distorting perceptions of what is right and what is justified, as it races to its shocking conclusion.",Boy Wonder (2010),106254,3.422222222222222,0.6844444444444444
92119,Caught Inside,2010-03-10,4.882,Thriller,"Ben Oxenbould, Daisy Betts, Sam Lyndon, Simon Lyndon, Leeanna Walsman",Adam Blaiklock,"A group of surfers arrives in a remote spot off the Australian coast, and the isolation and pressure push one person over the edge, leading to a violent outburst and a fight for survival.",Caught Inside (2010),106475,3.25,0.65
58258,The Chameleon,2010-06-23,5.3,"Drama, Mystery, Thriller","Marc-André Grondin, Famke Janssen, Nick Stahl, Emilie de Ravin, Ellen Barkin",Jean-Paul Salomé,"The amazing true story of Frédéric Bourdin, who after having plundered all the centers for runaway minors and deliquents in Europe, even thought he has come of age, now passes himself off as Nicholas Barclay, a 13-year-old American who had vanished three years ago. To his astonishment, Nicholas's family welcomes him like their son, leaving Interpol and the FBI aghast. It is the beginning of a race against time for the investigators, family and Bourdin. But who is manipulating whom? And who is Frederic Bourdin in reality?","Chameleon, The (2010) ",106501,2.46875,0.49375
154663,The Happy Poet,2010-09-17,6.6,Comedy,"Paul Gordon, Jonny Mars, Chris Doubek, Liz Fisher, Sam Wainwright Douglas",Paul Gordon,"When Bill, the title character, secures a very small loan to start his dream business--a health food stand--his struggles as an idealistic micro-business owner begin.","Happy Poet, The (2010)",106592,3.1666666666666665,0.6333333333333333
287968,To Age Or Not To Age,2010-07-16,0.0,,,,"To Age or Not to Age, tracks the pioneers in the field of anti-aging research at Harvard, MIT, and Cambridge and other research centres.",To Age or Not to Age (2010),106622,1.0,0.2
94639,José & Pilar,2010-10-18,7.3,Documentary,"José Saramago, Pilar del Río, Gael García Bernal, Gabriel García Márquez, Paco Ibáñez",Miguel Gonçalves Mendes,"A deeply moving story about love, loss and literature, this documentary follows the days of José Saramago, the Nobel-laureate Portuguese novelist, and his wife, Pilar del Río. The film shows their whirlwind life of international travel, his passion for completing his masterpiece ""The Elephant's Journey"", and how their love quietly sustains them throughout.",José and Pilar (José e Pilar) (2010),106686,4.083333333333333,0.8166666666666667
51859,Trigun: Badlands Rumble,2010-04-24,7.459,"Action, Animation, Science Fiction, Adventure","Masaya Onosaka, Satsuki Yukino, Hiromi Tsuru, Maaya Sakamoto, Show Hayami",Satoshi Nishimura,"In a quicksand surrounded town called Makka, rumors spread of a legendary robber named Gasback is after the town. To protect it, Mayor Kepler has hired bounty hunters. These hunters have been following Gasback from town to town in hopes of getting the bounty. Vash the Stampede is in town, along with Meryl and Milly, along with the female bounty hunter Amelia and Nicholas D. Wolfwood.",Trigun: Badlands Rumble (2010),106762,3.736220472440945,0.747244094488189
119288,Three Stars,2010-07-13,6.0,Documentary,"Yannick Alléno, Elena Arzak, Juan María Arzak, Sergio Herman, Sven Elverfeld",Lutz Hachmeister,"Focusing on ten Michelin 3 Star chefs, Three Stars depicts the everyday drama of life in gourmet restaurants and includes exclusive interviews and behind-the-scenes access to some of the world’s most talented chefs as they work in their gastronomic laboratories, hunt for exquisite ingredients in local markets, and gather rare edible plants along rough coastlines. It reveals the business of cooking on the highest level and highlights the various kitchen routines and culinary philosophies of chefs like Jean-Georges Vongerichten, Yannick Alléno, and Olivier Roellinger.",Three Stars (2010),107096,1.8333333333333333,0.36666666666666664
236661,Kinbaku,2010-03-12,1.0,Documentary,"Steve Osada, Asagi Ageha, Haruki Yukimura, Shuhei Kitagawa, Kurumi Mira",Jouni Hokkanen,"In Shinto religion, in order to make something sacred, man will tie a rope around it. This sacred quality of the tying can be applied also to Kinbaku, which is an erotic, spiritual, artistic connection between the people who are doing it",Kinbaku (2010),107143,3.125,0.625
42892,Happy Family,2010-03-26,6.413,Comedy,"Fabio De Luigi, Fabrizio Bentivoglio, Margherita Buy, Alice Croci, Valeria Bilello",Gabriele Salvatores,"A blocked screenwriter, Ezio, is trying to finish a story about two off-kilter families thrown together when their teenage children announce they’re getting married. So Ezio writes himself into the story with a romantic part—a development his characters welcome, as they’ve got some ideas of their own for bigger and better roles.",Happy Family (2010),107372,3.375,0.675
62989,Ice Quake,2010-12-11,4.8,"Science Fiction, Action, Thriller, TV Movie, Adventure","Brendan Fehr, Holly Dignard, Jodelle Ferland, Ryan Grantham, Rob LaBelle",Paul Ziller,"As the permafrost melts in Alaska, underground rivers of volatile liquid methane form which sets off a series of devastating earthquakes. Forced apart by this violent occurrence, one family must find each other during the holidays and work to stop the deadly rivers that could cause a worldwide catastrophy.",Ice Quake (2010) ,107548,3.0,0.6
69353,Apnea,2011-01-13,4.6,"Thriller, Drama","Sotiris Pastras, Youlika Skafida, Yorgos Karamihos, Andriana Babali, Akilas Karazisis",Aris Bafaloukas,"Dimitris, a 23 yr. old swimming champion, meets Elsa, a yound environmental activist. Their relation, and her sudden dissaperance, make him re-evaluate his settled life.",Apnea (Apnoia) (2010),107573,2.0,0.4
27584,High School,2010-06-03,5.665,Comedy,"Adrien Brody, Matt Bush, Sean Marquette, Colin Hanks, Michael Chiklis",John Stalberg Jr.,"A high school valedictorian who gets baked with the local stoner finds himself the subject of a drug test. The situation causes him to concoct an ambitious plan to get his entire graduating class to face the same fate, and fail.",High School (2010),107630,3.015625,0.603125
58515,The Lost Thing,2010-06-03,6.9,"Animation, Drama, Science Fiction",Tim Minchin,"Andrew Ruhemann, Shaun Tan","A boy finds a strange creature on a beach, and decides to find a home for it in a world where everyone believes there are far more important things to pay attention to.","Lost Thing, The (2010)",107653,3.537037037037037,0.7074074074074075
76127,Vegucated,2011-01-09,6.7,Documentary,"T. Colin Campbell, Brian Flegel, Joel Fuhrman, Stephen Kaufman, Tesla Lobo",Marisa Miller Wolfson,"Explores the challenges of converting to a vegan diet. It ""follows three meat-and-cheese-loving New Yorkers who agree to adopt a vegan diet for six weeks.",Vegucated (2010),107848,3.5,0.7
53389,Trader Games,2010-09-01,4.3,"Drama, Thriller","Gilles Lellouche, Vahina Giocante, Charles Berling, Michael Madsen, Lisa Ray",Fabrice Genestal,A hot young Wall Street trader finds a formula based on climatology to play the market and win big... but at what cost?,Trader Games (Krach) (2010),107919,3.25,0.65
59145,The Assault,2011-01-17,5.944,"Drama, Action, Thriller","Vincent Elbaz, Grégori Derangère, Mélanie Bernier, Aymen Saïdi, Chems Dahmani",Julien Leclercq,"December 1994. On Saturday 24th, four GIA terrorists hijack an Air France A300 Airbus, bound for Paris, with 227 passengers on board, at the Algiers airport.","Assault, The (L'assaut) (2010)",108285,3.236842105263158,0.6473684210526316
71622,Atrocious,2010-10-15,5.576,"Horror, Thriller","Rafael Amaya, Jose Masegosa, Chus Pereiro, Cristian Valencia, Clara Moraleda",Fernando Barreda Luna,"Quintanilla family was found dead in their country side house. Police reported the existence of 37 hours of recorded evidence. The family traveled to their old farm house, where they investigated about the Legend of the Girl in the Garraf woods. They used to record whatever they did. Atrocious shows the last five days of this family, and the strange situations that they lived in those moments and which remain unexplained.",Atrocious (2010),108447,2.9375,0.5875
100409,Over Your Cities Grass Will Grow,2011-10-27,6.6,Documentary,Anselm Kiefer,Sophie Fiennes,"The film bears witness to German artist Anselm Kiefer's alchemical creative processes and renders in film, as a cinematic journey, the personal universe he has built at his hill-studio estate in the South of France.",Over Your Cities Grass Will Grow (2010),108595,3.6666666666666665,0.7333333333333333
75090,Beware the Gonzo,2010-04-22,5.632,Comedy,"Ezra Miller, Zoë Kravitz, Griffin Newman, Stefanie Y. Hong, Edward Gelbinovich",Bryan Goluboff,"Eddie ""Gonzo"" Gilman is starting a revolution. When the wild-eyed rebel journalist is ousted from his prep school's newspaper by its über-popular editor, Eddie fronts an underground movement to give a voice to all the misfits, outcasts, and nerds. Soon the power of the press is in Eddie's hands... but will he use it wisely?","Beware the Gonzo (Gonzo Files, The) (2010)",109015,3.2777777777777777,0.6555555555555556
56441,The Elephant in the Living Room,2010-02-11,6.5,Documentary,"Tim Harrison, Terry Brumfield, Russ Clear, Casey Craig, Pat Craig",Michael Webber,"A film about the controversial world of exotic animal ownership within the suburbs of the United States. ""The Elephant in the Living Room"" offers an unprecedented glimpse into the fascinating subculture of trading and raising the most deadly and exotic animals in the world as common household pets.","Elephant in the Living Room, The (2010)",109151,3.2,0.64
43700,Big Money Rustlas,2010-08-14,3.867,"Action, Comedy, Western","Violent J, Shaggy 2 Dope, Monoxide Child, Jamie Madrox, Boondox",Paul Andresen,"The Insane Clown Posse heads back to the Wild West in this prequel to BIG MONEY HUSTLAS. Nothing happens in the dusty town of Mud Bug without the approval of gambling magnate Big Baby Chips (Violent J), and the locals turn and run when his henchmen come out to play. But when swaggering sheriff Sugar Wolf (Shaggy 2 Dope) teaches the locals to fight back, Big Baby Chips and his gang head for the hills in a hail of gunfire.",Big Money Rustlas (Big Money Ru$tla$) (2010),109273,2.75,0.55
83401,Climate of Change,2010-05-12,0.0,Documentary,Tilda Swinton,Brian Hill,"""We are the renters of this world, not its masters,"" reminds Pooshkar, a precocious 13-year-old member of a youth environmental defense group in India. He and his fellow voraciously energetic students actively rally against the use of plastics. In Africa, a renaissance man teaches citizens to harness solar power to cook food. In Papua New Guinea, villagers practice sustainable logging to save their rainforests. A woman in London uses her PR savvy to start a successful environmental communications firm. Self-described ""hillbillies"" in Appalachia battle the big business behind strip mining. In this rich and inspiring documentary, director Brian Hill takes us around the world to find the ordinary people taking action in the fight to save our environment.",Climate of Change (2010),109325,3.1217591102962157,0.6243518220592431
52817,Bitter Feast,2010-07-08,5.166,"Horror, Thriller, Drama","Mario Batali, Joshua Leonard, Megan Hilty, James Le Gros, Amy Seimetz",Joe Maggio,A celebrity chef exacts revenge on a food blogger who torpedoes his career.,Bitter Feast (2010),109653,2.9375,0.5875
79073,Messages Deleted,2010-02-05,5.4,"Horror, Thriller, Mystery","Matthew Lillard, Deborah Kara Unger, Gina Holden, Serge Houde, Chiara Zanni",Rob Cowan,"A quivering voice begs to screenwriter, Joel Brandt, to pick up the phone on a message from his answering machine. Thinking it a prank, Joel deletes the message. The caller is found dead. Another caller leaves Joel a message; there is another murder...then another...then another. The killer has Joel's attention, and Joel has the attention of the police. Now the prime suspect in a series of murders, Joel discovers this psychotic killer has targeted him for a reason found within his body of work. Will Joel be able to re-write his ending, or be forced to pay the ultimate price?",Messages Deleted (2010),109665,2.45,0.49000000000000005
119261,Black Limousine,2010-10-19,6.5,"Drama, Thriller","David Arquette, Bijou Phillips, Vivica A. Fox, Nic Bishop, Edy Ganem",Carl Colpaert,A ghost story set in the city of dreams.,"Black Limousine (Land of the Astronauts, The) (2010)",109747,3.0,0.6
80837,Dead Genesis,2010-08-10,4.0,"Drama, Horror, Thriller","Emily Alatalo, Lionel Boodlal, Colin Paradine, Erin Stuart, Alex Mallari Jr.",Reese Eveneshen,"Seven months have passed since the dead took over. Many cities and states have been abandoned and left to die. Several self sufficient hunting groups have been established to take on the threat in a war aptly referred to as the 'War on Dead'. Jillian Hurst, a former news writer and amateur documentarian, has set out to make a pro-war propaganda film to support the W.O.D. She joins up with a pack of renegade hunters known infamously to North America as 'the deadheads'. The moral dynamics and hardships of fighting in a war against the undead are told from several different perspectives.",Dead Genesis (2010),109771,3.75,0.75
56743,Elena Undone,2010-06-25,6.849,"Drama, Romance","Necar Zadegan, Thunderbird Dinwiddie, Gary Weeks, Sam Harris, Connor Kramme",Nicole Conn,The wife of a pastor who preaches against homosexuality embarks on an affair with a female writer.,Elena Undone (2010),109810,3.210526315789474,0.6421052631578947
62156,Head Over Heels,2010-12-31,6.45,Comedy,"Ingrid Guimarães, Maria Paula, Bruno Garcia, Denise Weinberg, Antonio Pedro",Roberto Santucci,"Alice is a thirty-something woman married to João, has a son and is very successful professionally. Alice is the typical workaholic, whose work is her largest and only pleasure. On the other hand her personal life does not exist: no sexual activity, zero libido, zero personal life. The lack of a sex life in Alice's life is overflowing in Marcela's, her stunning neighbor. A true expert on the subject, Marcela is the owner of a sex shop and knows everything when the theme is the search for pleasure. Like in the typical comedy of errors, the lives of Alice and Marcela will cross and both will undergo huge transformations after this encounter.",Head Over Heels (De Pernas pro Ar) (2010),109943,2.611111111111111,0.5222222222222223
63143,Blank City,2011-04-06,7.1,Documentary,"Amos Poe, Ann Magnuson, Becky Johnston, Bette Gordon, Beth B",Celine Danhier,"In the years before Ronald Reagan took office, Manhattan was in ruins. But true art has never come from comfort, and it was precisely those dire circumstances that inspired artists like Jim Jarmusch, Lizzy Borden, and Amos Poe to produce some of their best works. Taking their cues from punk rock and new wave music, these young maverick filmmakers confronted viewers with a stark reality that stood in powerful contrast to the escapist product being churned out by Hollywood.",Blank City (2010),110200,3.5,0.7
70993,Man at Bath,2010-09-21,5.061,Drama,"François Sagat, Chiara Mastroianni, Omar Ben Sellem, Rabah Zahi, Dennis Cooper",Christophe Honoré,"Between Gennevilliers and New York, Omar and Emmanuel go to great lengths to prove to each other they're no longer in love.",Man at Bath (Homme au bain) (2010),110233,2.3,0.45999999999999996
493413,Table 7,2010-02-10,6.7,"Comedy, Drama","Ray Rosales, Stephanie Lozos, Isaac Kim, Roger Chan, Kevin Chen","Andrew McDonald, Marko Slavnic","A couple has an intimate conversation in a restaurant, unaware that their every word is being closely monitored.",Table 7 (2010),110293,3.25,0.65
35074,Dinoshark,2010-03-13,4.3,"Horror, Science Fiction, Comedy, TV Movie","Eric Balfour, Aarón Díaz, Iva Hasperger, Humberto Busto, Liv Boughn",Kevin O'Neill,"A baby dinoshark evolves into a ferocious predatory adult, terrorising tourists and locals offshore from Puerto Vallarta, Mexico.",Dinoshark (2010),110607,1.4,0.27999999999999997
59726,Wake Wood,2011-03-25,5.601,"Drama, Horror, Thriller","Aidan Gillen, Eva Birthistle, Timothy Spall, Ella Connolly, Amelia Crowley",David Keating,The parents of a girl who was killed by a savage dog are granted the opportunity to spend three days with their deceased daughter.,Wake Wood (2010) ,110748,2.75,0.55
44269,All That Glitters,2010-03-24,6.35,Comedy,"Leïla Bekhti, Géraldine Nakache, Audrey Lamy, Virginie Ledoyen, Linh-Dan Pham","Géraldine Nakache, Hervé Mimran","Best friends Ely and Lila share everything together, including their dream of a life beyond the Paris suburb they've lived in since childhood. One night they venture into the capital and meet a pair of wealthy young friends at a night club. Ashamed of their working-class background, and seeing an opportunity to escape, Ely and Lila begin to lie their way into this glamorous new world. Falling deeper into their web of lies, the young women begin to lose sight of themselves as their friendship is pushed to the limit.",Tout ce qui brille (2010),110970,3.576923076923077,0.7153846153846154
49588,Trick,2010-02-12,5.386,"Comedy, Crime","Piotr Adamczyk, Marian Dziędziel, Andrzej Chyra, Jerzy Trela, Karolina Gruszka",Jan Hryniak,"Kidnappers demand six million in ransom, but the United Nations does not negotiate with terrorist. One of the best counterfeiters is serving a lengthy prison term and the agent who arrested him needs his help.",Trick (2010),111124,2.8333333333333335,0.5666666666666667
44263,City Under Siege,2010-08-11,5.079,"Science Fiction, Action, Thriller","Aaron Kwok, Shu Qi, Wu Jing, Zhang Jingchu, Yuen Wah",Benny Chan Muk-Sing,"Sunny is a naïve circus performer who dreams of inheriting his father's knife-throwing skills. However, his hostile colleagues continue to bully him, relegating him to a lowly clown. On a tour to Malaysia, Cheung and other performers discover a cave occupied by the Japanese army during World War II. Instead of finding treasure, the performers - including Sunny - are sprayed with a mysterious chemical that turns them into superhuman mutants...",City Under Siege (Chun sing gai bei) (2010),111318,2.5,0.5
48573,Lope: The Outlaw,2010-09-03,5.279,"Drama, History","Alberto Ammann, Leonor Watling, Sônia Braga, Luis Tosar, Pilar López de Ayala",Andrucha Waddington,"A chronicle of the life of Spanish playwright and poet Lope de Vega, who dominated Spain's early Golden Age of Theater in the 16th century. Lope returns home from war and enters the theater world when a producer's beautiful daughter takes a shine to him. They embark on a passionate affair as his plays begin to win popular acclaim.","Outlaw, The (Lope) (2010)",112185,3.0,0.6
51976,Brother,2010-07-02,6.7,Drama,"Eliú Armas, Beto Benitez, Gonzalo Cubero, Marcela Girón, Fernando Moreno",Marcel Rasquin,"Two brothers fight to escape a violent and poor neighborhood in Caracas by playing soccer. Daniel wishes to play professionally while Julio supports the family with dirty money. The opportunity of a lifetime comes when a talent scout invites them to the Caracas Football Club. The boys' mother dies in a shootout forcing each brother to decide what it is more important to them:family, revenge, or achieving their dreams.",Brother (Hermano) (2010),112273,3.0625,0.6125
77444,The Corridor,2012-03-30,4.772,"Drama, Science Fiction, Thriller, Horror","Matthew Amyotte, Nigel Bennett, Stephen Chambers, James Gilbert, David Patrick Flemming",Evan Kelly,Friends on a weekend excursion take a path into a forest that leads to death and destruction.,"Corridor, The (2010)",112320,2.8043478260869565,0.5608695652173913
139406,Radio Free Albemuth,2010-02-25,5.421,"Drama, Thriller, Science Fiction","Shea Whigham, Jonathan Scarfe, Michael Rothhaar, Katheryn Winnick, Scott Wilson",John Alan Simon,Record store clerk Nick Brady begins to experience strange visions from an entity he calls VALIS that cause him to uproot his family and move to Los Angeles where he becomes a successful music company executive. Nick finds himself drawn into a dangerous political-mystical conspiracy of cosmic proportions.,Radio Free Albemuth (2010),112506,2.982142857142857,0.5964285714285714
64246,Colorful,2010-08-21,7.208,"Animation, Drama, Family","Kazato Tomizawa, Akina Minami, Aoi Miyazaki, Jingi Irie, Akiyoshi Nakao",Keiichi Hara,"Upon reaching the train station to death, a dejected soul is informed that he is lucky and will have another chance at life. He is placed in the body of a 14-year-old boy named Kobayashi Makoto, who has just committed suicide. Watched over by a neutral spirit named Purapura, the soul must figure out what his greatest sin and mistake in his former life was, before his time limit in Makoto's body runs out. He also has a number of other lesser duties he must complete, such as understanding what led Makoto to commit suicide in the first place and learning how to enjoy his second chance at life.",Colourful (Karafuru) (2010),112512,3.6666666666666665,0.7333333333333333
48375,Brother's Justice,2010-10-22,4.8,"Comedy, Documentary","Dax Shepard, Tom Arnold, Jon Favreau, James Feldman, David Koechner","David Palmer, Dax Shepard","Motivated by Box Office statistics, Dax Shepard has made a decision to leave comedy to pursue his dream of becoming an international Martial Arts action star.",Brother's Justice (2010),112565,1.625,0.325
200051,Super Hero Party Clown,2012-09-25,0.0,Comedy,"Randy J. Blair, Zach Sutherland, Shelby Barnes, Adam Sessa, Cynthia Abrams",Jeremy M. Inman,"Eugene Stimpson is a superhero... At least he plays one at birthday parties. When his high school nemesis Todd gets a job playing a rival superhero, Eugene must struggle to keep his identity secret while competing with Todd for the affections of the same girl. Can he keep his identity concealed long enough to make his move and defeat Todd, or will the mounting lies be too much for him to handle?",Super Hero Party Clown (2010),112893,3.3333333333333335,0.6666666666666667
37737,Kites,2010-05-21,7.206,"Drama, Action, Romance","Hrithik Roshan, Bárbara Mori, Kabir Bedi, Kangana Ranaut, Nicholas Brown",Anurag Basu,"A wounded man searches for his sweetheart in the Mexican desert while on the run from the police, bounty hunters, and others.",Kites (2010),112909,1.9230769230769231,0.38461538461538464
44155,The Italian,2010-07-07,5.2,Comedy,"Kad Merad, Valérie Benguigui, Roland Giraud, Philippe Lefebvre, Guillaume Gallienne",Olivier Baroux,"Dino Fabrizzi is the number one seller of the Maserati dealership in Nice. At 42, he arrives at a turning point in his life, the position of director is openly proposed and his companion for a year, Helen, has the firm intention to marry her. For Dino, life is great, except that this perfect life was built on a lie. Dino is actually called Mourad Ben Saoud. Neither his boss nor Helen and even less his parents are aware of this false identity. In ten days begins Ramadan and Mourad who passes every year will this time assume the promise made to his sick father. Taking part in Ramadan, For Dino - the Italian - it will not be easy.",L'Italien (2010),113205,3.35,0.67
54487,Cane Toads: The Conquest,2010-01-26,6.8,"Documentary, Comedy",Neil Young,Mark Lewis,"Cane Toads: The Conquest is a comic yet provocative account of Australia’s most notorious environmental blunder from filmmaker Mark Lewis. Shot against the harsh and beautiful landscape of northern Australia, Cane Toads: The Conquest tracks the unstoppable journey of the toad across the continent. Director Mark Lewis (Cane Toads: An Unnatural History, The Natural History of the Chicken) injects his trademark irreverence and humor into the story as he follows a trail of human conflict, bizarre culture and extraordinary close encounters. Filmed with high-resolution 3D technology, Cane Toads is the first Australian digital 3D feature film. Custom designed equipment allows viewers to get up close and personal with these curious creatures like never before. The unique viewing experience is like being immersed in the world of the toad.",Cane Toads: The Conquest (2010),113430,3.772727272727273,0.7545454545454546
281468,Killing Us Softly 4: Advertising's Image Of Women,2010-03-12,6.556,Documentary,Jean Kilbourne,Sut Jhally,"The documentary focuses on images of women in advertising, in particular on gender stereotypes, the effects of advertising on women's self-image and the objectification of women's bodies.",Killing Us Softly 4: Advertising's Image of Women (2010),113843,3.3636363636363638,0.6727272727272727
254775,The Codes of Gender,2010-10-13,6.5,Documentary,Sut Jhally,Sut Jhally,"Arguing that advertising not only sells things, but also ideas about the world, media scholar Sut Jhally offers a blistering analysis of commercial culture's inability to let go of reactionary gender representations. Jhally's starting point is the breakthrough work of the late sociologist Erving Goffman, whose 1959 book The Presentation of the Self in Everyday Life prefigured the growing field of performance studies. Jhally applies Goffman's analysis of the body in print advertising to hundreds of print ads today, uncovering an astonishing pattern of regressive and destructive gender codes. By looking beyond advertising as a medium that simply sells products, and beyond analyses of gender that tend to focus on either biology or objectification, The Codes of Gender offers important insights into the social construction of masculinity and femininity, the relationship between gender and power, and the everyday performance of cultural norms.","Codes of Gender, The (2010)",113860,4.25,0.85
57277,Care Bears To the Rescue,2010-04-03,4.8,"Adventure, Animation, Comedy, Family","Ashleigh Ball, Kathleen Barr, Garry Chalk, Shannon Chan-Kent","Davis Doi, Larry Houston","You’re invited to the biggest celebration of the year – the Care-a-Lot Awards – where all the Care Bears come together to award their heroes who have spread caring and sharing throughout the year! Whether it’s Cheer helping a baby Gobblebug build a new home, Funshine rescuing the Nimbits, or Bedtime and Grumpy stopping a machine from running amok all over town, the Care Bears are always ready for helpful hero fun in this awesome adventure!",Care Bears to the Rescue (Care Bears: To the Rescue Movie) (2010),113991,1.75,0.35
234284,Time of EVE: The Movie,2010-03-06,7.171,"Animation, Science Fiction, Drama","Jun Fukuyama, Rie Tanaka, Kenji Nojima, Yuko Sanpei, Rina Sato",Yasuhiro Yoshiura,"In the not-too-distant future, androids have come into common usage. However, treating androids on the same level as humans is frowned upon, and there is constant paranoia surrounding the possibility of robots defying humans, their masters. Those who appear too trustworthy of their androids are chided and labeled as ""android-holics"". Rikuo Sakisaka, who has taken robots for granted for his entire life, one day discovers that Sammy, his home android, has been acting independently and coming and going on her own. He finds a strange phrase recorded in her activity log, ""Are you enjoying the time of EVE?"". He, along with his friend Masakazu Masaki, traces Sammy's movements and finds an unusual café. Nagi, the barista, informs them that the café's main rule is to not discriminate between humans and androids. While Rikuo tries to reveal Sammy's intentions, he begins to question the legitimacy of the fear that drives humans to regard androids as nothing more than mere tools.",Time of Eve (Eve no jikan) (2010),114793,3.543103448275862,0.7086206896551724
43922,Legendary,2010-09-09,6.536,Drama,"Patricia Clarkson, Devon Graye, John Cena, Madeleine Martin, Danny Glover",Mel Damski,"A book-smart teenager joins his school's wrestling team as a way to reunite his surviving family members, who split apart after the death of his father, a college wrestling legend, 10 years ago.",Legendary (2010),114891,3.590909090909091,0.7181818181818181
37925,Celine: Through the Eyes of the World,2010-02-17,7.3,"Documentary, Music","Céline Dion, René Angélil, René-Charles Angélil, Claudette Dion, Thérèse Tanguay-Dion",Stéphane Laporte,"A documentary–concert film chronicling the life of Canadian singer, Céline Dion during her 2008–2009 Taking Chances World Tour.",Celine: Through the Eyes of the World (2010),115137,3.1217591102962157,0.6243518220592431
160210,Bones,2010-03-31,8.0,Drama,"Jimmy Bennett, Zakk Wylde, Melissa Ordway, Andrew Lawrence, Jonna Walsh",Frank Pestarino,"The heart breaking coming of age story of four teens growing up in 1989 blue collar New York, and the bond that would tie them together for life.",Bones (2010),115791,4.0,0.8
63140,Breaking and Entering,2011-01-14,6.2,Documentary,"Michal Kapral, George Hood",Benjamin Fingerhut,"The Guinness World of Records contains the most bizarre human achievements imaginable. But who are the crazy people behind the feats? From the grape catchers, to the hula hoopers and the ‘jogglers’, this humorous, but strikingly insightful documentary introduces us to the colourful characters who devote their lives to the oddest frontiers of human excellence. A delightfully eccentric human odyssey that is not to be missed.",Breaking and Entering (2010),115793,3.5,0.7
275287,LEGO Hero Factory: Rise of the Rookies,2010-11-16,6.4,"Action, Animation, Family","John Schneider, Henry Winkler, Eric Christian Olsen, Malcolm McDowell, Christopher B. Duncan",Mark Baldo,A new Rookie team has been assigned to complete their training with Stormer and his crew - but someone from Stormer's past is trying to take down the Hero Factory and Stormer himself.,LEGO Hero Factory: Rise of the Rookies (2010),115933,1.25,0.25
56212,The Stoker,2010-10-13,6.062,"Drama, Crime","Mikhail Skryabin, Yuri Matveyev, Aleksandr Mosin, Aida Tumutova, Anna Korotayeva",Aleksey Balabanov,"A shell-shocked Afghanistan war hero named Ivan Skryabin (Mikhail Skryabin) spends his days stoking the fire in a giant coal furnace. When he isn’t tending the flames, he keeps busy with other activities. He works on a historical novel. His adult daughter Sasha (Aida Tumutova) comes to visit. Local kids come to gaze at the flames. Gangsters, including a former Army sergeant (Aleksandr Mosin) and a sniper known as Bison (Yuri Matveyev), drop by to add special kindling to the fire.",The Stoker (2010),115963,3.289473684210526,0.6578947368421052
42757,Everything Will Be Fine,2010-01-28,6.3,"Thriller, Drama","Jens Albinus, Marijana Janković, Paprika Steen, Søren Malling, Nicolas Bro",Christoffer Boe,"A writer-director known for becoming obsessed with his own stories, Jacob Falk stumbles upon photographs of prisoners of war being tortured by Danish soldiers. Suspecting a political conspiracy, Falk falls into a frenetic chase to reveal the mystery behind the photos, which leads him to discover a truth more disturbing than he imagined.",Everything Will Be Fine (2010),116008,3.1363636363636362,0.6272727272727272
68197,Chasing Madoff,2010-11-19,5.6,Documentary,"Frank Casey, Neil Chelo, Gaytri Kachroo, Harry Markopolos",Jeff Prosserman,A look at how one investigator spent ten years trying to expose Bernie Madoff's massive Ponzi scheme that scammed an estimated $18 billion from investors.,Chasing Madoff (2010),116018,3.9444444444444446,0.788888888888889
39213,Coach,2010-06-13,5.1,"Comedy, Romance","Hugh Dancy, Liane Balaban, Mamie Gummer, Benjamin Walker, Michael Chernus",Will Frears,A slacker trust-fund type finds the motivation to pick up a job as the coach of middle school soccer team,Coach (2010),116056,1.875,0.375
44092,Reign of Assassins,2010-09-01,6.926,"Action, Adventure","Michelle Yeoh, Jung Woo-sung, Wang Xueqi, Barbie Hsu, Shawn Yue",Su Chaobin,"Set in ancient China, Zeng Jing is a skilled assassin who finds herself in possession of a mystical Buddhist monk's remains. She begins a quest to return the remains to its rightful resting place, and thus places herself in mortal danger because a team of assassins is in a deadly pursuit to possess the remains which holds an ancient power-wielding secret.",Reign of Assassins (2010),116169,3.5,0.7
57749,The Clinic,2010-10-10,5.496,"Mystery, Horror, Thriller, Crime","Andy Whitfield, Tabrett Bethell, Freya Stafford, Clare Bowen, Sophie Lowe",James Rabbitts,"While traveling across country with her fiancé, Beth wakes alone in an isolated clinic to a mother's worst nightmare. Just how far will she go to save her child?",The Clinic (2010),116205,2.6923076923076925,0.5384615384615385
52010,"Ultramarines: A Warhammer 40,000 Movie",2010-12-10,5.8,"Animation, Science Fiction","Terence Stamp, John Hurt, Sean Pertwee, Steven Waddington, Donald Sumpter",Martyn Pick,"A squad of Ultramarines answer a distress call from an Imperial Shrine World. A full Company of Imperial Fists was stationed there, but there is no answer from them. The squad investigates to find out what has happened there.","Ultramarines: A Warhammer 40,000 Movie (2010)",116215,2.7857142857142856,0.5571428571428572
33570,Ice Castles,2010-02-09,6.331,Drama,"Taylor Firth, Rob Mayes, Henry Czerny, Morgan Kelly, Tattiawna Jones",Donald Wrye,"Young, beautiful, talented Alexis Winston comes from nowhere to become a figure skating superstar. But her rise to stardom isn’t easy. She has to push herself, reinvent herself, and most painfully of all, leave her hometown boyfriend behind. When a tragic fall leaves her blind, she needs someone to believe in her, to love her; someone to convince her she has the strength to skate and dream again.",Ice Castles (2010),116463,3.3214285714285716,0.6642857142857144
50400,Mission London,2010-04-16,6.65,Comedy,"Alan Ford, Tomas Arana, Ralph Brown, Georgi Staykov, Julian Vergov",Dimitar Mitovski,"A concert to celebrate Bulgaria joining the EU is being planned at the Embassy in London and it is the job of VARADIN, the new ambassador, to ensure the Queen attends. But with corrupt staff, criminal gangs operating out of the kitchen, falling in love with a stripper and a little misunderstanding with a PR firm that provides look-alike royalties - his simple task turns into a chaotic nightmare.",Mission London (2010),116507,3.0,0.6
76424,Master Harold... and the Boys,2010-03-17,5.3,"Drama, TV Movie","Freddie Highmore, Ving Rhames, Patrick Mofokeng, Jennifer Steyn, Michael Maxwell",Lonny Price,"This movie is of Hally, an adolescent white South African. He is stuck between his intolerant father's outlook of him and those of his caretaker, Sam. Sam is a black waiter and Hally's friend and teacher. Hally is required to laugh at his father's racist jokes, by contrast, Sam exposes Hally to uplifting experiences. One day Hally was terribly humiliated by his father and Sam shows Hally how to be proud of something he can achieve.",'Master Harold' ... And the Boys (2010),116513,5.0,1.0
34182,Confucius,2010-02-11,5.956,"Drama, History","Chow Yun-Fat, Zhou Xun, Wang Ban, Chen Jianbin, Ren Quan",Hu Mei,"In 500 B.C., during Chinas famed 'Spring and Autumn Period', Kong Ze (Confucius), a commoner reverred for his outstanding wisdom, is made Minister of Law in the ancient Kingdom of Lu. Under his inspired leadership, Lu ascends to new heights but becomes a target of conquest for the warlike nation of Qi. Threatened with annihilation by their powerful neighbour, a desperate people turn to their greatest teacher to lead their most powerful army. When Confucius delivers a stunning victory against all odds, a jealous aristocracy sets out to destroy him, but they should never under-estimate a remarkable man whose wisdom is more powerful than the sword.",Confucius (2010),116805,3.1666666666666665,0.6333333333333333
60479,Max Schmeling,2010-10-07,5.6,"Action, Drama","Henry Maske, Arthur Abraham, Susanne Wuest, Vladimir Weigl, Yoan Pablo Hernández",Uwe Boll,"Based on the true story of Max Schmeling. A national hero in the 1930's when he became World heavyweight champion. He lost favour with the Nazi regime when he lost to a black man, Joe Louis, and is sent to the front in the hope he will be killed in battle.",Max Schmeling (2010),116891,1.4,0.27999999999999997
50198,See You in September,2010-01-01,4.2,"Comedy, Romance","Justin Kirk, Estella Warren, Whoopi Goldberg, Liza Lapira, Sandra Bernhard",Tamara Tunie,"Feeling abandoned by her therapist who's gone on an extended vacation, beautiful Lindsay gets help with her fear of commitment from an ad hoc support group formed by other New Yorkers also left high and dry by their shrinks. But when her pals dare her to date fellow group member A.J., Lindsay begins to wonder if she's finally found her match.",See You in September (2010),117144,3.0,0.6
149940,Double Tide,2009-10-21,7.7,Documentary,Jen Casad,Sharon Lockhart,Double Tide documents the work of a female clam digger in the mudflats of coastal Maine and is filmed on the rare occasion in which low tide occurs twice within daylight hours—once at dawn and once at dusk.,Double Tide (2010),117182,3.1666666666666665,0.6333333333333333
48186,The Boy Who Cried Werewolf,2010-10-22,6.4,"Family, Fantasy, TV Movie, Comedy","Victoria Justice, Chase Ellison, Brooke Shields, Anna Galvin, Matt Winston",Eric Bross,"A Californian family inherits a castle in Romania. This is especially exciting to the son, who is obsessed with monsters. And he is not disappointed.",The Boy Who Cried Werewolf (2010),117420,3.0555555555555554,0.611111111111111
45368,Comme les 5 doigts de la main,2010-04-28,6.187,Crime,"Vincent Elbaz, Éric Caravaca, Patrick Bruel, Pascal Elbé, Mathieu Delarive",Alexandre Arcady,"Five brothers similar yet different, raised by a mother widowed too early. One of them had left the family when he returns, pursued by a gang of smugglers, he find shelter in his family while reveling them a dark secret. The five brothers, together, will find the energy to defend themself and the means to avenge the memory of their murdered father...",Comme les 5 doigts de la main (2010),117472,1.75,0.35
63484,The Incite Mill,2010-10-16,5.536,"Drama, Horror, Thriller, Mystery","Tatsuya Fujiwara, Haruka Ayase, Satomi Ishihara, Tsuyoshi Abe, Aya Hirayama",Hideo Nakata,"Drawn by the exorbitantly high hourly wage of 112,000 Japanese yen, ten men and women gather at a mansion. Everyone thinks the simple psychology experiment will get them some quick cash... until one of them winds up dead. The participants are overcome with frenzied suspicion. Various deadly weapons are left in their rooms and they are killed off one by one.",The Incite Mill - 7 Day Death Game (2010),117574,3.0,0.6
43212,My Dear Desperado,2010-05-20,6.8,"Romance, Comedy","Park Joong-hoon, Jung Yu-mi, Park Won-sang, Jeong Woo-hyuk, Jeong In-gi",Kim Kwang-sik,"Dong-chul, a thug who cannot fight but acts like a tough guy, meets Han Se-jin, his new neighbor. Dong-chul is intrigued by her spitfire personality, and the bickering duo realize they may be perfect for each other.",My Dear Desperado (2010),117586,3.1666666666666665,0.6333333333333333
63273,Endure,2010-01-01,6.6,"Mystery, Thriller","Devon Sawa, Judd Nelson, Joey Lauren Adams, Tom Arnold, Clare Kramer",Joe O'Brien,"After a shocking photo of a young woman is found inside the twisted metal of a fatal car crash, veteran detective Emory Lloyd must risk everything to identify and find the woman before it's too late.",Endure (2010),117694,2.1666666666666665,0.4333333333333333
254582,Oppressed Majority,2010-10-24,5.611,Drama,"Pierre Bénézit, Marie-Lorna Vaconsin, Jamel Barbouche, Céline Menville, Marie Favasuli",Eléonore Pourriat,"On what seems to be just another ordinary day, a man is exposed to sexism and sexual violence in a society ruled by women.",Oppressed Majority (2010),117843,3.357142857142857,0.6714285714285715
75364,Ivul,2010-01-20,4.4,"Drama, Fantasy","Jacob Auzanneau, Adélaïde Leroux, Jean-Luc Bideau, Aurélia Petit, Xavier Tchili",Andrew Kötting,"IVUL is the extraordinary story of Alex (Jacob Auzanneau), a young man who climbs on to the roof of his house and refuses to ever come back down to earth. His actions devastate his beloved family and we watch as their world falls apart.
 A dark and mysterious gardener (Tchili from This Filthy Earth) keeps watch over the family but is powerless to exorcise the curse that he feels has befallen them. Meanwhile the twin sisters (Manon and Capucine) provide light but sometimes macabre relief.  The world of IVUL is a world of both fairytale and nightmare with the family manor house and forest landscape providing a compelling backdrop to the story.",Ivul (2010),117855,2.75,0.55
74092,Bleak Night,2011-03-03,7.3,Drama,"Lee Je-hoon, Seo Jun-young, Park Jeong-min, Cho Seong-ha, Lee Cho-hee",Yoon Sung-hyun,The suicide of a former high-school bully puts the boy's father on a quest for answers.,Bleak Night (2010),118236,3.6333333333333333,0.7266666666666667
47259,Cherry Tree Lane,2010-07-10,4.6,"Crime, Thriller, Horror","Rachael Blake, Jennie Jacques, Tom Kane, Tom Butcher, Ashley Chin",Paul Andrew Williams,"Prosperous professional couple Mike and Christine are settling in for a standard evening of wine, TV and low-level marital hostility when a ring on their doorbell changes everything. Turns out their son Sebastian is in a little trouble with some local boys, who are quite prepared to camp out and wait for him to get home ... the resulting culture-clash chamber drama is raw, revealing and nerve-splittingly tense.",Cherry Tree Lane (2010),118254,3.125,0.625
42057,It's a Wonderful Afterlife,2010-05-07,4.8,"Comedy, Romance","Shabana Azmi, Goldy Notay, Sendhil Ramamurthy, Sally Hawkins, Mark Addy",Gurinder Chadha,"Indian mother Mrs Sethi's obsession with marrying off her daughter turns murderous. With jokes that routinely miss the mark and cringeworthy slapstick, this black comedy farce shouldn't work. Somehow, though, it does.",It's a Wonderful Afterlife (2010),118258,2.3333333333333335,0.4666666666666667
52009,Norwegian Ninja,2010-08-13,4.654,"Drama, Action, Comedy, Thriller","Mads Ousdal, Jon Øigarden, Trond-Viggo Torgersen, Linn Stokke, Amund Maarud",Thomas Cappelen Malling,"Norwegian Ninja is the true story of how Commander Arne Treholt and his Ninja Force saved Norway during the Cold War. In 1983 the Ninja Force discovers that the sinister NATO force Stay Behind, who take charge in times of war and emergency, are planning a coup-d'état in peacetime. Treholt and the Ninjas see only one solution: a full can of whoop-ass.",Norwegian Ninja (2010),118266,2.875,0.575
55322,Grant Morrison: Talking with Gods,2010-10-26,7.0,Documentary,"Grant Morrison, Warren Ellis, Matt Fraction, Amber Benson, Frank Quitely",Patrick Meaney,"Philosopher, pop-icon, shaman and story teller - as one of the most influential comic book writers in the market today, Grant Morrison is all of these things. His explosive and often controversial 30 year career has made him a household name for comic fans, and he shows no signs of slowing down. Morrison's career is now taking a new turn, as he explores media beyond comic books. With film and television projects on the horizon, more and more people are asking ""Who is Grant Morrison?"" Grant Morrison: Talking with Gods is a feature length documentary that takes an in depth look at the life, career and mind of the man behind such pivotal titles as Batman RIP, The Invisibles, All Star Superman, The New X-Men, and many more. Featuring candid interviews with Morrison and his most important collaborators, Talking with Gods reveals an intelligent and thought provoking side of comic books that is often overlooked in Hollywood adaptations.",Grant Morrison: Talking with Gods (2010),118462,3.5,0.7
67314,Prey,2011-07-13,5.189,"Adventure, Drama, Horror, Mystery, Thriller","Bérénice Bejo, Grégoire Colin, Isabelle Renauld, François Levantal, Joseph Malerba",Antoine Blossier,"One night, several deer hurl themselves unexpectedly against the electric fence of a farm. Seeing deep signs of biting on the animals’ bodies, the farm owners realise that a predator is roaming about the neighbouring woods. Having determined to hunt it down, the farmer and his family penetrate deep into the surrounding forest. They look with bewilderment at the dying environment ravaged by a mysterious evil force. As the sun slowly sinks away, howling resounds through the forest. The hunters have become prey...",Prey (2010),118796,3.0,0.6
95174,Frozen,2010-09-02,4.5,"Fantasy, Thriller, Romance","Janice Man, Janice Vidal, Aarif Rahman, Wilfred Lau Ho-Lung, Susan Shaw Yam-Yam",Derek Kwok Chi-Kin,"A young 20-year-old-woman named Wing (Lan Wei) visits her grandfather's laboratory in Hong Kong. By accident, Wing opens a chamber and resurrects a woman about her age. Wing then discovers the woman awaken is her mother Gigi (Janice Man), who was cryogenically frozen shortly after becoming involved in a fatal car accident some 20 years ago. Gigi, on the other hand, must also come to grips with her daughter being the same age as her and also her favorite actor Leslie Cheung having long passed away.  The newly acquainted mother and daughter duo then set out to find Gigi's boyfriend Kit (Aarif Lee) who is also Wing's biological father. When they find Kit, they learn that he's not the same man as he was twenty years ago and, in fact, a middle-aged homeless man who lives under a bridge ...",Frozen (2010),118818,5.0,1.0
32916,Scooby-Doo! Abracadabra-Doo,2010-02-16,7.733,"Animation, Comedy, Family, Mystery, Fantasy","Frank Welker, Matthew Lillard, Mindy Cohn, Grey DeLisle, Danica McKellar","Spike Brandt, Tony Cervone","The gang goes on a trip to check on Velma's younger sister, Madelyn. She's been studying stage magic at the Whirlen Merlin Magic Academy, where apparently there have been sightings of a giant griffin. The gang decides to investigate.",Scooby-Doo! Abracadabra-Doo (2010),118894,3.6346153846153846,0.7269230769230769
51239,Paradox,2010-11-19,4.2,"Science Fiction, Thriller","Kevin Sorbo, Steph Song, Christopher Judge, A.C. Peterson, Alisen Down",Brenton Spencer,"Homicide detective Sean Nault is a cop on a parallel Earth whose technology is powered exclusively by magic. Sean investigates a baffling series of murders committed by a means he's never seen before: science. With the aid of Lenoir, a member of the ridiculed subculture of ""pragmatists"" who believe science is more than the stuff of myths & children's stories, and the 130-year-old sorcerer Winston Churchill, Sean uncovers an ominous plot that will lead him to another dimension and the realization that, unless he prevents it, both earths could well be destroyed.",Paradox (2010),119167,2.5,0.5
142119,Food Stamped,2010-10-09,6.5,Documentary,"Shira Potash, Yoav Potash","Shira Potash, Yoav Potash","Food Stamped is an informative and humorous documentary film following a couple as they attempt to eat a healthy, well-balanced diet on a food stamp budget. Nutrition educator Shira Potash teaches nutrition-based cooking classes to elementary school students in low-income neighborhoods, most of whom are eligible for food stamps. In an attempt to walk a mile in their shoes, Shira and her documentary filmmaker husband embark on the food stamp challenge where they eat on roughly one dollar per meal. Along the way, they consult with food justice activists, nutrition experts, politicians, and ordinary people living on food stamps, all in order to take a deep look at the struggles low-income Americans face every day while trying to put three-square meals on the table.",Food Stamped (2010),119214,2.1666666666666665,0.4333333333333333
51090,With Love... from the Age of Reason,2010-07-28,5.5,"Comedy, Romance","Sophie Marceau, Jonathan Zaccaï, Marton Csokas, Michel Duchaussoy, Thierry Hancisse",Yann Samuell,"The day she turns 40, Marguerite Flora, a successful rep for a nuclear power company, begins receiving letters she'd sent to herself at age seven. The letters tell her what to do if her life hasn't turned out the way she thought it should, when she was living in poverty with her mother and brother in a small village in southern France. She decides to go back to her birthplace to get the lawyer to stop the letters, but also to visit her childhood sweetheart and her long-forgotten brother, in order to find peace within herself.",With Love... from the Age of Reason (2010),119428,3.375,0.675
82676,Everyday Sunshine: The Story of Fishbone,2011-10-07,7.3,"Documentary, Music, History","Norwood Fisher, Angelo Moore, Ice-T, Flea, Gwen Stefani","Chris Metzler, Lev Anderson","From the shifting fault lines of Hollywood fantasies and the economic and racial tensions of Reagan's America, Fishbone rose and became one of the most original bands of the last 25 years. With a blistering combination of punk and funk they demolished the walls of genre and challenged the racial stereotypes and the political order of the music industry and of the nation.",Everyday Sunshine:  The Story of Fishbone (2010),119621,3.6666666666666665,0.7333333333333333
63727,Exorcismus,2010-12-29,5.524,"Thriller, Horror","Doug Bradley, Stephen Billington, Sophie Vavasseur, Richard Felix, Tommy Bastow",Manuel Carballo,"Fifteen-year-old Emma Evans is like any other teenage girl; she thinks that her parents don't understand her. She longs for independence and a life free of family ties and responsibilities and she is prepared to do anything to achieve it. But one day she will be forced to face up to the consequences of her actions.Life seems to be carrying on as normal, until one day Emma starts experiencing frightening fits. Her parents are convinced that her problems are either medical or psychological, but when doctors' tests are unable to draw any conclusions, the family is forced to look elsewhere for answers.It all started off as a bit of fun, Emma never really believed it, but the truth is there is something dark and sinister within her, and it won't take long to surface.",Exorcismus (2010),119629,2.9791666666666665,0.5958333333333333
57517,First Dog,2010-10-22,6.6,"Family, Comedy, Drama","Eric Roberts, Eliza Roberts, John-Paul Howard, Little Bear, Tommy Lister Jr.",Bryan Michael Stoller,"A foster boy is befriended by a lost dog who turns out to belong to the President of the United States. The boy decides to run away from the foster home to return the canine to the White House -- ""Because it's the right thing to do!""",First Dog (2010),120098,3.1217591102962157,0.6243518220592431
62780,A Yakuza's Daughter Never Cries,2010-09-02,4.6,Comedy,"Chika Arakawa, Sergey Garmash, Artur Smolyaninov, Sergey Gazarov, Irina Rozanova","Sergei Bodrov, Gulshat Omarova","Yuriko, a daughter of Yakudza boss is lost in Russia. Here she finds Alexey - a young man who is trying to help her.",A Yakuza's Daughter Never Cries (2010),120198,3.1217591102962157,0.6243518220592431
65186,Forget Me Not,2011-05-06,5.442,"Drama, Romance","Tobias Menzies, Genevieve O'Reilly, Gemma Jones, Luke de Woolfson","Alexander Holt, Lance Roehrig","The film follows Will Fletcher, a musician, and Eve Fisher, who works in a pub where he is performing, during one night in London. After Will has saved Eve from a drunken customer at closing time, they stay up all night together, meandering through the streets of London and forging a relationship. Next morning, Eve takes him to see her Alzheimer's-suffering grandmother.  The film is often compared to Richard Linklater's films ""Before Sunrise"" and ""Before Sunset"", as the style is very similar.",Forget Me Not (2010),120246,3.2142857142857144,0.6428571428571429
52271,Freestyle,2010-05-03,3.75,"Drama, Romance","Alfie Allen, Colin Salmon, Arinzé Kene, Danny John-Jules, Eleanor Wyld",Kolton Lee,A romance set in the world of freestyle basketball.,Freestyle (2010),120404,3.0,0.6
56037,Fuchsia the Mini-Witch,2010-10-06,5.1,"Fantasy, Family","Rachelle Verdel, Porgy Franssen, Annet Malherbe, Marcel Hensema, Lorenso van Sligtenhorst",Johan Nijenhuis,"Great adventures can hatch from the smallest eggs. Fucsia wants to learn to do magic just like her father, and so is pleased as punch when she is allowed to go to witches' school. There, Fucsia learns to make wind and conjures with the clouds. But her magic often has unexpected results, however, as she is sometimes that little bit too ambitious.",Fuchsia the Mini-Witch (2010),120416,5.0,1.0
69878,Harvest,2011-03-05,4.8,Drama,"Robert Loggia, Jack Carpenter, Victoria Clark, Arye Gross, Barbara Barrie",Marc Meyers,"Gathered one summer in a beautiful shoreline town, three generations are drawn together by their patriarch. With endearing moments of humor and uplifting spirit, Harvest is a portrait of a family awkwardly yet delicately hanging on to what was, what now is, and to one another.",Harvest (2010),120598,3.5,0.7
42863,Blur: No Distance Left to Run,2010-01-14,7.4,"Documentary, Music","Damon Albarn, Graham Coxon, Alex James, Dave Rowntree","Will Lovelace, Dylan Southern","A documentary film about the British rock band Blur. Following the band during their 2009 reunion and tour, the film also includes unseen archive footage and interviews.",No Distance Left to Run (2010),121029,3.2777777777777777,0.6555555555555556
107255,A Night for Dying Tigers,2010-09-10,5.4,"Drama, Comedy","Jennifer Beals, Gil Bellows, Lauren Lee Smith, Tygh Runyan, Kathleen Robertson",Terry Miles,"The night before Jack (Gil Bellows) is slated to begin a five-year prison sentence for murder, his wife, Melanie (Jennifer Beals), and assorted siblings gather for a dinner to bid Jack farewell and good luck on his trip up the river. But the party slides into a bitter fight over the bad behavior of Jack's brothers (John Pyper-Ferguson and Tygh Runyan) and sister Karen (Lauren Lee Smith). Terry Miles directs this dark comic drama.",A Night for Dying Tigers (2010),121039,4.5,0.9
60575,Prowl,2010-09-04,4.9,"Horror, Thriller","Ruta Gedmintas, Joshua Bowman, Perdita Weeks, Jamie Blackley, Courtney Hope",Patrik Syversen,"Amber dreams of escaping her small town existence and persuades her friends to accompany her to find an apartment in the big city. When their transportation breaks down, she and her friends gratefully accept a ride in the back of a semi. But when the driver refuses to stop and they discover the cargo is hundreds of cartons of blood, they panic. Their panic turns to terror when the truck disgorges them into a dark, abandoned warehouse where blood-thirsty creatures learn to hunt human prey, which, the friends realize, is what they now are... Written by Svetlio Svilenov",Prowl (2010),121167,2.892857142857143,0.5785714285714285
53459,F,2010-09-07,6.094,"Horror, Thriller","David Schofield, Eliza Bennett, Ruth Gemmell, Juliet Aubrey, Roxanne McKee",Johannes Roberts,A group of teachers must defend themselves from a gang of murderous kids when their school comes under siege after hours.,The Expelled (2010),121192,2.6666666666666665,0.5333333333333333
51250,Gun,2010-07-30,5.184,"Action, Crime","50 Cent, Val Kilmer, AnnaLynne McCord, James Remar, Hassan Johnson",Jessy Terrero,"The Detroit Police launches a full-scale war against gun runners with the cooperation of the Feds and target a criminal named Rich. When a gun exchange goes bad and Rich’s old friend Angel, steps up big time and saves his life, they form a bond that makes his supplier and lover, Gabriella paranoid. But there is a snitch in the group and Gabriella’s biggest deal goes bad only to have an even bigger secret revealed, one that rocks Rich to his core.",Gun (2010),121217,1.8,0.36
38166,The Stranger,2010-06-01,4.5,"Action, Drama, Thriller, Mystery, Crime, Adventure","Steve Austin, Erica Cerra, Calista Bashuk, Karly Warkentin, Dalila Bela",Rob Lieberman,"The Stranger is a man with no name, no memory and absolutely nothing left to lose. But when he finds himself hunted by both the FBI and the Russian mob, this amnesiac decides to fight back. Pursuit cannot stop him. Torture will not break him. And with every beating, bullet and betrayal, he’ll remember another piece of the horror that took away his career, his family and his identity.",The Stranger (2010),121265,2.357142857142857,0.4714285714285714
56624,Run If You Can,2010-07-28,6.714,Drama,"Robert Gwisdek, Jacob Matschenz, Anna Brüggemann, Daniel Drewes, Amelie Kiefer",Dietrich Brüggemann,"An independent tragicomedy, Run If You Can is the debut feature for director Brüggemann who, along with his sister, also wrote the compelling screenplay. Forced to spend the rest of his life in a wheelchair, Ben is deeply desperate, despite his humor and vivaciousness. When he meets Christian, his new assistant, Ben treats him like every other helper he’s had. Things suddenly change when Christian meets Annika, “the cello player” whom Ben has been observing from his window for years. The three become close friends, putting Annika in the middle of an emotional, and somehow dangerous, ménage à trois. While conquering Annika is nothing very serious for career-focused Christian, Ben’s love for Annika reminds him of his past and forces him to face his most remote fears. A character-driven story, Run If You Can owes much of its power to the actors’ performances, especially Robert Gwisdek’s outstanding interpretation of Ben.",Run If You Can (2010),121300,3.5,0.7
44678,Altitude,2010-10-10,4.708,"Horror, Mystery, Thriller","Jessica Lowndes, Julianna Guill, Ryan Donowho, Michelle Harrison, Ian Robison",Kaare Andrews,"After a mysterious malfunction sends their small plane climbing out of control, a rookie pilot and her four teenage friends find themselves trapped in a deadly showdown with a supernatural force.",Altitude (2010),121330,2.086206896551724,0.41724137931034483
47891,Cyrus: Mind of a Serial Killer,2010-10-01,4.3,"Crime, Horror, Mystery, Thriller","Tiffany Shepis, Danielle Harris, Brian Krause, Lance Henriksen, Kim Rhodes",Mark Vadik,"A small independent news crew investigates a series of unexplained disappearances in a small Midwestern county. They find themselves interviewing a man who possesses an all too intimate knowledge of the details of ""The County Line Cannibal"" - Cyrus.",Cyrus: Mind of a Serial Killer (2010),121354,3.0714285714285716,0.6142857142857143
46967,Bill Burr: Let It Go,2010-09-18,7.736,Comedy,Bill Burr,Shannon Hartman,"It’s always been a dream of mine to do a show at the Fillmore. The name itself is synonymous with legendary performances. Countless iconic musicians and comedians have been on that stage. To be a part of that history was something I’ll never forget. As much as I was trying to keep my head together before the show, I couldn’t help but feel like a tourist or just some random dude who won a contest. LET IT GO represents the culmination of material I developed on the road from 2008-2009. As always thanks to everyone who came out to my shows, laughed at the funny stuff and stared during the bombing. I hope you enjoy it. – Bill Burr",Bill Burr: Let It Go (2010),121372,3.9166666666666665,0.7833333333333333
32845,Wrong Side of Town,2010-02-23,5.311,"Action, Crime, Drama, Thriller","Rob Szatkowski, Dave Bautista, Lara Grice, Randal Reeder, Ja Rule",David DeFalco,"Ex-Navy Seal Bobby Kalinowski lives a quiet, peaceful life as a landscape architect in an LA suburb with his wife Dawn and 16 year old daughter Brianna. Tonight they are invited out for an evening on the town by new neighbors clay and Elise Freeman to a happening club downtown. Little did they know that this would be the start of a life or death ordeal for the group.",Wrong Side of Town (2010),121459,2.1,0.42000000000000004
82640,Twelve Thirty,2011-01-14,4.667,"Drama, Romance","Reed Birney, Jonathan Groff, Mamie Gummer, Portia Reiners, Karen Young",Jeff Lipsky,"TWELVE THIRTY is drama about a family with adult children that is broken, and a self-centered young man who, in the span of a week, becomes entangled in each of their lives, wreaking havoc in the process.",Twelve Thirty (2010),121757,3.5,0.7
54602,Skateland,2011-05-13,5.056,Drama,"Ashley Greene, Shiloh Fernandez, Brett Cullen, Taylor Handley, Heath Freeman",Anthony Burns,"In the early 1980s, in small-town Texas, dramatic events force a 19-year-old skating rink manager to look at his life in a very new way.",Skateland (2010),121779,2.0,0.4
81649,Pink Saris,2010-09-14,4.571,Documentary,"Renu Devi, Sampat Pal Devi, Niranjan Pal",Kim Longinotto,"Sampat Pal Devi, founder of India’s Gulabi (“Pink”) Gang and fearless defender of the rights of untouchable women, challenges husbands, fathers-in-law and policemen in this immersive study by acclaimed documentarian Kim Longinotto. More than a profile of an everyday heroine, the film captures the courage and sacrifice necessary for social progress.",Pink Saris (2010),121815,3.5,0.7
45784,Rising Stars,2010-10-22,6.0,"Drama, Family, Music","Fisher Stevens, Barry Corbin, Catherine Mary Stewart, Leon Thomas III, Lauren Ashley Carter",Daniel Millican,"Challenged with creating songs and music videos, three musical acts find more than their futures on the line when the competition gets fierce and their lives are caught on tape broadcast to the nation. Egos clash and worlds collide as these teens find how far they will go to win the coveted prize and achieve stardom.",Rising Stars (2010),121923,5.0,1.0
94792,Made in Romania,2010-12-28,4.1,Comedy,"Jennifer Tilly, Jason Flemyng, Elizabeth Hurley, Danny Huston, Joey Slotnick",Guy J. Louthan,"""Made In Romania"" is the story of a producer who is given the chance to realize his dream project; to film an adaptation of an obscure, beautifully written Victorian novel, ""The Tides of Reason"". Disillusioned after years of making low budget genre films, the producer readily accepts the demands of his less than legitimate financiers. Namely, the production be filmed entirely in Romania to take advantage of a complicated and slightly suspicious tax deal. Shot in documentary style, this behind-the-scenes comedy deftly and inexorably exposes the painful reality of runaway film production. Way off the radar in deepest, darkest, rural Romania the hopelessly disconnected production veers swiftly off the tracks as bizarre personalities, cultural, economic and language issues quickly combine to send the production spiraling into hysteria. Written by Neil Monaghan",Made in Romania (2010),121945,3.1217591102962157,0.6243518220592431
55045,Psych:9,2010-05-07,4.529,"Horror, Mystery, Thriller","Sara Foster, Cary Elwes, Michael Biehn, Gabriel Mann, Colleen Camp",Andrew Shortell,A young woman with a troubled past takes a job at recently closed down hospital. Working the night shift alone she begins to experience a series of unsettling events that lead her to believe that the hospital may be connected to a number of recent murders in the area. To uncover the truth she will have to revisit the past behind the walls of Psych:9.,Psych:9 (2010),122031,2.3333333333333335,0.4666666666666667
35153,The Heavy,2010-04-08,4.9,"Thriller, Action, Adventure","Gary Stretch, Vinnie Jones, Stephen Rea, Shannyn Sossamon, Christopher Lee",Marcus Warren,"Sibling rivalry turned into betrayal between two brothers. One a prime candidate for Prime Minister, the other a henchman for a successful, yet shady businessman. Presented with an opportunity to take revenge against his brother, our anti-hero must come to terms with the truth in a world where you can trust no one and loyalty is rare.",The Heavy (2010),122086,2.25,0.45
42189,Kevin Hart: Seriously Funny,2010-07-20,7.0,"Comedy, Documentary, TV Movie",Kevin Hart,Shannon Hartman,"Fresh off the heels of appearing in movies like Superhero Movie and The 40 Year-Old Virgin, fast-talking comedian Kevin Hart stars in his second live stand-up performance in Cleveland, Ohio, where he makes fun of everything and everybody - especially himself.",Kevin Hart: Seriously Funny (2010),122104,3.5277777777777777,0.7055555555555555
241982,One Husband Too Many,2010-10-04,5.7,"Comedy, Romance, TV Movie","Lorie Pester, Alain Delon, Alexandre Varga, Philippe Bas, Jean-Luc Bideau",Louis Choquette,"At just 28 years old, Stéphanie Lempereur believes she has achieved all her dreams. She has just been appointed editor-in-chief of GLAM, a prestigious fashion magazine, and the charming Grégoire de Rougemont, a lawyer from a good family, has asked her to marry him. The only catch: Stéphanie lied about her modest origins to get where she is, and... she is still married to Alex, her childhood sweetheart! Back in Calais, faced with her husband, her family, and her roots, Stéphanie begins to doubt her life choices...",One Husband Too Many (2010),122127,2.0,0.4
45752,Scooby-Doo! Camp Scare,2010-09-14,7.857,"Animation, Comedy, Family, Mystery","Frank Welker, Mindy Cohn, Matthew Lillard, Grey DeLisle, Dee Bradley Baker",Ethan Spaulding,"Scooby and the gang experience outdoor fun as they go back to Fred's old summer camp. As summer goes on, it becomes increasingly clear that the spooky camp stories told by the fireplace, are more real than they've though and soon, it's up to the gang to try and solve the mystery of camp scare.",Scooby-Doo! Camp Scare (2010),122129,3.142857142857143,0.6285714285714286
44966,The Freebie,2010-09-17,4.9,"Drama, Comedy","Dax Shepard, Katie Aselton, Bellamy Young, Ken Kennedy, Ross Partridge",Katie Aselton,"Annie and Darren have been married for seven years, and they love each other as much as the day they were wed; they're affectionate, have fun together, and enjoy games such as crossword puzzle races. They would seem to have a perfect relationship, except for one thing -- they haven't had sex in ages, and seem to have lost all interest in making love with one another, no matter how they try to put each other in the mood. Hoping to put some adventure back into their lives, Annie and Darren come up with an unusual idea -- they each get one night in which they're free to find someone and have sex with them, scot-free. But is this going to help their relationship, or is it just going to turn a small problem into a big problem?",The Freebie (2010),122304,2.4166666666666665,0.4833333333333333
56529,The Violent Kind,2010-01-25,4.767,Horror,"Cory Knauf, Taylor Cole, Bret Roberts, Christina Prousalis, Joseph McKelheer","Mitchell Altieri, Phil Flores","One night at a secluded farmhouse deep in the Northern California woods, a small group of hardened young bikers and their girlfriends are tormented when one of the girls becomes savagely possessed and a gang of ""Rockabillies"" seemingly from the 1950's descends upon them to collect what is growing inside her.",The Violent Kind (2010),122306,2.4285714285714284,0.48571428571428565
58718,Siren,2010-11-11,4.145,Horror,"Eoin Macken, Anna Skellern, Tereza Srbova, Tarek Anthony Jabre",Andrew Hull,"A group of friends escaping the city for a weekend away have a simple plan, to tour the coast for a relaxing weekend. Things hit a snag when one of the friends spots a seductive, sultry young woman waving for help off the shore of one of many secluded islands along the coast. Reaching out to rescue her turns deadly and they risk everything to get off the island alive.",Siren (2010),122333,1.5,0.3
65496,Student Services,2010-01-18,5.259,Drama,"Déborah François, Mathieu Demy, Alain Cauchi, Benjamin Siksou, Anna Sigalevitch",Emmanuelle Bercot,"Nineteen-year-old Laura is stressed by her first year at college when money worries distract her from her studies and so, desperate for cash, she answers an online advertisement for intimate companionship that leads her down a dangerous path.",Student Services (2010),122464,2.9545454545454546,0.5909090909090909
48844,The Search for Santa Paws,2010-10-12,6.277,"Family, Adventure","Kaitlyn Maher, Madison Pettis, Zachary Gordon, Wendi McLendon-Covey, Richard Riehle",Robert Vince,"When Santa and his new best friend, Paws, discover that the boys and girls of the world have lost the spirit of the season, they take a trip to New York City. But after Santa loses his memory, it's up to Paws, a faithful orphan named Quinn, her new friend Will, and a wonderful group of magical talking dogs to save St. Nick and show the world what Christmas is really all about.",The Search for Santa Paws (2010),122519,2.5454545454545454,0.509090909090909
44773,The 7 Adventures of Sinbad,2010-05-25,3.513,"Adventure, Action, Fantasy","Patrick Muldoon, Sarah Desage, Bo Svenson, Kelly O'Leary, Dylan Jones","Ben Hayflick, Adam Silver","Sinbad, the original Prince of Persia, must complete seven tasks in order to save the world from catastrophe.",The 7 Adventures of Sinbad (2010),122758,1.0,0.2
34586,Kandahar,2010-02-04,6.2,Drama,"Bohdan Beniuk, Aleksandr Baluev, Vladimir Mashkov, Andrei Panin, Maksim Klyanov",Andrey Kavun,A docudrama about the escape of Russian pilots after being taken hostage by the Taliban in 1996.,Kandahar (2010),122789,3.3333333333333335,0.6666666666666667
45568,Legacy,2010-10-15,4.6,"Drama, Thriller","Idris Elba, William Hope, Eamonn Walker, Monique Gabriela Curnen, Richard Brake",Eromose,"Taking refuge in a shabby Brooklyn motel after narrowly surviving a failed mission in Eastern Europe, Black Ops soldier Malcolm Gray (Idris Elba) begins to disintegrate mentally as he broods over the legacy of his actions in this taut psychological thriller. Haunted by his demons while holed up in his room, Malcolm ponders the ascent of his brother (Eamonn Walker), an ambitious senator with designs on the presidency.",Legacy (2010),122797,1.5,0.3
45662,Space Chimps 2: Zartog Strikes Back,2010-05-26,4.368,"Animation, Family","Tom Kenny, Zack Shada, Patrick Warburton, Cheryl Hines, Carlos Alazraqui",John H. Williams,"Comet longs to be taken seriously as a full-fledged space chimp. He journeys to the fantastical Planet Malgor and bonds with the adorable alien Kilowatt, living out his ultimate fantasy. However, it's time for Comet to prove himself when the feared alien ruler Zartog takes over Mission Control! Comet must show he has the right stuff, and join fellow chimps Ham, Luna and Titan, to save the day.",Space Chimps 2: Zartog Strikes Back (2010),122813,0.9,0.18
71287,Pound of Flesh,2011-04-29,2.182,"Drama, Comedy, Thriller","Malcolm McDowell, Angus Macfadyen, Elizabeth Rodriguez, Timothy Bottoms, Bellamy Young",Tamar Simon Hoffs,"Noah Melville, a popular college professor and confirmed sensualist, provides scholarships for gorgeous college girls through an escort service, whose satisfied clients include the chairman of the school board, the chief of police, and even the mayor of their idyllic college town. When a young woman's dead body is found near the campus, the moralistic new detective in town, Patrick Kelly, investigates, leading him to the professor. Exposed, Noah must leave his devoted wife and daughter and flee the law. Kelly, for his own reasons, takes the law into his own hands to bring Noah to justice. Their deadly showdown has a surprising result.",Pound of Flesh (2010),122976,3.1217591102962157,0.6243518220592431
45020,Mercy,2009-11-11,5.237,"Drama, Romance","Scott Caan, Dylan McDermott, Erika Christensen, James Caan, Whitney Able",Patrick Hoelck,"A young novelist tries to write about love, but realizes he will first need some real-life experience before taking on the subject.",Mercy (2010),123091,3.0,0.6
44811,Mongolian Death Worm,2010-05-08,4.616,"Horror, Science Fiction, TV Movie","Sean Patrick Flanery, Victoria Pratt, George Cheung, Drew Waters, Matthew Tompkins",Steven R. Monroe,"When an American oil company sets up an experimental drilling plant out in the vast deserts of Mongolia, they awaken a nest. The deadly creatures begin to breed and spread, devouring everyone in their path. The only person who can stop them is treasure hunter and adventure seeker who spent his life searching for a legendary tomb, fabled to be protected by the Death Worms. He knows he must do what he can to kill the creatures, but stopping these monsters may mean destroying his life's work forever!",Mongolian Death Worm (2010),123165,1.6666666666666667,0.33333333333333337
44862,Once Fallen,2010-11-02,5.2,"Drama, Action, Crime","Brian Presley, Ed Harris, Taraji P. Henson, Amy Madigan, Peter Weller",Ash Adams,"When Chance (Brian Presley) returns home after five years in jail, he is determined to escape his past, start a new life and make peace with his father, (Ed Harris, Golden Globe® winner), who is the head of the Aryan Brotherhood prison gang and serving a life sentence for murder. Upon his release, his dreams of a crime-free future begin to disintegrate when he is forced to assume his best friend's outrageous debt to a local mobster. Despite being thrust back into a world of organized fighting, drug dealing and ties to corrupt police agents, Chance falls in love with Pearl (Academy Award® nominee Taraji P. Henson) and the prospect of living a normal life seems almost within reach. But will he be able to escape the crimes of his father and his past?",Once Fallen (2010),123210,0.5,0.1
48836,Kill Katie Malone,2010-10-10,4.4,"Thriller, Horror","Masiela Lusha, Stephen Colletti, Jonathan McDaniel, Dean Cain, Cassandra Jean Amell",Carlos Ramos Jr.,"College students and best friends Ginger Matheson, Jim Duncan, and Kyle ""Dixie"" Canning, pool their cash to buy a ""ghost"" in an online auction. The three think it's all a goof, but once they open up the antique box to examine their ""treasure,"" they unleash the vengeful spirit of an Irish servant girl who has been wreaking havoc on her owners throughout the generations",Kill Katie Malone (2010),123256,2.5,0.5
38498,Hard Ride to Hell,2010-05-18,4.405,Horror,"Miguel Ferrer, Laura Mennell, Brendan Penny, Katharine Isabelle, Richard Faraci",Penelope Buitenhuis,"A group of family and friends on a camping trip through the Texas badlands are taken on a on-way ride to Hell after they inadvertently witness a ritual sacrifice at a deserted campsite. Pursued by the devil worshiping biker gang responsible, they hole up in an abandoned church near the border, only to discover that they are pawns in a decades-old battle between good and evil.",Hard Ride to Hell (2010),123328,3.1217591102962157,0.6243518220592431
82421,Poster Girl,2010-09-03,7.8,Documentary,Robynn Murray,Sara Nesson,"POSTER GIRL is the story of Robynn Murray, an all-American Apple pie high-school cheerleader  turned tough-as-nails machine gunner in the Iraq War and a “poster girl” for women in combat, distinguished by Army Magazine’s cover shot. Now Sgt. Robynn Murray comes home from Iraq, to face a new kind of battle she never anticipated. Her tough-as-nails exterior begins to crack, leaving Robynn struggling with the debilitating effects of post-traumatic stress disorder (PTSD). Shot and directed by first-time filmmaker Sara Nesson, POSTER GIRL is an emotionally raw documentary that follows Robynn over the course of two years as she embarks on a journey of self-discovery and redemption, using art and poetry to redefine her life.",Poster Girl (2010),123415,5.0,1.0
47902,Meskada,2010-10-03,4.596,"Crime, Drama, Thriller","Nick Stahl, Rachel Nichols, Kellan Lutz, Jonathan Tucker, Laura Benanti",Josh Sternfeld,"Small-town detective Noah Cordin is called to solve a juvenile homicide that occurred during a home burglary in his affluent town of Hilliard. The dead boy's mother, Allison Connor, is a member of the Meskada County Board of Commissioners, and a powerful woman in Hilliard; and the entire township rallies together in solidarity - to support her and Detective Cordin's efforts to find the killers.",Meskada (2010),123427,2.5,0.5
73085,Wreckage,2010-11-04,3.9,"Horror, Thriller","Aaron Paul, Justin Allen, Mike Erwin, Jake Frigerio, Ruthanne Gibson",John Asher,"Jared, Kate, Rick, and Jessica find themselves stranded in a wreckage yard after their car breaks down during a drag race. Meanwhile, the sheriff's office receives notice that a convict escaped from a local state prison. As the teenagers mysteriously disappear one by one, the killer grows hungry and the thriller continues to unravel.",Wreckage (2010),123435,2.0,0.4
89495,The Zero Hour,2010-10-08,7.575,"Thriller, Drama","Zapata 666, Amanda Key, Erich Wildpret, Marisa Román, Albi De Abreu",Diego Velasco,"The Zero Hour tells the story of the La Parca (Zapata 666), a fearsome assassin who is forced to kidnap a private clinic to save the love of his life, Ladydi (Amanda Key). They soonreached the police and a media circus with them, who make our character into a national hero.La Parca finds that saving the life of Ladydi be difficult, but escaped with his followers will be an almost impossible task. Time starts to run out, and what seemed like a perfect plan will end in a frantic ending where La Parca is forced to confront past mistakes, and discover that their worst enemies are closer than he imagined.",The Zero Hour (2010),123483,3.0,0.6
39477,Small Town Saturday Night,2010-05-31,5.227,Drama,"Chris Pine, John Hawkes, Shawn Christian, Robert Pine, Adam Hendershott",Ryan Craig,"Just days before Rhett (Chris Pine) is leaving for Nashville to pursue a lifelong dream of being a singer/songwriter, his girlfriend Samantha (Bre Blair) realizes that ""his"" future may not be ""their"" future. This news comes as a shock to Rhett, and he is faced with having to choose between following his dream and staying in his hometown in order to be with the woman he loves.",Small Town Saturday Night (2010),123495,3.625,0.725
52252,Ricky Gervais: Out of England 2,2010-12-18,7.387,Comedy,Ricky Gervais,John Moffitt,The comic performs at the Chicago Theatre.,Ricky Gervais: Out of England 2 - The Stand-Up Special (2010),123497,3.3,0.6599999999999999
49505,Jim Jefferies: Alcoholocaust,2010-11-08,7.3,Comedy,Jim Jefferies,Tim Kirkby,"Share this *Alcoholocaust: (Meaning: The aftermath of a drinking party, usually resulting in every available horizontal surface being covered in empty booze containers, spilled beverages and a general sticky alcoholic residue.) Jim Jefferies, the globally renowned Australian stand-up, returns to Just For Laughs with his brand new solo show. Alcoholocaust includes some of Jim’s favourite wild antics over the past year. As always, his material is set in reality, which is what provides him with his trademark brutally frank style. Among other things, you will hear about a hilarious yet touching true story involving his friend’s severely disabled brother, plus Jim’s traditional pet peeves – religion & idiots.",Jim Jefferies: Alcoholocaust (2010),123571,3.880952380952381,0.7761904761904762
48669,Terror Trap,2010-09-22,4.705,"Horror, Thriller","David James Elliott, Heather Marie Marsden, Jeff Fahey, Michael Madsen, Andrew Sensenig",Dan Garcia,"While driving, an estranged couple's car is hit twice. A sheriff takes them to a motel where they hear disturbing noises from a room, realizing they're part of a deadly game.",Terror Trap (2010),123577,2.9375,0.5875
262609,Astro-Zombies M3: Cloned,2010-06-19,3.5,"Horror, Science Fiction","Fletcher Sharp, Francine York, Sean Morelli, Joshua Grannell, Melanie Robel",Ted V. Mikels,"An ultra-secret government weapons project is headed up by a mad scientist's grand-daughter. Her mission: recreate the demented killing machines known as Astro Zombies. It doesn't take long before the deadly mutant clones escape from Area 51 and all hell breaks loose! Elite teams of Men In Black attempt extreme damage control measures, while government officials, master criminals, and the famed Doll Squad spring into action -- creating a mess of epic proportions!",Astro-Zombies M3: Cloned (2010),123850,3.25,0.65
44014,Groupie,2010-07-15,3.405,"Horror, Thriller","Taryn Manning, Hal Ozsan, Eric Roberts, Betsy Rue, Mitch Ryan",Mark L. Lester,"When a mysterious groupie joins legendary cursed band, ""The Dark Knights"", a series of unexplained murders derails their comeback tour.",Groupie (2010),123959,5.0,1.0
43814,Something Like A Business,2010-06-15,2.5,Comedy,"Kevin Hart, Clifton Powell, Tasha Smith, Keith David, Kym Whitley",Russ Parr,An aspiring pimp struggles to make a mint after inheriting his late uncle's escort service and discovering that competition on the streets is fierce.,Something Like A Business (2010),124041,3.1217591102962157,0.6243518220592431
44049,Matching Jack,2010-08-19,6.1,Drama,"Jacinda Barrett, Tom Russell, James Nesbitt, Richard Roxburgh, Kodi Smit-McPhee",Nadia Tass,"A woman struggles with her son's illness and her husband's infidelity, but, after a chance encounter with an Irish sailor and his son, her life is turned upside down in a love story that defies explanation and breaks all the rules.",Matching Jack (2010),124176,3.25,0.65
48132,Kevin Smith: Too Fat For 40,2010-10-22,6.4,"Comedy, Documentary",Kevin Smith,"Zak Knutson, Joey Figueroa","Poking fun at his much-publicized brouhaha with Southwest Airlines, writer, director, actor and ardent podcaster Kevin Smith declares himself too fat for his 40th birthday in a hilarious Q-and-A session with his rabidly loyal fans. Filmed at the Count Basie Theater in Smith's hometown of Red Bank, New Jersey, this two-hour comedy special spotlights not only Smith's self-deprecating sense of humor, but also his fondness (and true gift) for spinning a good yarn.",Kevin Smith: Too Fat For 40 (2010),124273,2.9193548387096775,0.5838709677419355
53866,Fair is Fair,2010-10-06,4.8,Comedy,"Daniel Auteuil, Sabine Azéma, Medeea Marinescu, Géraldine Bonnet-Guérin, Agnès Boury",Isabelle Mergault,"Condamné pour un crime qui n'était, selon lui, qu'un accident, Constant réussit à s'évader de la prison où il purge sa peine... Après une fuite aveugle, livré à tous les hasards, Constant finit par échouer dans un coin perdu, près des berges désertes d'un canal.... Se cachant sur une péniche à l'abandon, Constant tente de reprendre son souffle, accalmie de courte durée... Dès l'aube, Sylvia une pétillante jeune femme qui a reconnu l'homme traqué, lui propose un implacable marché : assassiner (puisqu'elle le pense être un tueur professionnel) Jeanne, sa mère adoptive sinon elle le dénonce à la police ! Piégé, Constant ne peut qu'accepter cette périlleuse "" mission "". Mais bien loin de tuer Jeanne, Constant la sauve d'un suicide annoncé.",Fair is Fair (2010),124310,3.1217591102962157,0.6243518220592431
43954,Shoot the Hero,2010-01-01,3.6,"Action, Comedy","Samantha Lockwood, Danny Trejo, Mike Hatton, Jason Mewes, Annemarie Pazmino",Christian Sesma,A 30-something couple unintentionally become involved in a botched jewel heist while shopping for wedding rings.,Shoot the Hero (2010),124340,3.1217591102962157,0.6243518220592431
53923,Stranded,2010-07-08,5.1,"Mystery, Action, Horror, War","Thierry Frémont, Saïd Taghmaoui, Grégoire Leprince-Ringuet, Aurélien Wiik, Cyril Raffaelli","Hugues Martin, Sandra Martin","Algeria, 1960. A section of French paratroopers are sent in search of a missing aircraft in the Algerian desert. The wreckage of the plane is quickly located, but there are no survivors, just a suitcase stamped “Top Secret”. Stormed by enemy soldiers, the troops find refuge in a strange abandoned citadel. Despite warnings from the place’s Guardian to leave at once, they wake up the Djinns, the evil spirits of the desert .",Stranded (2010),124564,2.5,0.5
61682,A Boy and His Samurai,2010-07-31,6.5,"Comedy, Drama, Romance","Ryo Nishikido, Rie Tomosaka, Fuku Suzuki, Hiroki Konno, Keisuke Horibe",Yoshihiro Nakamura,"A samurai from the Edo Period time travels to present day Japan where he meets a divorcee and her son.  Soon, he discovers a passion for making pastries.",A Boy and His Samurai (2010),124577,3.5,0.7
106446,Anything You Want,2010-09-10,5.464,Drama,"Juan Diego Botto, Lucía Fernández, José Luis Gómez, Najwa Nimri",Achero Mañas,"Leo is immediately set adrift by his new found responsibilities as a single parent, a feeling that is made doubly distressing when Dafne, herself understandably confused and heartbroken by her mother's absence, asks for an ""artificial"" mother to help her fall asleep at night. It is here that Mañas takes the road less traveled, but to write any more about the plot line he introduces would be unfair to both the viewer and filmmaker alike. Suffice it to say that Leo's actions are both surprising and potentially dangerous, as they require Leo to subsume his own identity to the point where he nearly loses it.",Anything You Want (2010),124649,3.25,0.65
90291,Stalker,2010-10-17,4.7,"Horror, Mystery, Thriller","Anna Brecon, Linda Hayden, Jane March, Jennifer Matter, Billy Murray",Martin Kemp,"When novelist Paula Martin retreats to the seclusion of her family home Crows Hall she hopes to clear her mind and focus on her new book. The arrival of an assistant, Linda, should take the pressure off... but as the bodies pile up, Paula finds herself trapped in a terrifying nightmare of murder and madness.",Stalker (2010),124651,3.5,0.7
81646,Marathon Boy,2010-01-01,6.5,Documentary,,Gemma Atwal,A scrappy slum kid with a gift for running meets a driven judo instructor with dreams of Olympic fame. Their complicated relationship turns India upside down in a documentary that expertly guides us through a series of twists and turns that are exciting and unsettling at once.,Marathon Boy (2010),124705,3.625,0.725
39433,The Front,2010-05-26,5.6,"Mystery, Crime, Action, Thriller, TV Movie","Andie MacDowell, Daniel Sunjata, Ashley Williams, Joe Grifasi, Dane DeHaan",Tom McLoughlin,A detective uncovers a sinister conspiracy when he is sent to research a disintegrating neighborhood for a public relations campaign.,The Front (2010),124721,3.0,0.6
52506,Limbo,2010-09-10,5.077,Drama,"Line Verndal, Henrik Rafaelsen, Lena Endre, Bryan Brown, Iben Luel Hersough",Maria Sødahl,"Sonia arrives in Trinidad with her two children to join her husband Jo who is working as an oil engineer. On the surface she lives a life of luxury in a large houses with servants. The days are uneventful and blend together into an everlasting holiday, where the women nurse their superficial relationships over cocktails poolside – the perfect climate for self-delusion.",Limbo (2010),124755,2.5,0.5
68716,Venus & Vegas,2010-11-01,3.8,"Action, Comedy","Donald Faison, Eddie Kaye Thomas, Eddie Guerra, Abraham Benrubi, Jaime Pressly",Demian Lichtenstein,"When three Vegas buddies attempt the score of a lifetime, they have to walk a fine line between their girlfriends who want their heads, and the mobsters who want them dead.",Venus & Vegas (2010),124805,3.0,0.6
44998,The Dry Land,2010-07-30,4.5,Drama,"America Ferrera, Jason Ritter, Wilmer Valderrama, Ethan Suplee, Melissa Leo",Ryan Piers Williams,A U.S. soldier returning home from war struggles to reconcile his experiences abroad with the life and family he left in Texas.,The Dry Land (2010),125019,2.25,0.45
46062,The Taqwacores,2010-01-24,5.0,"Action, Comedy, Drama, Music","Noureen DeWulf, Jim Dickson, Volkan Eryaman, Denise George, Bobby Naderi",Eyad Zahra,"Yusef, a first-generation Pakistani engineering student, moves off-campus with a group of Muslim punks in Buffalo, New York. His new ""un-orthodox"" housemates soon introduce him to Taqwacore: a hardcore, Muslim punk-rock scene that only exists out west. As the seasons change, Taqwacore influences the house more and more. The living room becomes a mosque during the day, while it continues to host punk parties at night. Ultimately, Yusef is influenced by Taqwacore too, as he begins to challenge his own faith and ideologies. 'The Taqwacores' deals with the complexities of being young and Muslim in modern-day America.",The Taqwacores (2010),125025,2.5,0.5
51832,The Matchmaker,2010-06-23,7.1,Drama,"Adir Miller, Maya Dagan, Tuval Shafir, Dror Keren, Dov Navon",Avi Nesher,During the summer of 1968 a teenage boy goes to work for a matchmaker who has survived the Holocaust - both their lives are forever altered.,The Matchmaker (2010),125045,3.642857142857143,0.7285714285714285
69854,Playing House,2011-02-25,4.333,Thriller,"Alex Dorman, Mari E. Ferguson, Caleb George, Mayra Leal, Matt Lusk",Tom Vaughan,"In this taut thriller, newlyweds Jen and Mitch find that three's company and four's a crowd when they ask their friend Danny to move in with them to share expenses. But a sweet situation turns sour when Danny invites a new person into the mix.",Playing House (2010),125093,3.1217591102962157,0.6243518220592431
58936,Pure Country 2: The Gift,2010-10-15,6.8,"Drama, Music, Romance","Katrina Elam, George Strait, Travis Fimmel, Bronson Pinchot, Cheech Marin",Christopher Cain,"Three angels bestow the gift of song to a young girl, who must follow a series of rules in order hold on to it during her rise to fame and fortune.",Pure Country 2: The Gift (2010),125125,3.25,0.65
39042,Multiple Sarcasms,2010-05-07,5.8,"Drama, Romance","Timothy Hutton, Mira Sorvino, Dana Delany, Mario Van Peebles, Stockard Channing",Brooks Branch,"Gabriel is a man who on the surface has it all-successful professional life as an architect, a beautiful wife, Annie, and a devoted young daughter, Elizabeth. But slowly it dawns on him that he is not really happy. Gabriel decides that he wants to write a play about the sorry state of his life. He quits his job, gets a pushy literary agent friend to represent him and starts writing. Although his marriage ends in a divorce, the play is success and although his life is different than it was, he is happier.",Multiple Sarcasms (2010),125255,3.0,0.6
90363,Mysterious Island,2010-11-03,4.6,"Horror, Science Fiction, Adventure","Gina Holden, Mark Sheppard, William Morgan Sheppard, J.D. Evermore, Susie Abromeit",Mark Sheppard,"During the American Civil War, five northern POWs make the decision to escape the war by hijacking a hot air balloon. Drifting through the night, they wake to find themselves marooned on a desert island, but they aren't alone.",Mysterious Island (2010),125261,4.25,0.85
63706,Mandrake,2010-09-11,3.4,"Horror, TV Movie","Max Martini, Betsy Russell, Benito Martinez, Jon Mack, Nick Gomez",Tripp Reed,"An expedition led by adventurer Darren McCall and funded by the wealthy Harry Vargas braves the impenetrable jungle to retrieve a fabled bejeweled dagger from an ancient burial ground. But pulling the dagger from its rightful resting place awakens the long-dormant plant creature - part plant, part animal, and all bloodthirsty -- and sends it on a feeding frenzy from which there seems scant hope of survival or escape...",Mandrake (2010),125347,1.75,0.35
44989,The Paranoids,2008-10-23,7.1,"Drama, Comedy, Romance","Daniel Hendler, Martín Feldman, Walter Jakob, Jazmín Stuart, Veronica Perdomo",Gabriel Medina,"Luciano works in birthday parties and writes his first feature when friend Manuel returns from Spain to repeat his TV show, ""The Paranoids"", together with his girl Sofia. Manuel is everything he is not and him trying to be helpful in his career and with women, only worsens the conflict.",The Paranoids (2010),125365,3.0,0.6
71511,Medium Raw,2010-08-06,4.4,"Fantasy, Horror, Thriller","William B. Davis, John Rhys-Davies, Brigitte Kingsley, Mercedes McNab, Jason Reso",Andrew Cymek,"Capturing the sadistic serial killer ""The Wolf"" was just the beginning for rookie cop Johnny Morgan. As he escorts the monster to his new home in the dark underground halls of Parker's Asylum, bedlam ensues and Johnny along with a handful of civilians become players in a night of survival against the world's most terrifying inmates.",Medium Raw (2010),125371,3.75,0.75
56596,Trust Me,2010-08-20,6.3,"Drama, Comedy","Alexander Skarsgård, Susanne Thorson, Gustaf Skarsgård, Philomène Grandin, Michael Segerström",Johan Kling,A comical fresco on human misdemeanors and betrayals... A film about our right to not be perfect.,Trust Me (2010),125385,2.0,0.4
49733,The Waiting City,2010-07-15,5.9,"Drama, Romance","Radha Mitchell, Joel Edgerton, Samrat Chakrabarti, Isabel Lucas, Tillotama Shome",Claire McCarthy,"An outwardly happy Australian couple journey to Calcutta to collect their adopted baby, but on arrival find that the arrangements have yet to be finalized. Soon, the intoxicating mystic power of the Indian city pulls them in separate and unexpected directions, and the vulnerability of their marriage begins to reveal itself.",The Waiting City (2010),125415,3.0,0.6
46562,The Last Rites of Ransom Pride,2010-06-17,3.656,"Action, Drama, Western","Dwight Yoakam, Lizzy Caplan, Jon Foster, Cote de Pablo, Jason Priestley",Tiller Russell,"When Juliette sets out to bring her slain lover – outlaw Ransom Pride – home to Texas to be buried, she knows the journey won't be easy, but she has little idea of the dangers that lie ahead in this dark Western drama.",The Last Rites of Ransom Pride (2010),125439,3.5,0.7
48798,Love and Distrust,2010-08-16,3.7,"Romance, Drama","Robert Pattinson, Talulah Riley, David Burke, Anna Calder-Marshall, Marianne Borgo","Darcy Yuille, Eric Kmetz, Diana Valentine, Warner Loughlin, Lorraine Bracco, Daisy Gili",This collection of five short films artfully portrays desire's ability to both empower and destroy those who encounter it.,Love and Distrust (2010),125866,2.25,0.45
252637,Time in the Minors,2010-11-01,4.0,Documentary,"Tony Schrager, John Drennen",Tony Okun,"Every year in June, nearly 2,000 athletes out of high school and college are chosen from an amateur baseball draft to play in the minor leagues. This inspiring documentary follows the lives of two young players on their arduous journey to launch Major League Baseball careers. As one faces his final year to tryout, another player wrestles with the pressure of keeping his million-dollar first-round draft contract intact. This thrilling and emotional journey illuminates the power determination can have on whether dreams are achieved or lost.",Time in the Minors (2010),125908,3.3333333333333335,0.6666666666666667
56275,Reggie Watts: Why Shit So Crazy?,2010-07-01,5.8,"Comedy, Music","Reggie Watts, Kumail Nanjiani",Duncan Skiles,"One of the most fascinating and unique artists working today, Reggie Watts combines looped vocals created live on stage with his unique brand of improvised comedy. Reggie's subjects range from ancient history to technology to spirit elves to theology to pop culture. The music incorporates hip-hop, trip-hop, 80's pop alternative, nu-metal and classical opera. Reggie loves to disorient and confuse people in the most entertaining way possible. This DVD features a combination of his various live performances.",Reggie Watts: Why Shit So Crazy? (2010),125938,3.25,0.65
190946,Curb Dance,2011-05-06,5.6,Comedy,Harmony Korine,Harmony Korine,A man dances on curbs.,Curb Dance (2010),125942,3.3,0.6599999999999999
44874,Barbie: A Fashion Fairytale,2010-09-14,7.244,"Family, Animation","Diana Kaarina, Adrian Petriw, Tabitha St. Germain, Patricia Drake, Alexa Devine",William Lau,"Join Barbie in a colourful, modern-day fairytale filled with fashion, friends and fun! Barbie and her dog Sequin jet off to visit her Aunt's amazing fashion house in Paris, and much to her surprise it's about to be shut down forever. After she discovers three enchanting Flairies with sparkle-magic powers, Barbie comes up with a brilliant idea to save the business. She even inspires Alice, a shy fashion designer, and together they create a dazzling runway fashion show. Barbie shows that magic happens when you believe in yourself.",Barbie: A Fashion Fairytale (2010),126036,2.7083333333333335,0.5416666666666667
109477,Brutal Relax,2012-03-10,6.079,"Comedy, Action, Horror","José María Angorrilla, Pep Sais, Mayka Dengrá, Fito Delgado, Juanlu Roig","David Muñoz, Rafa Dengrá, Adrián Cardona",Mr. Olivares is already recovered; all he needs is to take a vacation in a paradisiacal place where he can relax.,Brutal Relax (2010),126044,2.8,0.5599999999999999
37688,Lahore,2010-03-19,6.0,"Action, Drama","Farooq Shaikh, Nafisa Ali, Sabyasachi Chakraborty, Shraddha Das, Sushant Singh",Sanjay Puran Singh Chauhan,Lahore reflects the need and the desire to bring about peace and harmony in the subcontinent. It tells us how sports could play a key role in building bridges and bringing the two countries like India and Pakistan together that has more than 50 years of the history of unrelenting hostility.,Lahore (2010),126152,1.5,0.3
63348,The Encounter,2010-05-03,6.392,"Drama, Family","Bruce Marchiano, Jaci Velasquez, Steve Borden, Madison Gibney, Danah Davis Williams",David A.R. White,"When five strangers with nothing in common come together at a remote roadside eatery, they place their orders with the diner's omniscient owner, who seems to know everything about them ... and is eerily reminiscent of Jesus Christ.",The Encounter (2010),126397,4.0,0.8
72985,Lola,2009-09-23,7.3,Drama,"Anita Linda, Tanya Gomez, Jhong Hilario, Ketchup Eusebio, Rustica Carpio",Brillante Mendoza,"Two elderly women bear the consequences of a crime involving their respective grandsons. One is the victim, the other is the suspect. Both weak and poor, they laboriously solicit money in the midst of a storm, one for the victim's burial, the other for the suspect's bail bond.",Grandmother (2010),126779,3.25,0.65
60120,Finisterrae,2010-06-11,7.5,Drama,"Pau Nubiola, Santí Serra, Pavel Lukiyanov, Yuri Mykhaylychenko, Santí Serra",Sergio Caballero,Two ghosts walk along the Camino of Santiago.,Finisterrae (2010),126795,3.4375,0.6875
290739,Land,2010-05-02,4.2,Documentary,"Chris Berry, Daniel Campesino",Julian T. Pinder,"American resort developers bear down on the wild west coast of Nicaragua, hoping to build the next tourist paradise. With lax labour and environmental regulations, some of the developers take full advantage of the situation, and the local fishermen start accusing them of exploitation and land thievery. Unexpectedly, in the midst of this conflict, firebrand Daniel Ortega and the Sandinistas sweep back into government, boldly empowering the local fishermen. The tables turn viciously on the American developers, who get much more than they bargained for. But when the local fishermen, corrupted by new found power, begin acting in the same manner as the American developers, questions are posed about human nature, morality, and ethics on a much larger scale.",Land (2010),126965,2.5,0.5
163978,Soundtracker,2010-05-02,0.0,Documentary,Gordon Hempton,Nick Sherman,Pure sound unaltered by human hands is becoming increasingly difficult to find. Gordon Hempton is an Emmy Award-winning sound recordist who has spent the last 30 years trying to find and record the vanishing sounds of nature in an attempt to capture a disappearing sensory experience. Filmmaker Nick Sherman observes Hempton in the wilderness for 30 days and uncovers an obsessive artist on a quest for perfection in this obscure medium. Hempton’s natural ability to locate and articulate himself through sound has a contagious energy and gives his work a transportive quality. Soundtracker is a fascinating meditation on the world’s changing landscape and the things we may be leaving behind in the service of progress.,Soundtracker (2010),126973,2.0,0.4
56440,Amador,2010-10-08,5.717,Drama,"Magaly Solier, Celso Bugallo, Pietro Sibille, Sonia Almarcha",Fernando León de Aranoa,"A drama centered on a young woman who takes a summer job caring for a bed-ridden older man, and the intimate secrets they begin to share with one another.",Amador (2010),127064,3.5,0.7
43754,The Killing Jar,2010-02-14,5.383,"Crime, Mystery, Thriller","Amber Benson, Michael Madsen, Harold Perrineau, Kevin Gage, Lew Temple",Mark Young,"A stranger armed with a shotgun takes seven patrons hostage in a remote roadside diner. But as the body count increases, the desperate survivors discover that one of the hostages may be even more dangerous than their captor.",The Killing Jar (2010),127090,2.380952380952381,0.47619047619047616
47868,The First Men in the Moon,2010-10-19,5.6,"Science Fiction, TV Movie","Rory Kinnear, Mark Gatiss, Alex Riddell, Reece Shearsmith, Lee Ingleby",Damon Thomas,"Mark Gatiss's adaptation of HG Wells's science fiction classic. July 1969, and as the world waits with bated breath for the Apollo astronauts to land on the Moon, a young boy meets 90-year-old Julius Bedford. He's a man with an extraordinary story of how, way back in 1909, he got to the Moon first, and, together with the eccentric Professor Cavor, discovered a terrifying secret deep beneath its seemingly-barren surface.",The First Men in the Moon (2010),127102,2.6875,0.5375
56036,Nothing's All Bad,2010-09-23,6.143,"Drama, Comedy","Bodil Jørgensen, Sebastian Jessen, Mille Lehfeldt, Henrik Prip, Kurt Ravn",Mikkel Munch-Fals,"Follows the lives of four longing souls. Ingeborg who feels unattractive and young Jonas who is so attractive that he can literally sell some of what he's got. Anna, a young beautiful woman with a physical disability, and Anders, a tender man with a psychological disability. Four people yearning for love, four people, each hoping for a better tomorrow.",Nothing's All Bad (2010),127222,3.875,0.775
63154,Zenith,2010-10-01,5.224,"Action, Adventure, Drama, Mystery, Science Fiction, Thriller","Peter Scanavino, Jason Robards III, Ana Asensio, Didier Flamand, Al Nazemian",Vladan Nikolić,"In a hellish future where human beings have become stupefied by the state of permanent happiness they have been genetically altered to experience, Jack offers relief via drugs that cause his customers the welcome phenomenon of pain. But when Jack receives a mysterious videotape of his dead father, he sets out to unmask the dangerous conspiracy that has created this dystopian world.",Zenith (2010),127292,2.3333333333333335,0.4666666666666667
295069,Saturday Night,2010-05-02,7.9,"Comedy, Documentary","Fred Armisen, Will Forte, James Franco, Bill Hader, John Malkovich",James Franco,"With unprecedented access to the behind the scenes process of the writers, actors and producers, Franco and his crew document what it takes to create one full episode of Saturday Night Live.",Saturday Night (2010),127445,3.7,0.74
56405,Black Venus,2010-10-27,6.586,"History, Drama","Yahima Torres, André Jacobs, Elina Löwensohn, Olivier Gourmet, François Marthouret",Abdellatif Kechiche,"The true story of Saartje Baartman, a black South African worker who moves to London with her master in the early 19th century. Although she dreams of being an artist, once in Europe she is exploited as a sideshow attraction due to her large buttocks and genitalia.",Black Venus (2010),127579,3.7222222222222223,0.7444444444444445
105891,Kawa,2010-10-17,5.0,Drama,"Calvin Tuteao, Nathalie Boltt, George Henare, Vicky Haughton, Dean O'Gorman",Katie Wolfe,"A psychological drama of a family in crisis. Kawa, a successful Māori businessman in Auckland, New Zealand, is forced to reveal his lifelong secret - that he is gay.",Kawa (2010),127877,3.1666666666666665,0.6333333333333333
110555,Street Days,2010-01-20,6.615,Drama,"Zura Begalishvili, Gaga Chikhladze, Eka Chkheidze, Levan Jividze, Guga Kotetishvili",Levan Koguashvili,"A middle-aged, unemployed heroin-addict, Checkie, loiters on the Tbilisi street outside his son’s school, where he himself was once a promising student. His wife, meanwhile, struggles to pay the tuition and understand her husband’s lack of interest in the family’s survival—even as the bank repossesses their furniture. But when a group of policemen blackmails Checkie into entrapping the son of his wealthy friend, husband and wife are unified by the uncertainty of their deepening moral dilemma, and a series of worsening foul-ups, in Levan Koguashvili’s lightly humorous yet realistic drama about the fate of a generation left behind in Georgia’s post-Soviet era.",Street Days (2010),127989,0.5,0.1
47911,"Bo Burnham: Words, Words, Words",2010-10-16,7.3,Comedy,Bo Burnham,Shannon Hartman,"Bo Burnham is back with a new one-man show full of his patented songs and wordplay, as well as haikus, dramatic readings, blasphemy, and so much more in his first hour-long special, shot live in his home town of Boston.","Bo Burnham: Words, Words, Words (2010)",128093,3.7051282051282053,0.7410256410256411
67952,Kathleen Madigan: Gone Madigan,2010-12-17,7.0,Comedy,"Kathleen Madigan, Lewis Black",Shannon Hartman,"Finally, a comedian who isn't whining, insulting or self-loathing. Kathleen Madigan is just brilliantly funny and is still, after 20 years in the business, actually having fun. In this hilarious stand-up special, shot at the Gramercy Theater in New York City, Kathleen takes on politics, American culture and her family who has given her full permission to sell them down them down the river. Winner of the American Comedy Award for Best Female Comic, Madigan has been seen over 12 times on The Tonight Show, The Late Show with David Letterman, The View, Dr. Phil, ESPN, The Joy Behar Show and has had her own specials on HBO and Comedy Central. Madigan was the only comedian in the history of NBC's Last Comic Standing to go unchallenged by any other comedian. She lives in Los Angeles but spends inordinate amounts of time with her family in the Missouri Ozarks.",Kathleen Madigan: Gone Madigan (2010),128095,3.3,0.6599999999999999
37813,Shadow,2009-12-12,5.487,"Horror, Thriller","Jake Muxworthy, Karina Testa, Nuot Arquint, Chris Coppola, Ottaviano Blitch",Federico Zampaglione,"A Young soldier returning from Iraq goes on a high mountain adventure in a desolate place in Europe to forget his past, he will lear truth in a mysterious local legend discovering that reality can be sicker than nightmares.",Shadow (2010),128227,2.857142857142857,0.5714285714285714
49874,Inspector Späck,2010-06-04,4.9,"Comedy, Crime","Leif Andrée, Johan Hedenberg, Cecilia Frode, Kjell Bergqvist, Per Morberg",Fredde Granberg,"A dead body is found, and police detective Mårten Späck draws the conclusion that a serial suicide killer is at large. Späck with his colleagues Grünvald Karlsson and Irene Snusk suspect a gang who distributes pirated DVDs of 'bottom-of-the-barrel' Swedish movies.",Kommissarie Späck (2010),128582,1.8333333333333333,0.36666666666666664
55567,Standing Ovation,2010-07-16,3.583,"Comedy, Music, Family","Kayla Jackson, Kayla Raparelli, Sal Dupree, Al Sapienza, Alexis Biesiada",Stewart Raffill,A group of young girls is competing in a nation teen music video competition.,Standing Ovation (2010),128703,3.8333333333333335,0.7666666666666667
37058,I'm Here,2010-03-01,7.245,"Romance, Science Fiction, Drama","Andrew Garfield, Sienna Guillory, Lyle Kanouse, Nancy Munoz, Annie Hardy",Spike Jonze,"A library assistant plods through an ordinary life in LA until a chance meeting opens his eyes to the power of creativity and ultimately, love. When this new life and love begin to fall apart, he discovers he has a lot to give. This short film proves that ordinary is no place to be.",I'm Here (2010),128736,3.4245283018867925,0.6849056603773584
105554,The Forgotten Space,2010-12-31,5.4,Documentary,,"Allan Sekula, Noël Burch","Details the catastrophic effects globalization has wrought on the ship, truck and train industries. We visit displaced farmers and villagers in Holland and Belgium, underpaid truck drivers in Los Angeles, seafarers aboard mega-ships shuttling between Asia and Europe, and factory workers in China, whose low wages are the fragile key to the whole puzzle. At a moment when collective bargaining rights are under attack in the United States, and China continues to bow to foreign pressures to prevent such rights from being granted at all, this film asks: Is capitalism the Trojan horse that turns on its inventors?",The Forgotten Space (2010),128902,2.6,0.52
294826,The Runner from Ravenshead,2010-07-23,0.0,"Family, Adventure, Comedy","Addison Steege, Amelia Steege, Brendan Steege, Harrison Steege, Tate Steege",Joel Steege,"The Pilgrim's Progress meets The Little Rascals in this engaging story that features an all-child cast. After a daring escape from Ravenshead Prison, Sam must outrun the relentless wardens. Thankfully, the City of Refuge Guide Service is there to help her to freedom, but with every guide already busy, the accident-prone janitor, Henry, gets his long-awaited first assignment. Join Sam and Henry as they experience hair-breadth escapes, hilarious mishaps, and a climactic pursuit in this action-packed adventure that features a unique, all-children cast.","Runner from Ravenshead, The (2010)",128904,3.0,0.6
83209,Mahler on the Couch,2010-06-24,5.313,Drama,"Johannes Silberschneider, Barbara Romaner, Karl Markovics, Friedrich Mücke, Eva Mattes","Percy Adlon, Felix O. Adlon",Alma Mahler's affair with the young architect Walter Gropius sets in motion a marital drama that forces her husband Gustav Mahler to seek advice from Sigmund Freud.,Mahler on the Couch (2010),128964,2.5,0.5
59110,Parked,2010-09-01,6.587,Drama,"Colm Meaney, Colin Morgan, Milka Ahlroth, Stuart Graham, Michael McElhatton",Darragh Byrne,"Fred Daly returns to Ireland with nowhere to live but his car. Then dope-smoking 21-year-old Cathal parks beside him, and brightens up his lonely world. Encouraged by Cathal, Fred meets attractive music teacher Jules. Growing closer, these three outsiders are set on a course that will change their lives forever.",Parked (2010),129534,3.1666666666666665,0.6333333333333333
91443,Chronic Town,2008-04-03,6.0,"Drama, Action, Thriller","JR Bourne, Emily Wagner, Alice Drummond, Dan Butler, Paul Dooley",Tom Hines,"Truman Korovin is a lonely, sharp-witted cab driver in Fairbanks, Alaska, 1980. The usual routine of picking up fares and spending his nights at his favorite bar, the Boatel, is disrupted when his girlfriend, Emily, dumps him on one of the coldest nights of the year. After an acid trip, Truman winds up in the local loony bin. Imprisoned in a grueling therapy group, Truman gets re-acquainted with loonies who are his old cab fares, which includes a local stripper he has insulted more than once. In this world, Truman must find or lose himself.",Chronic Town (2010),129777,1.75,0.35
59015,Lights Out,2010-10-22,5.979,"Drama, Mystery, Thriller","Ana Girardot, Jules Pelissier, Laurent Delbecque, Audrey Bastien, Arthur Mazet",Fabrice Gobert,"March 1992, in a small town in the suburbs of Paris. During an alcohol fueled party, teenagers discover a body hidden in the bushes of a forest. A body that seems lifeless. Two weeks earlier. Simon, a 16 year-old teenager, has not shown up for class. Blood stains are found in a class-room. Run-away, kidnap, suicide, murder? A few days later, Laetitia, a student from the same class goes missing without her parents knowing where she has gone. A young girl with no dark background or connection to Simon. The next day, Jean-Baptiste, a third student, also disappears. Rumors start to spread. The psychosis begins...",Lights Out (2010),129855,2.875,0.575
85025,Memory Lane,2010-11-24,6.1,Drama,"Thibault Vinçon, Dounia Sichov, Lolita Chammah, Stéphanie Daub-Laurent, Thomas Blanchard",Mikhaël Hers,"August in Paris' suburbs, seven friends are gathered to spend a week in the city where they grew up. The city is empty and the days pass by under a deep blue sky. Each of them has a reason to be there: some still live there, some come back to see their family, some are searching their childhood, some want to escape boredom or eventually searching for love. They are all bearing the fact that these moments they are sharing are maybe the last ones.",Memory Lane (2010),130064,2.8333333333333335,0.5666666666666667
47467,Kill Speed,2010-07-02,4.088,"Crime, Action, Thriller","Andrew Keegan, Brandon Quinn, Natalia Cigliuti, Nick Carter, Robert Patrick",Kim Bass,"KILL SPEED is a high-octane, youth oriented, TOP GUN meets FAST & FURIOUS tale about best friends who fly home-built, high-tech planes to deliver Mexican manufactured crystal meth throughout rural California in order to fund their Hollywood, rock-star lifestyle.",Kill Speed (2010),130376,2.0,0.4
39522,Mega Piranha,2010-04-10,3.191,"Action, Adventure, Science Fiction","Paul Logan, Tiffany, Barry Williams, David Labiosa, Jude Gerard Prest","Eric Forsberg, Stuart Gillard","When a science experiment goes horribly wrong, gigantic fish gain appetites for human flesh.",Mega Piranha (2010),130384,1.25,0.25
136070,Vengeance Can Wait,2010-10-09,6.2,"Romance, Comedy, Drama","Tadanobu Asano, Minami, Eiko Koike, Takayuki Yamada",Masanori Tominaga,"Hidenori and Nanase have lived together for ten years in a tense, platonic relationship. The wheels of change are set in motion when married couple Takao and Azusa move in next door. After Hidenori catches Nanase and Takao having an affair, he becomes obsessed with watching Nanase through a peephole, and planning his cruel revenge.",Vengeance Can Wait (2010),130626,4.0,0.8
48376,Severe Clear,2010-03-12,5.0,"Comedy, Documentary","Mike Scotti, Jiemar Patacsil",Kristian Fraga,"Severe Clear is a film based on the memoirs of First Lieutenant Mike Scotti in videos made by him and others from the 1st Battalion, 4th Marines during the start of the 2003 Iraq invasion. The film explores the chaos and complexity of see the war.",Severe Clear (2010),130856,3.6666666666666665,0.7333333333333333
51450,Santa's Apprentice,2010-11-24,6.2,"Family, Animation","Nathan Simony, Benoît Allemane, Julie Gayet, Lorànt Deutsch, Pierre-François Martin-Laval",Luc Vinciguerra,"Santa doesn't want to retire, but rules are rules and he must train someone to replace him. The lucky winner, to be chosen from among millions of children, must be named Nicholas, be an orphan and have a pure heart. On the other side of the planet, there is a little boy who is a perfect match, but his lack of self-confidence and fear of heights make him a poor contestant. Will Santa agree to step down, and help his apprentice take his place?",Santa's Apprentice (2010),131058,2.125,0.425
35428,What Men Talk About,2010-03-04,7.222,Comedy,"Leonid Barats, Aleksandr Demidov, Kamil Larin, Rostislav Khait, Zhanna Friske",Dmitriy Dyachenko,"Four old friends - Kamil, Lesha, Sasha and Slava - all well-to-do professionals in their late 30s embarking on a two days road trip from Moscow to Odessa. They wish to escape the metropolis and the everyday routine of work, family and girlfriends to relax in a nightclub run by Slava's friend and to see the popular band B-2 show.",What Men Talk About (2010),131237,3.849673202614379,0.7699346405228759
46368,The Rig,2010-10-05,3.396,"Action, Horror, Science Fiction, Thriller","William Forsythe, Stacey Hinnen, Serah D'Laine, Marcus T. Paulk, Carmen Gloria Pérez",Peter Atencio,"In the midst of a tropical storm, the crew of an offshore oil rig must survive the rampage of a creature after invading its undersea habitat.",The Rig (2010),131419,2.8333333333333335,0.5666666666666667
50288,House of Bones,2010-01-16,4.241,"Horror, TV Movie","Charisma Carpenter, Corin Nemec, Marcus Lyle Brown, Ricky Wayne, Collin Galyean",Jeffery Scott Lando,Psychic Heather Burton and a team of TV ghost hunters travel to investigate a haunted house surrounded by rumors of paranormal activity.,House of Bones (2010),131484,1.3571428571428572,0.27142857142857146
54424,Majority,2010-01-10,6.74,Drama,"Bartu Küçükçağlayan, Settar Tanrıöğen, Nihal Koldaş, Esme Madra, Cem Zeynel Kılıç",Seren Yüce,A middle class young man rebels against his father’s brutish authority and seeks a rough romance with a woman of ethnic minority. Yuce’s moral tale draws from the example of today’s Turkish youth and the timeless shadow of fathers over sons.,Majority (2010),131558,3.357142857142857,0.6714285714285715
151123,The Village,2010-02-01,3.944,,"Eleanor Tomlinson, Finn Atkins, Christopher Elson, David Bamber, David Fellowes",Robert Sigl,"A mysterious series of suicides fills the people of a small town with anxiety. Shortly before her eighteenth birthday, Kirsten sets out to solve the mystery.",The Village (2010),131654,3.0,0.6
40817,Kiss Me Again,2010-01-29,5.759,Comedy,"Stefano Accorsi, Vittoria Puccini, Pierfrancesco Favino, Claudio Santamaria, Giorgio Pasotti",Gabriele Muccino,"A look at the lives of Carlo, Giulia, and their friends some 10 years after the events of L'Ultimo bacio.",Baciami Ancora (2010),131718,2.5,0.5
72024,Boobs: An American Obsession,2010-02-09,5.333,Documentary,"Tom Arnold, Mamie Van Doren, Julie Strain, Irina Voronina, Jesse Capelli",Nina Brownfield-Berry,"We call them by a hundred different names: boobs, knockers, jugs, hooters. We wonder if they're real or fake, too small or too big, too exposed or too covered. And every year Americans spend millions of dollars on breast enhancement, from push-up bras to surgery. Why is our culture so captivated by this particular part of the female form? ""Boobs: An American Obsession"" is a revealing, humorous, often poignant investigation involving everyone from anthropologists to porn stars as we explore our culture's fascination with breasts.",Boobs: An American Obsession (2010),131722,3.5,0.7
36696,Space Dogs,2010-03-18,5.236,"Family, Animation","Anna Bolshova, Evgeny Mironov, Sergey Garmash, Aleksandr Bashirov, Elena Yakovleva","Inna Evlannikova, Svyatoslav Ushakov","Belka, the amazing flying dog is unexpectedly hurdled into the streets of Moscow when the rocket she is in malfunctions during one of her circus routines. Fortunately the crash leads her to meet a streetwise dog named Strelka and her irredeemable rat friend Venya. Together with other amusing friends found along the way, the three find themselves in a space program-training center where they get sent away in a rocket, leaving planet Earth...",Space Dogs (2010),131936,2.75,0.55
88744,The Woman with the 5 Elephants,2010-01-09,6.6,Documentary,"Svetlana Geier, Anna Götte, Hannelore Hagen, Jürgen Klodt",Vadim Jendreyko,"Documentary about Svetlana Geier, a Ukranian who has translated the great works of Dostoyevsky into German. First her father ends up in one of Stalin's prison camps, then young Svetlana herself experiences the German invasion. In order to survive she learns German at home in Kiev. She is good and gets work as a translator before ending up in a German camp in 1943. Now, 65 years later, she is a renowned translator who in her twilight years has translated the great works of Dostoevsky. For the first time in all these years, she returns to Kiev together with her granddaughter.",The Woman with the 5 Elephants (2010),132138,3.75,0.75
52629,El Infierno,2010-09-03,7.876,"Action, Crime, Western, Comedy, Drama","Damián Alcázar, Joaquín Cosío, Ernesto Gómez Cruz, María Rojo, Elizabeth Cervantes",Luis Estrada,"After being deported back to Mexico, a man has no choice but to join the vicious drug cartel that has corrupted his hometown in order to survive.",El Infierno (2010),132167,3.5217391304347827,0.7043478260869566
54770,Time Traveller: The Girl Who Leapt Through Time,2010-03-13,6.3,"Adventure, Science Fiction","Riisa Naka, Akiyoshi Nakao, Narumi Yasuda, Munetaka Aoki, Anna Ishibashi",Masaaki Taniguchi,"Akari Yoshiyama is graduating high school soon and is expected to lead new life after she passes the university entrance exam, while her mother is working as a pharmacologist. However, her mother has a car accident and the situation is totally changed. She decides to go to 1972 to fullfil her mother's wish.",Time Traveller: The Girl Who Leapt Through Time (2010),132169,3.522727272727273,0.7045454545454546
275244,Cheburashka,2010-12-18,6.2,"Family, Animation","Nozomi Ōhashi, Kie Kitano, Hiroshi Tsuchida, Cho, Shunji Fujimura",Makoto Nakamura,"The film based on the book by Eduard Uspensky ""Crocodile Gena and his friends"".  Crocodile Gena works in a zoo - a crocodile. Every evening he returns home to his lonely apartment. Finally he tired of playing with himself in chess, and Gene decides to make friends. On the ads pasted around the city, responding animals and people. First comes a girl with a homeless puppy Gal, followed by the Cheburashka...",チェブラーシカ (2010),132319,3.1666666666666665,0.6333333333333333
52333,Astral City: A Spiritual Journey,2010-09-03,7.3,Drama,"Renato Prieto, Fernando Alves Pinto, Rosanne Mulholland, Inez Viana, Rodrigo dos Santos",Wagner de Assis,"The selfish Dr. André Luiz dies and awakes in the limbo called ""Umbral"". After a painful period in the gruesome swamp, he is rescued and brought in a white light to ""Nosso Lar"" (meaning ""Our Home""). He finds a place of harmony, where people live in peace awaiting",Astral City: A Spiritual Journey (2010),132434,2.625,0.525
44216,World's End,2010-02-24,3.1,"Science Fiction, Action","Jonathon Trent, Elizabeth Roberts, Jonno Roberts, Billy Drago, Lenny Von Dohlen","Philip Kim, Simone Bartesaghi","Wes Keller is a young man living in a world where oil has collapsed, the food supply has been wiped out, and cancer rates for women have skyrocketed, depleting the female population. In a barbaric environment where bio fuel, batteries, bullets and people are currency and marauders roam free, Wes tries to escape to a mythical world run on cold fusion ""Plutopia"", a place that may only exist in the mind. THE BILL IS DUE. 'Downstream' is a view of the not so distant future. We follow a young man (everyone's son) as he pays the price for society's decadence.",Downstream (2010),132528,2.1,0.42000000000000004
37932,Flicka 2,2010-05-04,6.738,"Family, Drama","Patrick Warburton, Tammin Sursok, Emily Tennant, Reilly Dolman, Clint Black",Michael Damian,"Carrie is a big-city teenager whose life is turned upside down when she moves to a horse ranch in Wyoming to live with her father. But everything changes when Carrie meets Flicka, a wild, jet-black mustang who's just as free-spirited and strong-willed as Carrie. The two form a special bond and Carrie opens her heart to her father and a handsome, local boy, but when a jealous rival puts Flicka's life in jeopardy, Carrie must do whatever it takes to save her best friend.",Flicka 2 (2010),132545,3.090909090909091,0.6181818181818182
39185,Winning Time: Reggie Miller vs. The New York Knicks,2010-03-14,7.7,Documentary,"Reggie Miller, Cheryl Miller, Spike Lee, Patrick Ewing, Donnie Walsh",Dan Klores,"Reggie Miller single-handedly crushed the hearts of Knick fans multiple times. But it was the 1995 Eastern Conference Semifinals that solidified Miller as Public Enemy #1 in New York City. With moments to go in Game 1, and facing a seemingly insurmountable deficit of 105-99, Miller scored eight points in 8.9 seconds to give his Indiana Pacers an astonishing victory. This career-defining performance, combined with his give-and-take with Knicks fan Spike Lee, made Miller and the Knicks a highlight of the 1995 NBA playoffs. Peabody Award-winning director Dan Klores will explore how Miller proudly built his legend as ""The Garden's Greatest Villain"".",Winning Time: Reggie Miller vs. The New York Knicks (2010),132555,3.7966101694915255,0.7593220338983051
54735,Straight Outta L.A.,2010-05-11,6.2,Documentary,"Chuck D, Ice Cube, Ice-T, Snoop Dogg, John Madden",Ice Cube,"In 1982, the Raiders and owner Al Davis captivated black and Latino fans with swagger and charisma that matched the rapidly changing city.",Straight Outta LA (2010),132557,3.5,0.7
54732,Silly Little Game,2010-04-20,5.9,Documentary,,"Adam Kurland, Lucas Jansen","Fantasy Sports is estimated to be a $4 billion industry that boasts over 30 million participants and a league for almost every sport imaginable. But for all this success, the story of the game’s inception is little known. The modern fantasy leagues can be traced back to a group of writers and academics who met at La Rotisserie Francaise in New York City to form a baseball league of their own: The Rotisserie League. The game quickly grew in popularity, and with the growing use and attractiveness of the Internet, the “founding fathers” never foresaw how their creation would take off and ultimately leave them behind. Innovative filmmakers Adam Kurland and Lucas Jansen will chronicle the early development and ultimate explosion of Rotisserie Baseball, and shine a light on its mostly unnoticed innovators.",Silly Little Game (2010),132559,3.625,0.725
73529,Mardock Scramble: The First Compression,2010-11-06,6.82,"Thriller, Animation, Action, Drama","Megumi Hayashibara, Norito Yashima, Hiroki Touchi, Kazuya Nakai, Tsutomu Isobe",Susumu Kudo,"Rune Ballot is a down-and-out teen prostitute in Mardock City. One day, she's picked up by an ambitious casino manager named Shell who gives her everything she could want. Renewed by a false innocence, a false past, and now the false life Shell has given her, Ballot feels grateful. However, she can't help but be curious about why he's done so much for her, so she does some research about his past on a computer. This turns out to be a mistake which will change her life greatly. When Shell finds out what she's done, he attempts to burn her to death by blowing up her car.",Mardock Scramble: The First Compression (2010),132577,3.130434782608696,0.6260869565217392
108309,Portraits in a Sea of Lies,2010-03-21,7.5,Drama,"Paola Baldion, Julián Román, Edgardo Román, Ana María Arango, Carolina Lizarazo",Carlos Gaviria,"A young woman experiences the worst life has to over in this depressing but worthwhile Colombian drama tinged with a hint of magical realism. Paola Baldion plays Marina, a withdrawn teenager whose abusive grand-dad houses her in a dilapidated shed. When the old fart pops his clogs, Marina passes into the care of cousin Jairo (Julian Roman), a cheesecake photographer who ""hires"" her to help him with his gear, and the two end up taking an episodic road trip as they travel to reclaim grandpa's legacy. Unpleasant flashbacks to Marina's tragic childhood ensue. Yep, the good times never end in this one! Known in English as Portraits in a Sea of Lies, this meditation on the 50-year long Colombian civil war - as seen through the grueling experiences of our heroine - won the Jury Award for Best Narrative Feature at the 14th Cine Las Americas International Film Festival.",Portraits in a Sea of Lies (2010),132612,3.3333333333333335,0.6666666666666667
101669,Mother's Day,2010-09-23,6.481,"Crime, Horror, Thriller","Rebecca De Mornay, Jaime King, Frank Grillo, Patrick John Flueger, Warren Kole",Darren Lynn Bousman,Crazed members of a sadistic family return to their childhood home to terrorize the new owners.,Mother's Day (2010),132652,3.205357142857143,0.6410714285714285
34134,Barbie in A Mermaid Tale,2010-01-25,7.233,"Animation, Family, Fantasy","Kelly Sheridan, Kathleen Barr, Tabitha St. Germain, Peter Mel, Nakia Burrise",Adam Wood,"Barbie stars as Merliah, a surfer who learns a shocking secret: she's a mermaid! She and her dolphin friend set out for an undersea adventure to rescue her mother, the queen of Oceana.",Barbie in A Mermaid Tale (2010),133145,2.973684210526316,0.5947368421052632
44683,Tinker Bell and the Great Fairy Rescue,2010-07-29,6.746,"Animation, Adventure, Family, Fantasy","Mae Whitman, Lauren Mote, Michael Sheen, Pamela Adlon, Lucy Liu",Bradley Raymond,"During a summer stay on the mainland, Tinker Bell is accidentally discovered while investigating a little girl's fairy house. As the other fairies, led by the brash Vidia, launch a daring rescue in the middle of a fierce storm, Tink develops a special bond with the lonely, little girl.",Tinker Bell and the Great Fairy Rescue (2010),133219,3.21875,0.64375
44720,Blackout,2010-03-31,4.2,Drama,"Jalil Lespert, Cyril Gueï, Philippe Nahon, Jean-François Stévenin, Patrick Rameau",Jean-Christophe Klotz,"Paris, April 1994. Young freelance journalist Antoine Rives is making a report on Westerners who have been repatriated from Rwanda, fleeing the massacres.  He meets Clément, a student of Hutu origin whose Tutsi fiancée Alice hasn’t been able to leave Rwanda. Antoine convinces Clément to go back with him to look for Alice, and to let him film the journey. Their pact soon becomes untenable as they find themselves thrown into chaos.
 This is a journey through horror during which a young man’s First World illusions are stripped away as he wakes up to human tragedy.",Lignes de Front (2010),133283,3.5,0.7
55194,Jedi Junkies,2010-05-25,5.9,Documentary,"Ray Park, Peter Mayhew, Jeremy Bulloch, Olivia Munn, Dr. Linda Papadopoulos",Mark Edlitz,"A film about the world's most dedicated Star Wars fans. From lightsaber wielding martial arts academies to a filmmaker who built the world's only life-size Millennium Falcon, from a Monster Garage-esque sculptor whose professional livelihood is building custom lightsabers to metal-bikini wearing dancers who embody Slave Leia, the film offers viewers a rare glimpse into rabid fans' personal and professional self expression that borders on obsession.",Jedi Junkies (2010),133303,2.8,0.5599999999999999
201867,The 'Socalled' Movie,2010-04-04,4.8,Documentary,Josh Dolgin,Garry Beitel,"Socalled, aka Josh Dolgin, is the most supreme klezmer hip-hop funk artist in the world. A pianist, singer, rapper, accordion player, and magician, he's a demented Renaissance man and a multi-cultural mixmaster. THE SOCALLED MOVIE is a kaleidoscopic portrait which compiles 18 short films that display his electrifying craft and deep-rooted sense of history. Combining traditional Yiddish songs with funk, rap and everything in between, his tunes are densely layered tapestries of dizzying complexity.  His encounters with legendary trombonist Fred Wesley (a key member of James Brown's bands) and klezmer hero David Krakauer are revelatory meetings of the mind, while his re-discovery of pianist Irving Fields turns the elder statesman into a YouTube phenomenon. With offbeat wit, intimacy and virtuoso performances, THE SOCALLED MOVIE is an enthralling documentary that shows how music can break down the boundaries that divide our world.",The 'Socalled' Movie (2010),133311,3.6666666666666665,0.7333333333333333
75910,Lifted,2010-08-13,7.0,"Drama, Family, Music","Nicki Aycox, Uriah Shelton, Dash Mihok, Thad Mickler, Ruben Studdard",Lexi Alexander,"The chance to shine in a singing competition offers much-needed hope for a Southern middle-schooler who's drowning in worries, from bullies in the halls to turmoil at home -- and the news that his reservist father has been called back to Afghanistan.",Lifted (2010),133335,3.611111111111111,0.7222222222222222
57419,"Montevideo, God Bless You!",2010-12-19,6.6,"Adventure, History, Romance","Miloš Biković, Petar Strugar, Viktor Savić, Nina Janković, Predrag Vasić",Dragan Bjelogrlić,"A story about one team that decides to follow a dream that takes them on a journey to the First World Football Championship in Montevideo, Uruguay in 1930. A dream that allows them to become true stars and living legends.","Montevideo, God Bless You! (2010)",133655,3.4285714285714284,0.6857142857142857
44486,Mars,2010-11-03,5.6,"Animation, Comedy, Romance, Science Fiction","Mark Duplass, Zoe Simpson, Paul Gordon, Cynthia Watros, James Kochalka",Geoff Marslett,"A new space race is born between NASA and the ESA when Charlie Brownsville, Hank Morrison, and Dr. Casey Cook compete against an artificially intelligent robot to find out what's up there on the red planet. 'Mars' follows these three astronauts on the first manned mission to our galactic neighbor. On the way they experience life threatening accidents, self doubts, obnoxious reporters, and the boredom of extended space travel.",Mars (2010),134530,2.5,0.5
51604,The Rain Fairy,2010-02-11,4.714,"Family, Fantasy","Jakub Gottwald, Vica Kerekes, Lenka Vlasáková, Miroslav Donutil, Simona Stašová",Milan Cieslar,"The elements that rule Earth - Air, Fire, Earth and Water - are in their ""regular inspection tour"". We are following Water, in the form of the Rain Fairy. Traversing the land dressed like a poor woman, she learns that people really have begun focusing mainly on money and that love and goodness are disappearing.",The Rain Fairy (2010),134647,2.5,0.5
61035,Here Comes Lola!,2010-03-04,5.8,"Family, Comedy, Drama, Music","Axel Prahl, Meira Durand, Felina Czycykowski, Fernando Spengler, Julia Jentsch",Franziska Buch,"A nine-year-old girl who has just moved with her parents to Hamburg, Germany, is desperate for finding a best friend. The daughter of a Brazilian father and German mother, Lola is a little girl who dreams she's a rock star, but mostly dreams of having a best friend.",Hier kommt Lola (2010),134653,2.8333333333333335,0.5666666666666667
40777,I Hate Luv Storys,2010-06-30,5.883,"Comedy, Drama, Romance","Imran Khan, Sonam Kapoor Ahuja, Sammir Dattani, Samir Soni, Bruna Abdullah",Punit Malhotra,"Simran loves love stories, with her ideal job and perfect boyfriend, she lives a blissful and dreamy life. However, things are rudely interrupted by Jay's cynicism on sentimentality.",I Hate Luv Storys (2010),134781,2.966666666666667,0.5933333333333334
109463,The Color Out of Space,2010-10-30,6.386,"Science Fiction, Horror","Marco Leibnitz, Michael Kausch, Erik Rastetter, Ingo Heise, Ralf Lichtenberg",Huan Vu,"Arkham, 1975: Jonathan Davis' father has disappeared. His tracks lead to Germany, to the Swabian-Franconian Forest where he was stationed after the Second World War. Jonathan sets out to find him and bring him home, but deep in the woods he discovers a dark mystery from the past. Based on H.P. Lovecraft's short novel ""The Colour Out of Space"".",Die Farbe (2010),134843,3.033333333333333,0.6066666666666667
171769,Leonie,2010-11-20,5.625,Drama,"Emily Mortimer, Shido Nakamura, Christina Hendricks, Mieko Harada, Jan Milligan",Hisako Matsui,"In the lush tradition of the glorious films of Merchant and Ivory, comes the true life story of Leonie Gilmour (Emily Mortimer), whose life crossed continents, wars and cultures, embodied with courage and passion in search of art and freedom. A tender and inspiring story of a remarkable woman who nurtures the amazing artistic talent of her son who has only one way to succeed and one person to guide him, as he grows into the world renown artist, Isamu Noguchi.",Leonie (2010),134919,2.0,0.4
40657,All My Friends Are Funeral Singers,2010-05-25,5.1,"Drama, Comedy","Angela Bettis, Emily Candini, Reid Coker, Kevin Ford, Karol Kent",Tim Rutili,"Zel is a fortune teller. She lives and works in an old house at the edge of the woods. The house is crowded with ghosts (including a priest, a bride, a mute child, some washed up vaudevillians and a noisy, sight-impaired group of musicians among others) that have been there for as long as she can remember. When a mysterious light appears in the woods the ghosts realize that they are trapped and begin to rebel. Zel is forced to come to terms with the origins of these spirits and letting go of the only family she has ever known.",All My Friends Are Funeral Singers (2010),134941,3.25,0.65
83584,Men Who Swim,2010-11-12,6.5,Documentary,Simon Stadin,Dylan Williams,"Men Who Swim is a humorous and poignant look at a group of middle aged men who have found unlikely success as members of Sweden's all male synchronized swimming team. What began as a weekly escape from the daily grind of work and family responsibilities, gradually evolved into a more serious commitment. Inspired by classical Esther Williams techniques from the 1950s, this group of train drivers and meat buyers, archivists and teachers soon became passionate exponents of the sport.",Men Who Swim (2010),135115,3.1217591102962157,0.6243518220592431
45133,Sebbe,2010-03-12,6.2,Drama,"Sebastian Hiort af Ornäs, Kenny Wåhlbrink, Eva Melander, Adrian Ringman, Emil Kadeby",Babak Najafi,"Duct tape, electrical cables, trigger, explosives. Sebbe never planned to build a bomb. It just happened. Sebbe is 15 years old and lives with his mother in an apartment that is too narrow. He does his best. He never strikes back. Sebbe loves his mother because he knows nothing else. In the junkyard the dream is alive, and in the hands of Sebbe, dead objects come to life. Here he has the power to create. Here he is free - but alone. His isolation grows as his world shrinks, until one day he is completely isolated with no other than his mother. And when she falls, everything falls.",Sebbe (2010),135188,2.8333333333333335,0.5666666666666667
42293,The Hairdresser,2010-02-14,6.1,"Comedy, Drama","Gabriela Maria Schmeide, Ill-Young Kim, Rolf Zacher, Maren Kroymann, Jördis Triebel",Doris Dörrie,"When a salon refuses to hire her because of her plump figure, irrepressible hair stylist Kathi plots revenge by opening her own beauty parlor next door. But when she faces a cash-flow problem, Kathi resorts to some creative means of raising capital.",The Hairdresser (2010),135198,3.5,0.7
63774,Chicks,2010-08-05,5.0,"Comedy, Drama","Sarah-Jane Sauvegrain, Eulalie Juster, Mahault Mollaret, Elsa Pierret, Jade Tong Cuong",Sophie Letourneur,"Pam is twenty. She and her girlfriends hang out together on the couch at The Ranch, the apartment she shares with Manon. Sitting around chatting, drinking, smoking, and dancing are part of life at their age, but there comes a time when you need to cut loose from the group and go your own way...",Chicks (2010),135300,3.25,0.65
57011,Alien vs. Ninja,2010-07-03,4.532,"Horror, Action, Thriller, Science Fiction","Masanori Mimoto, Shuji Kashiwabara, Donpei Tsuchihira, Mika Hijii, Ben Hiura",Seiji Chiba,A comet crashes into a Japanese forest and a group of mighty ninjas must fight a group of killer Aliens before they reach their village and kill everyone.,Alien vs. Ninja (2010),135454,2.4210526315789473,0.4842105263157895
74586,Rabies,2010-12-02,5.777,Horror,"Lior Ashkenazi, Ania Bukstein, Danny Geva, Yael Grobglas, Henry David","Navot Papushado, Aharon Keshales","A brother and sister who run away from home find sanctuary in a deserted nature reserve. When the sister falls into the trap of a psychopathic killer, the brother sets out on a race against time to find help. In a twist of fate the rescue of the sister becomes inadvertently intertwined with the lives of a group of young tennis players, a ranger and his dog, as well as a team of policemen.",Rabies (2010),135613,2.3333333333333335,0.4666666666666667
43083,This Is Sodom,2010-08-05,6.8,"Comedy, History","Eyal Kitzis, Dov Navon, Eli Finish, Tal Friedman, Alma Zack","Adam Sanderson, Muli Segev","When ancient Sodom is doomed to destruction due to its people's corrupt ways, Lot is the only righteous man destined to be spared.",This is Sodom (2010),135629,3.0,0.6
38877,Not the Messiah (He's a Very Naughty Boy),2010-03-25,6.894,"Comedy, Music, History","Eric Idle, Michael Palin, Terry Jones, Terry Gilliam, Carol Cleveland",Aubrey Powell,"Not The Messiah (He's a Very Naughty Boy) is a comic oratorio based on Monty Python's Life of Brian, which retells the tragic tale of Mandy, impregnated by a Roman soldier, giving birth to Brian, a reluctant revolutionary of the People's Front of Judea who falls in love with Judith, gets mistaken for a Messiah and is arrested by the Romans and sentenced to be crucified. It ranges in reference from Handel, through a naughty Mozart duet, to the Festival of Nine Carols, Bob Dylan, and the classic finale ""Always Look on the Bright Side of Life"".",Not the Messiah (He's a Very Naughty Boy) (2010),135743,2.75,0.55
113190,Beyond Gay: The Politics of Pride,2010-03-26,3.929,"Documentary, History","Ken Coolen, Gilbert Baker",Bob Christie,"Over the course of a year, film follows Vancouver Pride Society president Ken Coolen to various international Pride events, including Poland, Hungary, Russia, Sri Lanka and others where there is great opposition to pride parades. In North America, Pride is complicated by commercialization and a sense that the festivals are turning away from their political roots toward tourism, party promotion and entertainment. Christie documents the ways larger, more mainstream Pride events have supported the global Pride movement and how human rights components are being added to more established events. In the New York sequence, leaders organize an alternative Pride parade, the Drag March, set up to protest the corporatization of New York Pride. A parade in São Paulo, the world's largest Pride festival, itself includes a completely empty float, meant to symbolize all those lost to HIV and to anti-gay violence.",Beyond Gay: The Politics of Pride (2010),135856,3.8333333333333335,0.7666666666666667
43099,Mothman,2010-04-24,3.763,"Horror, Science Fiction, Thriller, TV Movie","Jewel Staite, Connor Fox, Susie Abromeit, Michael Aills, Matty Ferraro",Sheldon Wilson,A group of friends band together to hide the truth about a mutual friend's tragic death. They soon discover that an evil entity is in pursuit of them.,Mothman (2010),135865,2.0,0.4
47407,Milf,2010-10-17,4.432,Comedy,"Jack Cullison, Philip Marlatt, Joseph Booton, Ramon Camacho, Amy Lindsay",Scott Wheeler,A group of nerdy college guys who can't seem to connect with girls their own age discover the excitement of hooking up with sexy older women.,Milf (2010),135933,1.9583333333333333,0.39166666666666666
48495,Double Wedding,2010-06-20,6.3,"TV Movie, Comedy, Drama, Romance","Tia Mowry, Tamera Mowry-Housley, Ardon Bess, Robin Brûlé, Sandra Caldwell",Craig Pryce,"Two sisters, no love lives. Both end up dating the same man, and inviting him to meet the family on December 17th. He doesn’t know there are two sisters or that he committed to two different dates on the same day.",Double Wedding (2010),135963,3.1666666666666665,0.6333333333333333
33556,Ishqiya,2010-01-29,6.37,"Thriller, Comedy","Naseeruddin Shah, Vidya Balan, Arshad Warsi, Salman Shahid, Adil Hussain",Abhishek Chaubey,"While on the run from goons, a man and his nephew fall for a kidnapper's seductive widow.",Ishqiya (2010),136491,3.25,0.65
246422,Fracture,2010-11-29,6.6,"Drama, TV Movie","Anaïs Demoustier, Samy Seghir, Paul Bartel, Leïla Bekhti, Laurent Stocker",Alain Tasma,"Anna is a young teacher assigned as a substitute at a challenging middle school in the suburbs of Paris. In her class, Lakhdar, a well-behaved and promising student, has suffered a medical mishap and lost the use of his right hand.",Fracture (2010),136574,4.25,0.85
52474,I Love You Very Much,2010-11-10,5.955,"Comedy, Family","Firmine Richard, Max Clavelly, Julien Crampon, Pierre Lefebvre, Léopoldine Serre",Philippe Locquet,"When the mother they have never known dies, three half brothers aged 8, 15 and 17 respectively, who were all brought up in different ways, meet for the very first time. They spend the long summer holidays with Nonna, their grandmother, and start sharing secrets and rabbits, polenta and mean tricks, adventures and first time experiences, together. At last their once solitary lives take a new direction.",Je vous aime tres beaucoup (2010),136582,3.5,0.7
41371,#1 Cheerleader Camp,2010-07-27,4.688,Comedy,"Charlene Tilton, Jay Gillespie, Harmony Blossom, Hector David Jr., Erica Duke",Mark Quod,A pair of horny college guys get summer jobs at a sexy cheerleader camp.,#1 Cheerleader Camp (2010),136604,2.111111111111111,0.4222222222222222
316776,Who Killed Captain Alex?,2010-03-01,6.6,"Action, Drama, Comedy","Kakule William, Sserunya Ernest, G. Puffs, Bukenya Charles, Kavubu Muhammed",Nabwana IGG,"Recognized as Uganda’s first action film, Who Killed Captain Alex? is about the aftermath of a police raid in Kampala in which a police captain is killed.",Who Killed Captain Alex? (2010),136844,2.5,0.5
313646,Mumbai Pune Mumbai,2010-06-11,7.7,Romance,"Swapnil Joshi, Mukta Barve",Satish Rajwade,"A girl from Mumbai who comes to Pune to meet a prospective groom, with the idea of rejecting him, ends up spending the day with a complete stranger.",Mumbai Pune Mumbai (2010),136868,2.8333333333333335,0.5666666666666667
158503,Natrang,2010-01-01,7.4,"Drama, Music","Atul Kulkarni, Sonalee Kulkarni, Kishore Kadam, Priya Arun Berde, Vibhavari Deshpande",Ravi Jadhav,"Guna is a village labourer in the hinterlands of Maharashtra. Holding a passion for the 'tamasha' theatre shows, he decides to start his own troupe. Instead of the prestigious role of the king he always dreamed of, he ends up having to play a 'nachya', an effeminate, homosexual man. He goes ahead with the decision, which forever changes him and his family, as he ends up torn between his artistic passion and his societal prestige.",Natarang (2010),136874,4.75,0.95
315417,Paradh,2010-08-17,7.5,,"Makarand Anaspure, Siddharth Jadhav",,"Industrialization has reached each and every small village in India and the villages here are bearing the brunt of urbanisation in their own way. This is the story of a family residing in one such village. The family comprises an elder brother Vithal, a farmer by profession, younger brother Anand, a student, and the middle one Yeshwant, a vagabond, who left his education midway. He would squander his time by standing at the local paan shop, and as expected, he volunteers for the local political party.  Ambadas would often use such people to enhance his political status, challenges Appa, a senior political leader and uses Yeshwant as his scapegoat. Caught in a whirlpool of lies, deceit and betrayal, Yeshwant and his family are on the run. But without surrendering to the cruel and ruthless circumstances, they manage to stare in the face of danger with courage and valour.",Paradh (2010),136878,5.0,1.0
68193,The Perfect Teacher,2010-09-12,5.8,"TV Movie, Thriller","Megan Park, David Charvet, Boti Bliss, Keeva Lynk, Amanda Tilson",Jim Donovan,"A spoiled, selfish teenager becomes infatuated with her teacher. She befriends his daughter as a way of worming her way into the family, and sets about manipulating every aspect of his life.",The Perfect Teacher (2010),137000,4.1,0.82
42966,Once Upon a Time in Mumbaai,2010-07-30,6.7,"Drama, Thriller, Crime","Ajay Devgn, Emraan Hashmi, Kangana Ranaut, Prachi Desai, Randeep Hooda",Milan Luthria,"A tale of two gangsters from the eras of past and present, whose lives enter parallel paths as they struggle to survive within Bombay's criminal underworld.",Once Upon a Time in Mumbaai (2010),137112,2.869565217391304,0.5739130434782609
41993,Love in a Puff,2010-03-25,7.018,"Comedy, Drama, Romance","Miriam Yeung Chin-Wah, Shawn Yue, Cheung Tat-Ming, Jo Kok Cho-Lam, Vincent Kok Tak-Chiu",Edmond Pang,"When the Hong Kong government enacts a ban on smoking cigarettes indoors, hard-core smokers are driven outside and a budding romance develops between two co-workers.",Love in a Puff (2010),137114,2.75,0.55
46106,Caterpillar,2010-08-14,6.333,"Drama, War","Shinobu Terajima, Keigo Kasuya, Sabu Kawahara, Maki Ishikawa, Go Jibiki",Kōji Wakamatsu,"The story of a village woman given the grueling task of looking after (and fulfilling the sexual needs of) her quadruple amputee husband, a Japanese soldier in the Second Sino-Japanese War who has been decreed a ""War God"" by the Emperor.",Caterpillar (2010),137150,3.875,0.775
59982,Meeting Spencer,2010-01-01,4.5,Comedy,"Jeffrey Tambor, Melinda McGraw, Jesse Plemons, Caroline Aaron, Marcello Cacioppo",Malcolm Mowbray,"After a series of Hollywood flops, famed director Harris Chappell (Jeffrey Tambor) returns to New York to relaunch his Broadway career. But Chappell's triumphant comeback begins to spiral out of control into a wild night of comic misadventure after meeting struggling actor Spencer (Jesse Plemons) and his old flame Didi (Melinda McGraw).",Meeting Spencer (2010),137194,5.0,1.0
46197,White Lion,2010-02-19,6.5,"Drama, Family","Jamie Bartlett, John Kani, Thabo Malema, AJ Van der Merwe, Brendan Grealy",Michael Swan,"According to the legend of the Shangaan, white lions are the messengers of the gods, but it has been years since one has been seen in their remote African valley. When a white lion is miraculously born into that valley, a young Shangaan named Gisani, finds himself destined to protect this rare and magnificent creature at all costs. This young lion, whom will be known as Letsatsi, is cast from his pride and forced to embark upon a perilous journey of survival.",White Lion (2010),137202,3.3,0.6599999999999999
144206,Whistle and I'll Come to You,2010-12-24,5.6,"Horror, TV Movie","John Hurt, Gemma Jones, Lesley Sharp, Sophie Thompson",Andy de Emmony,"After placing his ailing wife Alice in a care home, elderly academic James Parkin goes to stay at a wintry out-of-season hotel which they used to visit together. But at night he seemingly becomes the victim of a ghostly revenge - but who is the avenger?",Whistle and I'll Come to You (2010),137236,2.25,0.45
301368,Spilt Milk,2011-04-10,6.0,Comedy,"Jake Johnson, Chase Ryan Jeffery, Cherami Leigh, Tom Maden, Kim Matula",Blake Calhoun,A disgruntled grocery store clerk can't quit living in the past until one night his store gets robbed and it changes his future forever.,Spilt Milk (2010),137242,4.25,0.85
44647,Rock Slyde,2010-05-01,5.4,Comedy,"Patrick Warburton, Andy Dick, Rena Sofer, Elaine Hendrix, Jason Alexander",Chris Dowling,"A film noir comedy about Rock Slyde, a down-and-out private detective that engages in a turf war with an upstart quasi-religious cult, The House of Bartology.",Rock Slyde (2010),137290,2.5833333333333335,0.5166666666666667
70071,The Space Between,2011-09-11,6.8,Drama,"Melissa Leo, Anthony Keyvan, AnnaSophia Robb, Brad William Henke, Phillip Rhys",Travis Fine,"Montine McLeod, a world-weary flight attendant, and Omar Hassan, a prematurely wise 10-year-old Pakastani-American boy connect with one another amidst the chaos of September 11, 2001. When Montine discovers the boy's direct personal link to the terrorist attacks, she instinctively embarks on an unsanctioned cross-country road trip to help Omar discover his uncertain future.",The Space Between (2010),137327,3.0,0.6
140489,The Mother of Invention,2009-05-02,7.7,Comedy,"Andrew Bowser, Jimmi Simpson, Kevin Corrigan, Dee Wallace, Mark Boone Junior","Andrew Bowser, Joseph M. Petrick",A mockumentary about an aspiring inventor who dreams of winning an annual young inventor award. The only problem is... he's never made an invention that works.,The Mother Of Invention (2010),137363,3.0,0.6
63319,Belle épine,2010-11-10,5.473,Drama,"Léa Seydoux, Anaïs Demoustier, Johan Libéreau, Nicolas Maury, Guillaume Gouix",Rebecca Zlotowski,"After the death of her mother, 17-year-old Prudence finds herself living alone in her Paris apartment.  Then she meets Maryline, a rebel of her own age, who introduces her to the thrills of motorcycle racing on the biker circuit at Rungis.  Prudence’s newfound lease of freedom becomes complicated when she falls for a boy Franck who wastes no time in taking advantage of her naivety...",Dear Prudence (2010),137377,2.75,0.55
43956,Tom and Jerry Meet Sherlock Holmes,2010-08-24,6.462,"Animation, Comedy, Mystery, Family","Michael York, Malcolm McDowell, John Rhys-Davies, Billy West, Grey DeLisle","Jeff Siergey, Spike Brandt","Tom and Jerry need to learn to work together in order to help Sherlock Holmes with an investigation of a jewel theft. But still, they are cat and mouse!",Tom and Jerry Meet Sherlock Holmes (2010),137391,2.857142857142857,0.5714285714285714
54099,Hyenas,2010-05-12,3.014,"Drama, Horror","Christa Campbell, Costas Mandylor, Rudolf Martin, Joshua Alba, Meshach Taylor",Eric Weston,Roving clans of shape-shifting human/hyena creatures prowl and hunt for human prey. They are hunted by one man seeking revenge for the death of his loved ones.,Hyenas (2010),137478,1.5,0.3
85956,The New Year,2010-07-30,6.8,"Drama, Comedy, Romance","Trieste Kelly Dunn, Victor Aminger, Lance Brannon, Ryan Hunter",Brett Haley,"A young woman is forced to return to her hometown to take care of her ailing father and, in turn, finds herself living a life she never imagined for herself.",The New Year (2010),137668,5.0,1.0
112963,Vacation!,2010-06-20,3.313,"Comedy, Crime","Trieste Kelly Dunn, Lydia Hyslop, Maggie Ross, Melodie Sisk, Michael Abbott Jr.",Zach Clark,"Four girlfriends reunite for a week of partying on the beach, and it's all sand, sun and margaritas until one of them turns up dead.",Vacation! (2010),137672,3.0,0.6
120247,A Little Pond,2010-06-23,6.3,"Drama, Action, Thriller, War","Moon Sung-keun, Jeon Hye-jin, Shin Myeong-cheol, Kim Roi-ha, Kim Seung-wook",Lee Sang-woo,"The Korean war does not start well for the US. They are being routed by the North Koreans and In July 1950, the early stage of the Korean War, at the Jugok Village in the middle of the Korean Peninsula, Chang-yee and his friends grow excited over the amateur singing contest knowing nothing about what is going on around them. At the time, the US Army keeps losing and are pushed back to the village, evacuating all villagers to head south. The villagers took refuge like going on a picnic believing that the US Army is protecting them, they just follow their orders moving south bound.",A Little Pond (2010),137690,4.25,0.85
53121,Barking Water,2009-01-17,6.1,Drama,"Richard Ray Whitman, Casey Camp-Horinek, Jon Proudstar, Aaron Riggs, Marcus Frejo",Sterlin Harjo,"Frankie is dying. Irene hasn't forgiven him. And they are racing against time to find their way home. Frankie needs help and Irene is the one he turns to. He must go home one last time. And, like so many times before, Irene is extending herself beyond her common sense. The two set out on a journey that becomes more than getting home; confronting the past, love, understanding, and self discovery. Barking Water is a tale of great love that looks at what brings us all together. It's a tale of home...and what it takes to get there.",Barking Water (2010),137944,2.8333333333333335,0.5666666666666667
34557,Turn the Beat Around,2010-02-26,5.2,Drama,"David Giuntoli, Romina D'Ugo, Adam Brooks, Brooklyn Sudano, Shauna MacDonald",Bradley Walsh,"An idealist young dancer named Zoe tackles the difficult issue of resurrecting disco dancing in today’s music business. She meets hostility beyond resistance on every dance floor where she spins and twirls. Fortunately, she has at least one ally, a nightclub owner and visionary named Michael who shares her zeal for the long-ago dance craze. With money to burn, Michael arranges for Zoe to test market bringing back disco, even with rival choreographers like Malika. Soon dance takes a two-step in the wrong direction when hard-hearted Malika and Michael start vying to become Zoe’s dance partner.",Turn the Beat Around (2010),138012,2.5,0.5
41342,Baseline,2010-06-02,4.9,"Action, Crime, Drama","Gordon Alexander, Freddie Connor, Zoë Tapper, Jamie Foreman, Dexter Fletcher",Brendon O'Loughlin,"The Baseline is the centre of the East London grime club scene and the queue regularly stretches around the block. Danny works on the door - breaking up fights and managing drunk kids. However, when he rescues Terry, the club owner and local gang leader, from a hitman, Danny is suddenly plunged deep into an underworld he had tried so hard to avoid. Danny is promoted to manager, but only on the condition that he turns a blind eye to the shady goings on both on and off the dance-floor. Danny and his girlfriend Jessica dream of setting up their own club, but Danny is forced to make the ultimate sacrifice when he has to choose between loyalty, morality and his own dreams of escape",Baseline (2010),138172,3.375,0.675
301074,The Killing of Jacob Marr,2010-10-01,5.125,Horror,"Morgan White, Brandon Beilis, Alyssa Mann, Elizabeth Drake, Samantha Cooper",Brad Rego,A boy finds a mysterious object that drives him insane leading him to kill his parents. After escaping to the woods he returns 20 years later to find his home is being rented to some vacationers. He is not pleased.,The Killing of Jacob Marr (2010),138272,4.5,0.9
348521,Love/Loss,2010-01-01,0.0,"Romance, Drama, Family","Keith Michell, Virginia McKenna, Geoffrey Bayldon, Patricia Brake, Len Goodman",Guy Daniels,"A chance meeting reunites Mary and Joe, childhood sweethearts from the 1940s. But after 60 years apart, is there still love between them? How have their separate experiences shaped their lives over this long period apart, and is there still time for them to share the happiness that has so long been denied? As Mary and Joe confront the mistakes of their past and share memories of a previously unspoken love, their reunion appears to take them on a path to happiness. But the gentle narrative hides a twist that will challenge any preconceptions of love and loss.",Love/Loss (2010),138274,2.0,0.4
57311,"Thelma, Louise et Chantal",2010-03-03,5.6,Comedy,"Jane Birkin, Caroline Cellier, Catherine Jacob, Thierry Lhermitte, Benoît Pétré",Benoît Pétré,"Chantal, Gabrielle and Nelly, three fiftyish women, decide to make the trip to the wedding of an ex together.","Thelma, Louise et Chantal (2010)",138294,3.1217591102962157,0.6243518220592431
56041,Unlikely Revolutionaries,2010-10-22,5.647,Comedy,"Pierfrancesco Favino, Fabio Volo, Giuseppe Battiston, Claudia Pandolfi, Paolo Sassanelli",Lucio Pellegrini,"Five ordinary people disillusioned with politics—a perennial temp, a docker, a university professor, a TV reporter, and a convict—decide to kidnap a politician, to dispense justice and use the ransom money to compensate the family of a blue-collar worker who died in workplace accident.",Unlikely Revolutionaries (2010),138310,2.75,0.55
56014,Men Vs Women,2010-10-27,5.777,"Comedy, Romance","Paola Cortellesi, Fabio De Luigi, Sarah Felberbaum, Chiara Francini, Lucia Ocone",Fausto Brizzi,"From married couples to platonic roommates to testy rivals with romantic chemistry, the never-ending battle of the sexes gets personal.",Men Vs Women (2010),138344,1.5,0.3
49850,A Quiet Life,2010-11-05,6.516,"Drama, Thriller","Toni Servillo, Marco D'Amore, Francesco Di Leva, Juliane Köhler, Leonardo Sprengler",Claudio Cupellini,"The story of a man who murdered thirty-two people, gained power, and then got afraid because too many people wanted to kill him. One August morning, he disappeared. For fifteen years, everyone believed him dead.",A Quiet Life (2010),138366,3.2142857142857144,0.6428571428571429
58013,The Santa Claus Gang,2010-12-17,6.028,Comedy,"Aldo Baglio, Giovanni Storti, Giacomo Poretti, Angela Finocchiaro, Giovanni Esposito",Paolo Genovese,"On Christmas Eve, three friends dressed as Santa Claus are arrested in what looks like an attempted burglary and charged with being the infamous ""Santa Claus Gang"". While trying to prove their innocence to the police, the trio explains why they found themselves in such a strange situation...",The Santa Claus Gang (2010),138380,2.6666666666666665,0.5333333333333333
58204,Love & Slaps,2010-12-17,6.069,Comedy,"Sergio Castellitto, Laura Morante, Enzo Jannacci, Marco Giallini, Barbora Bobuľová",Sergio Castellitto,"A comedy about generational conflict between two parents who do not want to grow old and a seventeen year old daughter who wants to become an adult. During a weekend with some friends in their country house in Tuscany, Marcello and Marina, relieved that the love affair of their teenage daughter Rose with another boy, Luke, is over, prepare to meet their daughter's new boyfriend. The problem is that the two adults, who still feel pretty young, do not know what to expect, and what they are about to discover will leave them speechless ...",Love & Slaps (2010),138414,3.1666666666666665,0.6333333333333333
24243,The Best Things in the World,2010-05-22,6.3,"Comedy, Drama, Romance","Francisco Miguez, Gabriela Rocha, Fiuk, Gabriel Illanes, Denise Fraga",Laís Bodanzky,"Everyday family life as perfectly normal madness. “As Melhores Coisas do Mundo“ follows a few days in the life of the 15-year-old Mano, who is fighting on two fronts: his parents have just got divorced and he is going through puberty. Mano tries to make his way through life, with its first sexual experiences, his depressed brother and his self-centered parents. It’s a humorous homage to the pitfalls of daily life and the diversity of life.",As Melhores Coisas do Mundo (2010),138428,3.857142857142857,0.7714285714285715
56853,We Believed,2010-11-12,6.6,"History, Drama, Adventure","Luigi Lo Cascio, Valerio Binasco, Francesca Inaudi, Andrea Bosca, Edoardo Natoli",Mario Martone,"1828. In the wake of the repression of revolutionary uprisings in the monarchist South, three young friends join Giuseppe Mazzini's patriotic cause, seeking to finally unify Italy under a republican government. Their idealism will clash with the inevitable disillusionment as they grow apart over the following fifty years.",Noi credevamo (2010),138442,3.0,0.6
42808,The Man Who Will Come,2009-10-16,7.4,Drama,"Alba Rohrwacher, Greta Zuccheri Montanari, Maria Grazia Naldi, Eleonora Mazzoni, Maya Sansa",Giorgio Diritti,"A group of Italian villagers struggle to survive during a tumultuous time in 1943, debating how much assistance to give the partisans with the impending arrival of the Germans. Based on True Events.",The Man Who Will Come (2010),138460,3.642857142857143,0.7285714285714285
89847,Modus Operandi,2010-09-10,5.8,"Action, Thriller, Crime","Randy Russell, Danny Trejo, Mark Borchardt, Michael Sottile, Barry Poltermann",Frankie Latina,"Two briefcases with mysterious contents are stolen from top Presidential candidate Squire Parks, setting off a deadly series of double-crosses and betrayals. Desperate warring factions of subterranean organizations will stop at nothing to gain possession of the sensitive material. A covert branch of the CIA calls on notorious Black Ops agent Stanley Cashay, who has been barely existing in a semi-comatose twilight since the murder of his wife. Cashay is offered the identity of his wife’s killer in exchange for locating and returning the cases.",Modus Operandi (2010),138560,4.25,0.85
43200,Basilicata Coast to Coast,2010-04-09,6.271,"Comedy, Drama","Alessandro Gassmann, Paolo Briguglia, Max Gazzè, Rocco Papaleo, Giovanna Mezzogiorno",Rocco Papaleo,A music group and a journalist cross the region of Basilicata by foot to attend a music festival.,Basilicata Coast to Coast (2010),138680,2.642857142857143,0.5285714285714286
70570,Neshoba,2010-08-15,8.0,Documentary,,"Tony Pagano, Micki Dickoff","NESHOBA tells the story of a Mississippi town still divided about the meaning of justice, 40 years after the murders of civil rights workers James Chaney, Andrew Goodman and Michael Schwerner. Although Klansmen bragged openly about what they did in 1964, no one was held accountable until 2005, when the State indicted preacher Edgar Ray Killen, an 80-year-old notorious racist and alleged mastermind of the killings. Through intimate interviews with the families of the victims, candid interviews with black and white Neshoba County Citizens, and exclusive, first time interviews with Killen, the film explores whether healing and reconciliation are possible without telling the unvarnished truth.",Neshoba (2010),138692,4.5,0.9
54155,Hands in the Air,2010-07-06,6.0,"Drama, Comedy, Romance","Valeria Bruni Tedeschi, Linda Doudaeva, Jules Ritmanic, Louna Klanit, Louka Masset",Romain Goupil,"March 22, 2067. At dawn of life, Milana remembers her life, when she was a young Chechen immigrant in Paris, struggling for a better life along with her school friends.",Hands in the Air (2010),138696,4.0,0.8
41345,Shank,2010-08-21,4.899,"Action, Drama, Thriller","Kedar Williams-Stirling, Ashley Thomas, Adam Deacon, Michael Socha, Jan Uddin",Mo Ali,"SHANK delivers a ruthless vision of forthcoming urban life, where guns have been superseded by knives and are fiercely wielded by aimless youths. Amidst the chaos is the Paper Chazers gang, a rare morally conscious group who trade scavenged food for money. After Chazers gang member, Junior, witnesses his brothers murder, he must decide whether to get revenge or stick to the gangs moral code.",Shank (2010),138794,2.4285714285714284,0.48571428571428565
170480,The Deported,2010-06-15,0.5,"Comedy, Family","Nicholas Turturro, Talia Shire, Paul Rodríguez, Gary Valentine, Nick Turturro III",Lance Kawas,"An Italian-American actor is deported to Mexico by some crooked INS Agents, and a pack of orphans helps him find his way back to America",The Deported (2010),138984,5.0,1.0
54731,Run Ricky Run,2010-04-27,6.5,Documentary,"Jim Brown, Ricky Williams","Sean Pamphilon, Royce Toni","Ricky Williams does not conform to America’s definition of the modern athlete. In 2004, with rumors of another positive marijuana test looming, the Miami Dolphins running back traded adulation and a mansion in South Florida for anonymity and a $7 a night tent in Australia. His decision created a media frenzy that dismantled his reputation and branded him as America's Pothead. But while most in the media thought Williams was ruining his life by leaving football, Ricky thought he was saving it. Through personal footage recorded with Williams during his time away from football and beyond, filmmaker Sean Pamphilon takes a fresh look at a player who had become a media punching bag and has since redeemed himself as a father and a teammate.","Run, Ricky Run (2010)",139092,3.5,0.7
54746,Unmatched,2010-09-14,5.2,Documentary,"Chris Evert, Martina Navratilova","Lisa Lax, Nancy Stern Winters","The first time Chris Evert and Martina Navratilova stepped onto a tennis court together, the world scarcely noticed. Only a few hundred spectators saw the pert 18-year-old beat the scrappy 16-year-old Czech in 1973. “I remember that she was fat,” Evert recalled. “She was very emotional on the court, whining if she didn't feel she was playing well. But I remember thinking, if she loses weight, we’re all in trouble.” Said Navratilova, “My goal was for her to remember my name.” Eighty matches later – amid the extraordinary growth of women’s tennis – Evert not only remembered, but became a tried and true friend and confidante, remarkable considering the two appeared to be polar opposites in upbringing, life styles and personal relationships. Through a series of personal conversations, this documentary will tell the story of one of the greatest one-on-one sports rivalries and capture these two extraordinary athletes’ views on tennis and an ever-changing world.",Unmatched (2010),139096,4.5,0.9
54677,Four Days in October,2010-10-05,6.5,Documentary,"Pedro Martínez, Terry Francona, Curt Schilling, David Ortiz, Manny Ramírez",Gary Waksman,"When the night of October 16, 2004 came to a merciful end, the Curse of the Bambino was alive and well. The vaunted Yankee lineup, led by A-Rod, Jeter, and Sheffield, had just extended their ALCS lead to three games to none, pounding out 19 runs against their hated rivals. The next night, in Game 4, the Yankees took a 4-3 lead into the bottom of the ninth inning, then turned the game over to Mariano Rivera, the best relief pitcher in postseason history, to secure yet another trip to the World Series. But after a walk and a hard-fought stolen base, the cold October winds of change began to blow. Over four consecutive days and nights, this unlikely group of Red Sox miraculously won four straight games to overcome the inevitability of their destiny. Major League Baseball Productions will produce a film in ""real-time"" that takes an in-depth look at the 96 hours that brought salvation to Red Sox Nation and made baseball history in the process.",Four Days in October (2010),139098,3.7127659574468086,0.7425531914893617
54692,Once Brothers,2010-10-12,7.3,Documentary,"Vlade Divac, Dražen Petrović, Kenny Anderson, Larry Bird",Michael Tolajian,"Drazen Petrovic and Vlade Divac were two friends who grew up together sharing the common bond of basketball. Together, they lifted the Yugoslavian National team to unimaginable heights. After conquering Europe, they both went to USA where they became the first two foreign players to attain NBA stardom. But with the fall of the Soviet Union on Christmas Day 1991, Yugoslavia split up. A war broke out between Petrovic's Croatia and Divac's Serbia. Long buried ethnic tensions surfaced. And these two men, once brothers, were now on opposite sides of a deadly civil war. As Petrovic and Divac continued to face each other on the basketball courts of the NBA, no words passed between the two. Then, on the fateful night of June 7, 1993, Drazen Petrovic was killed in an auto accident. This film will tell the gripping tale of these men, how circumstances beyond their control tore them apart, and whether Divac has ever come to terms with the death of a friend before they had a chance to reconcile.",Once Brothers (2010),139100,3.904255319148936,0.7808510638297872
54694,Pony Excess,2010-12-11,7.2,Documentary,"Patrick Duffy, Eric Dickerson, Skip Bayless, Ron Meyer",Thaddeus D. Matula,"From 1981-1984, a small private school in Dallas owned the best record in college football. The Mustangs of Southern Methodist University were riding high on the backs of the vaunted ""Pony Express"" backfield. But as the middle of the decade approached, the program was coming apart at the seams. Wins became the only thing that mattered as the University increasingly ceded power of the football program to the city's oil barons and real estate tycoons and flagrant and frequent NCAA violations became the norm. In 1987, the school and the sport were rocked, as the NCAA meted out ""the death penalty"" on a college football program for the first and only time in its history. SMU would be without football for two years, and the fan base would be without an identity for 20 more until the win in the 2009 Hawaii Bowl. This is the story of Dallas in the 1980's and the greed, power, and corruption that spilled from the oil fields onto the football field and all the way to the Governor's Mansion.",Pony Excess (2010),139102,3.4318181818181817,0.6863636363636363
58250,The Bucks County Massacre,2010-12-01,4.5,"Horror, Action, Thriller","Nikki Bell, Zackary Kresser, Brittany Geiger, Michael Galliano, Brian Affleck",Jason Sherman,"On Saturday, May 17th, 2008, police responded to a residence in a remote area of Bucks County, Pennsylvania for the report of a missing person. Upon their arrival, a routine investigation was performed and it was determined that the situation did not require police intervention. When the police returned the next morning to do a courtesy follow up, the house was immediately found to be the scene of a crime.",The Bucks County Massacre (2010),139373,2.1666666666666665,0.4333333333333333
44211,Draquila: Italy Trembles,2010-03-07,6.9,Documentary,"Silvio Berlusconi, Sabina Guzzanti",Sabina Guzzanti,A documentary in opposition to the government of Silvio Berlusconi.,Draquila - L'Italia che trema (2010),139407,4.0,0.8
59582,It Begins with the End,2010-05-26,4.393,"Drama, Romance","Michaël Cohen, Emmanuelle Béart, Léopold Kraus, Jean-Paul Dubois, Jean-Marc Minéo",Michaël Cohen,"A woman, a man, a summer in Paris. Passion, break ups, reconciliations. A love story in disarray...",It Begins with the End (2010),139411,3.0,0.6
68712,The Lazarus Papers,2010-01-01,3.8,"Drama, Action, Thriller, Science Fiction","Danny Trejo, Gary Daniels, Krystal Vee, Tommy Lister Jr., Bai Ling","Jeremiah Hundley, Daniel Zirilli","Lonny Smith, a young man with a suitcase full of money, who might drop dead at any moment is searching for love with each dying breath even if he has to pay for it...",The Lazarus Papers (2010),139447,3.3333333333333335,0.6666666666666667
142758,Deadly Renovations,2010-01-09,3.3,"Horror, Thriller","DJ Perry, Terence Knox, Lana Wood",Robert H. Gwinn,"When a small house flipping group discovers that their Hotel project may contain millions of cash hidden somewhere within, the project turns deadly.",Deadly Renovations (2010),139463,2.5,0.5
123389,Mr. Hush,2010-10-23,3.2,Horror,"Brad Loree, Edward X. Young, Steve Dash, Jessica Cameron, Connie Giordano",David Lee Madison,"What is the ultimate horror? For Holland Price, it is losing everything he loves. Holland is a devoted family man whose life is turned upside-down by a horrifying figure one Halloween night.  Holland spends ten years searching the country, filled with self-torment and suffering, as he is haunted by his nightmares of that terrible night. He is drawn back to the small town of Layton, PA where he finds work in a restaurant owned by his friend, Mac. There he meets Debbie and begins to regain stability and peace in his life. But once his life adjusts to normal, Mr. Hush and his henchman, Stark, arrive. Driven by a lifetime of hatred toward the Price family, Mr. Hush continues to taunt Holland. But why? Follow our hero on his emotional rollercoaster ride as he descends into a dank and villainous world to see the face of darkness for what it is the face of Mr. Hush.  Two men, fueled by love lost, collide in this chilling battle of good vs. evil.",Mr. Hush (2010),139469,2.5,0.5
72589,3nity,2010-10-21,5.7,Comedy,"Christian Tramitz, Matthias Schweighöfer, Roland Düringer, Adele Neuhauser, Christian Ulmen",Harald Sicheritz,"Hage, the Holy Spirit, is writing a musical, when Jesus returns to earth at Christmas to prepare the apocalypse. To prevent this, Hage tries to convince him that mankind is worth saving with the help of a beautiful striptease dancer.",3faltig (2010),139509,2.5,0.5
61527,Helena from the Wedding,2010-11-12,3.571,"Comedy, Drama, Romance","Dagmara Dominczyk, Paul Fitzgerald, Dominic Fumusa, Jessica Hecht, Gillian Jacobs",Joseph Infantolino,"Newlyweds Alex and Alice host a New Year's Eve party for their closest friends at a remote cabin in the mountains. However, when an unexpected guest shows up, the group's facades begin to crumble.",Helena from the Wedding (2010),139549,3.25,0.65
49960,Kiss the Abyss,2012-11-14,6.2,Horror,"Nikki Moore, Scott Mitchell Nelson, James Mathers, Mark Craig, Douglas Bennett",Ken Winkler,"When a young woman is brutally killed by an intruder, her husband and estranged father conspire to bring her back from the dead with the help of a mysterious desert dweller. Soon after she awakens, she begins to realize that something is horribly wrong...",Kiss the Abyss (2010),139555,2.75,0.55
69326,Gothic & Lolita Psycho,2010-09-04,5.068,"Horror, Action","Rina Akiyama, Ruito Aoyagi, Yukihide Benny, Asami, Satoshi Hakuzen",Gô Ohara,"Yuki lives at home in peace until one day a unit of assassins breaks in and kill her mother. In order to revenge herself Yuki becomes a demon of vengeance by donning gothic lolita clothing, using a parasol as a deadly weapon, and executing the guilty in God's name.",Gothic & Lolita Psycho (2010),139622,3.0,0.6
122320,Winston Churchill: Walking with Destiny,2010-08-20,6.4,Documentary,Ben Kingsley,Richard Trank,"Walking With Destiny highlights Churchill's years in the political wilderness, his early opposition to Adolf Hitler and Nazism, and his support for Jews under threat by the Nazi regime. As historian John Lukacs explains, Churchill may not have won the War in 1940, but without him, the War most certainly would have been lost. Sir Martin Gilbert, historical consultant for the film and Churchill's official biographer, adds that had Churchill's warnings about Nazi Germany's racial policies towards Jews been heeded in the early 1930's, the Holocaust may never have occurred. The film examines why Winston Churchill's legacy continues to be relevant in the 21st Century and explores why his leadership remains inspirational to current day political leaders and diplomats.",Winston Churchill: Walking with Destiny (2010),139653,3.9,0.78
52044,Insane,2010-02-09,4.2,Horror,"Jacobsson Anton, Lars Bethke, Johanna Leamo, David Lenneman, Alida Morberg","Tomas Sandquist, Anders Jacobsson","A lonely hotel by a lonely road. Sarah is lost, looking for somewhere to sleep. She's come to the wrong place. A lonely hotel by a lonely road. Sarah is lost, Jenny is looking for her. She's come to the right place. The Bridgeburn Hotel",Insane (2010),139697,1.5,0.3
65996,Desert Son,2010-03-01,4.6,"Drama, Thriller","John Bain, Erica Curtis, Nathan Halliday, Bill Oberst Jr., Chauna Wertlow","Brandon Nicholas, James Mann","After being abandoned in the desert by his abusive stepfather, Phillip finds himself cruelly cast into a game of life or death until a beautiful orphan named Lucy and her boyfriend Jack come to his rescue. The three runaways patrol the desert and live as petty thieves, but they soon find that the fight for survival against nature may become a fight for survival against each other.",Desert Son (2010),139709,3.1217591102962157,0.6243518220592431
78441,Jitters,2010-08-27,5.886,Drama,"Atli Óskar Fjalarsson, Gísli Örn Garðarsson, Birna Rún Eiríksdóttir, Lilja Guðrún Þorvaldsdóttir, Elías Helgi Kofoed-Hansen",Baldvin Z,"An unexpected first kiss causes Gabriel to feel the electrifying ""jitters"" of love and lust with the free-spirited Marcus; a perfect way to end a Summer studying abroad. Realizing he is gay, Gabriel returns home and is immediately scrutinized by his family and friends who notice he’s different. But as the school year launches with Gabriel distracted with parties and his friends’ own dramas, Marcus returns, reigniting the hot, thrilling emotions of one’s first crush. Jitters fires head-first into the topsy-turvy world of first love with an attractive cast and pulsating soundtrack, making it a smartly refreshing journey into the queer, teen experience.",Jitters (2010),139751,2.8,0.5599999999999999
73128,Bruc: The Manhunt,2010-12-22,5.4,"Adventure, History, Drama","Juan José Ballesta, Vincent Perez, Santi Millán, Astrid Bergès-Frisbey, Nicolas Giraud",Daniel Benmayor,"Spain, 1808. The Napoleonic Army suffers its first defeat at the hands of a single man: a drummer boy who used the Montserrat mountains to echo his drums and send the enemy troops into a panicked retreat. When the news reaches Napoleon, he furiously orders the captain of the Imperial Guard to bring back the head of the young hero responsible for his army's defeat…","Bruc, the Manhunt (2010)",139753,3.5,0.7
304752,Saving Grace,2010-07-01,4.9,"Horror, Crime, Drama","Jason Barbeck, Mandy Bo, Peter Coady, Nicola Adams",Chris Pickle,"Grace is a beautiful young nurse who lives a life of pain and anguish. Her addiction to heroin has forced the authorities to take away her beloved daughter Jessica, and put her on the verge of losing her job at the hospital. Grace finds sickly solace at the end of a junkie's needle as she burns the days away, lost in the darkness of despair. A near fatal overdose lands her in the very hospital that she works-but also into the hands of one of the hospital's janitors, Clayton. He's an odd survivalist who hunts rabbits on the weekends from an abandoned school deep in the desolate countryside. When Grace wakes up in the bowels of Clayton's make-shift bunker, he tells her a bizarre story. One in which he has not only saved her from a life of drugs, but also from the horrors of the world itself.",Saving Grace (2010),139867,3.0,0.6
59507,Four Lovers,2010-09-15,5.881,Romance,"Marina Foïs, Élodie Bouchez, Roschdy Zem, Nicolas Duvauchelle, Alexia Stresi",Antony Cordier,Mutual attraction leads two married couples to swap bedtime partners.,Four Lovers (2010),140056,2.5,0.5
61312,"Video Nasties: Moral Panic, Censorship & Videotape",2010-08-30,6.8,Documentary,"Andy Nyman, Christopher Smith, Neil Marshall, Julian Petley, Marc Morris",Jake West,"A documentary analyzing the furore which so-called ""video nasties"" caused in Britain during the 1980s.","Video Nasties: Moral Panic, Censorship & Videotape (2010)",140078,3.772727272727273,0.7545454545454546
311600,Questions for Crazy Horse,2010-01-01,0.0,Documentary,"Russell Means, O.W. Tuthill",O.W. Tuthill,"This illuminating documentary profiles Crazy Horse, arguably the most important figure in Lakota Sioux history. Contemporary American Indians discuss his story, offering insight into their futures through Crazy Horse's legacy of wisdom.",Questions for Crazy Horse (2010),140164,3.5,0.7
79456,Gone with the Pope,2010-03-12,4.875,"Drama, Romance, Crime","Duke Mitchell, Jim LoBianco, Peter Milo, John Murgia, Lorenzo Dardado",Duke Mitchell,"""Gone With The Pope"" was filmed entirely in 1976, but left unedited with large amounts of what was believed to be lost footage until 2010 due to Duke Mitchell's untimely death. Duke Mitchell stars as Paul, a gangster who's just been released from prison and is offered 100,000 dollars from the mafia to take out seven men. He reluctantly agrees, in order to give himself and his friends a better, clean life outside of prison, but he can't seem to leave his old ways behind, resulting in a plot to kidnap the Pope for a ransom of fifty cents from every Catholic in the world.",Gone with the Pope (2010),140182,3.6666666666666665,0.7333333333333333
46665,Triple Dog,2010-09-21,5.634,"Drama, Thriller","Britt Robertson, Scout Taylor-Compton, Alexia Fast, Janel Parrish, Emily Tennant",Pascal Franchot,"On the night of a sleepover, a group of teenage girls venture out in a competitive game of challenging dares. As the antics escalate, and the dares become more extreme, the girls unravel the truth behind a former student's rumored suicide.",Triple Dog (2010),140214,2.95,0.5900000000000001
82139,Removal,2010-11-07,5.278,"Crime, Horror, Thriller","Billy Burke, Mark Kelly, Osgood Perkins, Kelly Brook, Emma Caulfield",Nick Simon,"Witnessing a murder and a suicide caused Cole to have hallucinations that cost him his marriage and job. Now working as a cleaner he must clean a stately home outside of the city, owned by the sadistic Henry.",Removal (2010),140216,5.0,1.0
74495,Bandage,2010-01-16,5.735,"Drama, Music, Romance","Jin Akanishi, Kie Kitano, Kengo Kora, Yuki Shibamoto, Nobuaki Kaneko",Takeshi Kobayashi,"Set in the 1990s during Japan's ""band boom"" era, the film tells the tale of a girl in high school, Asako, who goes to a concert and meets Natsu, vocalist of the new band LANDS. Asako ends up being the band manager, but as the band's popularity starts to soar, the band's friendship begins to suffer.",Bandage (2010),140241,3.25,0.65
52369,The Pack,2010-09-29,4.7,Horror,"Yolande Moreau, Émilie Dequenne, Benjamin Biolay, Philippe Nahon, Matthias Schoenaerts",Franck Richard,"In the middle of a snowy no man's land, Charlotte picks up Max, a hitchhiker; they stop in a truck-stop restaurant, and when Max doesn't come back from the bathroom, Charlotte starts looking for him in vain. She decides to return during the night but gets kidnapped by the bartender, La Spack, who turns out to be Max's mother and needs to feed her kids, 'The pack', a bunch of blood lusting ghouls. Charlotte now faces a terrifying reality: these ghouls are already dead... and hungry. Alone and in the middle of nowhere, she quickly realizes... she's next on the menu!",The Pack (2010),140281,2.0,0.4
40205,16 Wishes,2010-10-02,6.311,"Fantasy, Drama, Family","Debby Ryan, Jean-Luc Bilodeau, Anna Mae Wills, Karissa Tynes, Brenda Crichlow",Peter DeLuise,"The story about Abby Jensen, a girl who's been eager to reach her 16th birthday and has kept a secret wish list since she was a little girl. When the Big Day actually arrives, utter disaster strikes, leaving Abby to think her birthday is ruined. But when a mysterious box of magical birthday candles arrives to turn things around, Abby's 16 Wishes start to come true. Her day gets better and better...until she makes one wish that threatens to change everything.",16 Wishes (2010),140747,3.11,0.622
42478,Happiness Runs,2010-05-14,4.059,Drama,"Joni Barth, Kirsten Berman, Mark Boone Junior, Joseph Castanon, Richard Edson",Adam Sherman,"The neglected child of parents living on a commune, Victor is helpless to resist the atmosphere of sex and drugs that permeates his world, but he's smart enough to know that if he is going to survive, he has to get out.",Happiness Runs (2010),140779,1.5,0.3
56672,The Legend of Secret Pass,2010-10-14,5.7,"Fantasy, Animation, Family","Frankie Muniz, Ron Perlman, Joe Pantoliano, David Cross, Cheryl Hines",Steve Trenbirth,"A Native American teenager named Manu spends the summer with his grandfather high in the desert mountains. As a terrifying doom approaches, Manu must embrace his remarkable destiny and take on an incredible responsibility if he and his family are to thrive and survive.",The Legend Of Secret Pass (2010),140830,1.7142857142857142,0.34285714285714286
42053,Witchville,2010-05-22,4.1,"Fantasy, Adventure","Luke Goss, Ed Speleers, Andrew Pleavin, Simon Thorp, MyAnna Buring",Pearry Reginald Teo,"When Prince Malachy returns to his father’s kingdom after the Crusades his first impression is that a bad harvest is the reason that the villagers are sick and hungry. But all is not as it seems and a stranger to the village, warns the new king that a dark force is the cause of their ills.",Witchville (2010),140832,1.0,0.2
248301,The Affair,2010-07-17,2.4,Drama,"Cogie Domingo, Sid Lucero, Rocky Salumbides, Max Eigenmann, Evelyn Vargas",Adolfo Alix Jr.,An ex-seminarian slash communist runs a hotel in Baguio. He then meets a handsome upcoming lawyer. A once-a-year trip to Baguio by the lawyer and conversations with the hotel owner develop into an affair which encompasses decades of socio-political changes in the country.,The Affair (2010),140886,3.1217591102962157,0.6243518220592431
42949,Arthur 3: The War of the Two Worlds,2010-08-22,5.788,"Animation, Adventure, Fantasy, Family","Freddie Highmore, Mia Farrow, Robert Stanton, Penny Balfour, David Gasman",Luc Besson,"With Maltazard now seven feet tall and Arthur still two inches small, our hero must find a way to grow back to his normal size and stop the Evil M once and for all, with the help of Selenia and Betameche.",Arthur 3: The War of the Two Worlds (2010),141166,2.7545454545454544,0.5509090909090909
253876,The Greatest Ears in Town: The Arif Mardin Story,2010-06-15,4.7,Documentary,"Arif Mardin, Phil Collins, Aretha Franklin, Bette Midler, Daryl Hall","Doug Biro, Joe Mardin","The Greatest Ears in Town is an insightful documentary and testimonial to Arif Mardin; the producer, arranger, musician and multi Grammy award winner.",The Greatest Ears in Town: The Arif Mardin Story (2010),141207,4.5,0.9
56968,The Pregnancy Pact,2010-01-23,5.081,"Drama, TV Movie","Thora Birch, Madisen Beaty, Tim Powell, James McCaffrey, Camryn Manheim",Rosemary Rodriguez,Inspired by the true story of teenagers at Gloucester High School who agreed to get pregnant at the same time.,Pregnancy Pact (2010),141216,2.8,0.5599999999999999
59429,Paranormal Activity: Tokyo Night,2010-11-20,6.0,"Horror, Thriller","Aoi Nakamura, Noriko Aoyama, Kosuke Kujirai, Ayako Yoshitani, Kazuyoshi Tsumura",Toshikazu Nagae,"Koichi takes care of his sister, who has recently returned from a trip abroad in the United States as she is not well. While caring for her, he records evidence of ghosts in their home.",Paranormal Activity 2: Tokyo Night (2010),141420,3.2142857142857144,0.6428571428571429
45075,Blades of Blood,2010-04-28,6.4,"Action, Drama","Cha Seung-won, Hwang Jung-min, Baek Sung-hyun, Han Ji-hye, Ryu Seung-ryong",Lee Joon-ik,"Lee Mong-hak and a skilled blind swordsman Hwang Jeong-hak, both long to wipe away corruption and heal the world. Lee Mong-hak creates a rebel army to achieve his goal and get rid of the King.",Blades of Blood (2010),141487,3.6363636363636362,0.7272727272727273
83052,Young Girls in Black,2010-11-03,6.2,Drama,"Élise Lhomeau, Léa Tissier, Élise Caron, Isabelle Sadoyan, Roger Jendly",Jean-Paul Civeyrac,"Noémie and Priscilla, two teenagers from a modest background, nurture the same violence, the same revolt. They seriously worry their families, who feel that these girls are capable of anything...",Young Girls in Black (2010),141491,3.5,0.7
209921,Slimtime,2010-10-01,5.6,"Comedy, Animation",,"Bertrand Avril, Pierre Chomarat, David Dangin, Thea Matland","While his wife is undergoing slimming treatment, Andre goes on a discovery tour of this very unusual center.",Slimtime (2010),141517,2.8333333333333335,0.5666666666666667
49087,Moss,2010-07-14,6.891,"Drama, Thriller, Crime, Mystery","Park Hae-il, Jung Jae-young, Yu Jun-sang, Yu Seon, Kim Joon-bae",Kang Woo-suk,"A city boy visits a remote village to find out the reason behind his father's strange death. The locals are watching his every move and are eager to see him leave. As he starts to investigate, the village's sinister secrets begin to unravel.",Moss (2010),141520,3.738095238095238,0.7476190476190476
70418,Wasted on the Young,2010-06-13,5.5,"Drama, Thriller, Romance","Adelaide Clemens, Alex Russell, Geraldine Hakewill, Georgina Haig, Lisa Bennett",Ben C. Lucas,"When a high school party goes dangerously off the rails, one teenager finds that revenge is just a computer click away.",Wasted on the Young (2010),141550,2.45,0.49000000000000005
62409,2033,2009-09-24,4.2,"Science Fiction, Thriller","Claudio Lafarga, Sandra Echeverría, Marco Antonio Treviño, Raúl Méndez, José Carlos Rodríguez",Francisco Laresgoiti,"In 2033, Mexico City is a hot, mechanical and chaotic megacity ruled by the military and a tyrannical government. It is an oppressed society with its religious faith and liberty of expression stolen. Pablo, the main character, is a young finantial yuppie that gets shelter in drugs and alcohol. He leaves his privileged life in order to help the unprotected and destroy the system that controls the population.",2033 (2010),141652,2.5,0.5
50715,SoulBoy,2010-06-04,5.828,"Comedy, Drama, Music","Martin Compston, Felicity Jones, Alfie Allen, Nichola Burley, Craig Parkinson",Shimmy Marcus,"1974. Amidst power cuts, strikes and boot-boy aggro on the football terraces, Joe McCain is bored of a life that's going nowhere. Enter hair-dresser Jane: blonde, beautiful, and moving to the beat of a whole new world of sound, movement and all-nighter dancing at The Wigan Casino - the home of Northern Soul. Swept along on this tide of pulsating dance and lust, Joe becomes embroiled in the darker side of soul scene that will put his friendship to the test.",SoulBoy (2010),141660,3.0,0.6
82313,Shoot First And Pray You Live,2008-12-04,3.8,"Adventure, Western, Action","John Doman, Jim Gaffigan, Jeff Hephner, Tamara Hope, Richard Tyson",Lance Doty,Tale of vengeance -- outlaw style -- as Red Pierre hunts down legendary gunman Bob McGurk to avenge the murder of his Mother and Father,Shoot First And Pray You Live (2010),141741,1.75,0.35
56554,Stag Night of the Dead,2010-10-31,2.968,"Horror, Comedy","Sophie Lovell Anderson, Sebastian Street, Joe Rainbow, Mike Busson, Rez Kempton",Neil Jones,"If the mysterious plague sweeping the nation wasn't bad enough, Dean is still going ahead with his doomed wedding tomorrow morning. That leaves him with a choice. Pick up the button holes and chocolate fountain as instructed by bridezilla, Elaine, or go with five mates (and a stripper) to play ""Zomball"" at a top secret military compound where you get to shoot zombies with huge stun guns. Disobeying the golden rule of Zomball ('never never humiliate a zombie') the stags face overwhelming odds from the massed undead and each stag is hunted down. The truth about Zomball is finally revealed and suddenly the mother-in-law is the least of Dean's problems....",Stag Night of the Dead (2010),141757,1.3333333333333333,0.26666666666666666
50087,Pokémon: Zoroark - Master of Illusions,2010-07-10,6.697,"Family, Animation, Adventure, Fantasy","Rica Matsumoto, Ikue Otani, Yuji Ueda, Megumi Toyoguchi, Etsuko Kozakura",Kunihiko Yuyama,Ash and his friends must stop a greedy media mogul from using the shape-shifting Zoroark to capture the time-travelling Celebi.,Pokémon: Zoroark: Master of Illusions (2010),141942,2.82,0.564
41144,To Save a Life,2009-11-05,6.246,Drama,"Randy Wayne, Deja Kreutzberg, Joshua Weigel, Robert Bailey Jr., Bubba Lewis",Brian Baugh,"Jake Taylor has everything. He has a beautiful girl, he's the champion in basketball and beer pong, and everyone loves him. Then, an old childhood friend of his commits suicide. Jake wonders what he could've done to save his friend's life. A youth minister tells him that Jake needs God. So Jake becomes a Christian. However, things begin to spin out of control. Jake is going to realize just what it means to be a Christian and how, to save a life.",To Save A Life (2010),141952,3.5625,0.7125
57627,A Little Thing Called Love,2010-08-12,7.742,"Comedy, Romance","Mario Maurer, Pimchanok Luevisadpaibul, Sudarat Butrprom, Pijittra Siriwetchapan, Peerawat Herabat","Wasin Pokpong, Puttipong Promsaka Na Sakolnakorn","An introverted young girl falls in love with a popular senior. However, as she begins to come out of her shell, she faces several new problems.",A Little Thing Called Love (2010),141958,4.2,0.8400000000000001
86500,Picasso and Braque Go to the Movies,2008-09-07,4.4,"Documentary, History","Martin Scorsese, Julian Schnabel",Arne Glimcher,"The influence that artists Pablo Picasso and George Braque had on the world of cinema is the subject of this documentary from filmmaker Arne Glimcher. A lifelong lover of film, Picasso was intrigued by the machines used to create moving pictures, as well as the images they produced. In this film, artists such as Martin Scorsese, Julian Schnabel, Chuck Close, and the late Robert Rauschenberg reveal how Picasso and Braque's shared love of film helped to create some of the greatest art of the 20th Century. ~ Jason Buchanan, Rovi",Picasso and Braque Go to the Movies (2010),142054,4.0,0.8
92780,"Aballay, the Man without Fear",2011-06-23,5.3,"Drama, Western","Pablo Cedrón, Nazareno Casero, Claudio Rissi, Mariana Anghileri, Luis Ziembrowski",Fernando Spiner,"Aballay was a bad tempered gaucho. After killing a man, the terrified look of the victim's son raised his consciousness about his savagery. Years go by, that kid's look doesn't leave him. Aballay knows that the kid will look for him.","Aballay, the Man without Fear (2010)",142108,1.8333333333333333,0.36666666666666664
52060,Christmas Cupid,2010-12-12,5.829,"Romance, Comedy, Fantasy, TV Movie","Christina Milian, Ashley Benson, Chad Michael Murray, Burgess Jenkins, Ryan Sypek",Gil Junger,"Sloan is beautiful, stylish, and on the fast track to success at her public relations firm. After her client Caitlin ends up in a coma and becomes her own personal ghost of Christmas past, present, and future; she finds out first hand that her unethical ways needs to change and reuniting with a past jilted lover may be the answer.",Christmas Cupid (2010),142148,3.28125,0.65625
82939,Crab Trap,2009-09-13,6.0,Drama,"Arnobio Salazar Rivas, Rodrigo Vélez, Karent Hinestroza",Oscar Ruiz Navia,"A drama set in the black communities of Colombia's Pacific coast, where a man looking to flee the country by boat encounters a local fisherman.",Crab Trap (2010),142260,3.875,0.775
42058,White Snow,2010-03-11,5.921,Thriller,"Olivier Gourmet, François Cluzet, Louise Bourgoin, Jonathan Zaccaï, Bouli Lanners",Christophe Blanc,Director Christophe Blanc delivers a fast-past thriller set to a background of Finland's stunning landscape. High-end car dealership owner Maxime is pursued by Finnish gangsters over unsatisfactory cars his dead partner sold them.,White Snow (2010),142380,4.5,0.9
65766,Bon Appétit,2010-11-12,5.4,"Drama, Romance","Nora Tschirner, Unax Ugalde, Giulio Berruti, Herbert Knaup, Xenia Tostado",David Pinillos,A romantic comedy centered on two young cooks and a female sommelier working in a famous Zurich luxury restaurant.,Bon appétit (2010),142527,3.9,0.78
103066,Any And Every Which Way,2010-02-27,3.5,"Comedy, Romance","Tomomi Miyauchi, Yoshiki Kanahashi, Houka Kinoshita, Kotono, Shion Machida",Shoichiro Masumoto,"Sexy Momoko turns tricks in her taxi to boost business, until she's finally discovered by her employer.  Running from the authorities, Momoko abandons her cab to begin life as a fugitive, accompanied by her most recent customer.",Any And Every Which Way (2010),142656,3.0,0.6
51512,Dear Mr. Gacy,2010-05-10,5.838,"Crime, Drama, Thriller","William Forsythe, Jesse Moss, Emma Lahana, Cole Heppell, Belinda Metz",Svetozar Ristovski,"A chronicle of the interaction between college student Jason Moss and the object of his obsession, serial killer John Wayne Gacy.",Dear Mr. Gacy (2010),142683,2.75,0.55
97342,Vedam,2010-06-04,7.276,"Drama, Action","Allu Arjun, Anushka Shetty, Manoj Bajpayee, Manchu Manoj, Saranya Ponvannan",Radha Krishna Jagarlamudi,"Five people from varied strata of society – a slum dweller who works as a cable operator, a runaway prostitute, a desperate woman drowning in debt, a rising musician, and a grief-stricken Muslim man – end up together in the same hospital, at a time when it is attacked by terrorists.",Vedam (2010),142841,3.611111111111111,0.7222222222222222
58493,A Small Act,2010-01-21,8.2,Documentary,,Jennifer Arnold,"A young Kenyan's life changes drastically when his education is sponsored by a Swedish stranger. Years later, he founds his own scholarship program to replicate the kindness he once received.",A Small Act (2010),142845,4.0,0.8
62368,Cat Shit One,2010-07-17,5.837,"Animation, War","Satoshi Hino, Hiroshi Tsuchida, Masashi Nitta, Sawaki Akimoto, Kenta Sakai",Kazuya Sasahara,"The war against terrorism has gone private. War has always been a profitable business, so having private corporations field their own armies to fight against terrorism is just good business. Who else could protect those innocent bunnies from the religiously fervent turbaned camel fanatics. It falls upon a small cadre of seasoned furry rabbit soldiers to take the battle to the camel's home turf.Derived from a popular Vietnam-conflict based manga series called Apocalypse Meow , this sequel series uses animal characters to tell the story of the war against terrorism fought in distant countries. Non-human cast of characters notwithstanding, this compelling and painstakingly-researched work places an emphasis on factualism in order to accurately portray the weapons and tactics used by soldiers.",Cat Shit One (2010),142847,2.888888888888889,0.5777777777777777
157161,I Didn't Come Here to Die,2010-10-04,4.529,"Horror, Comedy","Kurt Cole, Madi Goff, Indiana Adams, Niko Red Star, Emmy Robbin",Bradley Scott Sullivan,"The story of six young volunteers working on a humanitarian project in the woods. Horrific accidents, rash decisions and the unpredictability of human nature leads them all to the same disturbing conclusion.",I Didn't Come Here to Die (2010),143205,3.5,0.7
36550,Jack and the Beanstalk,2009-11-06,5.173,"Adventure, Comedy, Family, Fantasy","Chevy Chase, Madison Davenport, Emily Rose Everhard, Colin Ford, Gilbert Gottfried",Gary J. Tunnicliffe,"A fairy tale character who is about to flunk out of fairy tale school, Jack must perform a heroic deed by Monday or fail miserably, just like his father before him. Anxious to make good, Jack sells his C.O.W. (Computer of Wonder) for a handful of magic beans and a mysterious book that records his adventures as he's having them. Accompanied by his sidekick Grayson -- a goose who ate a bean and underwent an amazing transformation -- Jack climbs the magic beanstalk to recover the fabled Harp of Destiny from the evil Giant who lives in the sky. Helping Jack on his perilous quest is the spunky Jillian, a fearless young girl whom Jack meets on his journey -- and who just may have a hidden agenda...",Jack and the Beanstalk (2010),143207,3.875,0.775
46636,Nanga Parbat,2010-01-14,6.6,"Adventure, Drama","Florian Stetter, Andreas Tobias, Karl Markovics, Volker Bruch, Sebastian Bezzel",Joseph Vilsmaier,"Drama about the tragic Nanga Parbat expedition by the two Messner brothers in 1970, on which Reinhold Messners younger brother Günther died.",Nanga Parbat (2010),143383,3.125,0.625
158675,Les Misérables: 25th Anniversary in Concert,2010-10-03,8.2,"History, Music","Alfie Boe, Colm Wilkinson, John Owen-Jones, Norm Lewis, Earl Carpenter",Nick Morris,"This concert, recorded to celebrate the 25th anniversary of the landmark musical Les Miserables, gathers the casts of the show's 2010 original production at the Queen's Theatre, the 1985 original production by the London company, and the 2010 production at the Barbican together for one performance. Together with talents like Michael Ball, Hadley Fraser, and John Owen-Jones, the performers present the play's musical numbers in a semi-theatrical style, fully costumed and with all the emotion of the musical's heyday.",Les Misérables in Concert - The 25th Anniversary (2010),143389,3.8879310344827585,0.7775862068965517
46281,Jerry Cotton,2010-03-11,5.909,"Comedy, Crime","Christian Tramitz, Christian Ulmen, Mónica Cruz, Christiane Paul, Heino Ferch","Cyrill Boss, Philipp Stennert",Jerry Cotton is the best agent of the FBI and suspected of murder. So he has to find the real killers from gangster boss Serrano.,Jerry Cotton (2010),143482,2.75,0.55
85566,Rage,2010-05-01,5.0,"Drama, Horror, Science Fiction","Audrey Walker, Rick Crawford, Chris Witherspoon, Anna Lodej, Richard Topping",Chris Witherspoon,"A thirty something man who lives in a suburb just outside of Portland says goodbye to his beautiful and loving wife and heads into town. There he unintentionally provokes the wrath of a mysterious motorcyclist. The confrontation between the two, sets in motion a day long battle. Beginning in the form of harmless taunts then quickly escalating into something more serious and then into something unimaginable.",Rage (2010),143661,0.5,0.1
39285,Beauty & the Briefcase,2010-07-20,5.904,"Romance, Comedy, TV Movie","Michael McMillian, Hilary Duff, Amanda Walsh, Chris Carmack, Jaime Pressly",Gil Junger,A freelance writer looking for romance sells a story to Cosmopolitan magazine about finding love in the workplace and goes undercover at a Finance Company.,Beauty & the Briefcase (2010),143868,3.4347826086956523,0.6869565217391305
136294,The Perfect Date,2010-05-05,5.612,"Comedy, Romance","Clovis Cornillac, Virginie Efira, Manu Payet, Laurence Arné, Shirley Bousquet","Dominique Farrugia, Arnaud Lemort","Michel dreams of a perfect meeting with the woman of his dreams, entirely due to chance, as his parents and grandparents experienced. Vincent, Michel's contrast, is completely different. He is more the man of the direct approach and he follows his...! The two childhood friends Michel and Vincent, with completely opposite views when it comes to women, soon discover the limits of their respective techniques when they meet Angèle and Nathalie.",The Perfect Date (2010),143870,3.5,0.7
46713,Hunt to Kill,2010-10-11,5.6,"Action, Adventure, Thriller","Steve Austin, Eric Roberts, Emilie Ullerup, Marie Avgeropoulos, Gil Bellows",Keoni Waxman,"U.S. Border Patrol agent Jim Rhodes is a tough divorcée mourning the loss of his murdered partner while struggling to raise his rebellious daughter in the mountains of Montana. But when a crew of trigger-happy fugitives takes Rhodes and his daughter hostage, the rugged wilderness will explode in all-terrain vengeance. Is there any wounded animal more dangerous than a lawman left for dead?",Hunt to Kill (2010),143880,3.05,0.61
108614,The Seminarian,2010-08-01,4.604,Drama,"Mark Cirillo, Linda J. Carter, Philip Willcox, Alex Matute, Javier Montoya",Joshua Lim,"The Seminarian is a story about Ryan, a closeted gay student in his final semester of seminary studies. Despite his school's hostile stance towards homosexuality, Ryan has two gay classmates - Gerald and Anthony - in whom he secretly confides. He is also close to his religiously devout mother who, as things stand, is unaware of his sexual orientation. Ryan needs to complete a solid theological thesis in order to continue doctoral work at the university of his dreams. As he works on his thesis 'The Divine Gift of Love,' Ryan begins a relationship with Bradley - a guy he has met on the Internet who seems perpetually unable to commit himself. Ryan confides in Gerald and Anthony, only to learn about their romantic struggles as well. Consequently, Ryan questions his views on God's gift of love.",The Seminarian (2010),144220,2.25,0.45
58959,A Better Tomorrow,2010-09-16,6.049,"Drama, Action, Thriller","Ju Jin-mo, Song Seung-heon, Kim Kang-woo, Jo Han-sun, Kim Hae-gon",Song Hae-sung,"An idealistic policeman must bring down his estranged older brother, now a powerful gangster in a South Korean port city.","Better Tomorrow, A (Moo-jeok-ja) (2010)",144282,3.4642857142857144,0.6928571428571428
50479,Avalon High,2011-01-28,6.174,"Fantasy, Family, Drama, TV Movie","Britt Robertson, Gregg Sulkin, Joey Pollari, Devon Graye, Molly C. Quinn",Stuart Gillard,"Elaine ""Ellie"" Harrison has just moved from Minnesota to Annapolis, Maryland while her parents take a year-long sabbatical to continue their medieval studies in nearby Washington D.C. Her new high school, Avalon High, seems like a typical high school with the stereotypical students: Lance the jock, Jennifer the cheerleader, Marco, the bad boy/desperado, and Will, the senior class president, quarterback, and all around good guy. But not everyone at Avalon High is who they appear to be, not even Ellie herself. Eventually, it becomes apparent that Avalon High is a situation where the ancient Arthurian legend is repeating itself.",Avalon High (2010),144298,3.3863636363636362,0.6772727272727272
41980,Once a Gangster,2010-05-20,6.4,"Action, Comedy, Crime","Ekin Cheng, Jordan Chan Siu-Chun, Michelle Ye Xuan, Alex Fong Chung-Sun, Candice Yu On-On",Felix Chong Man-Keung,"Roast Pork joins the triad as a young man and ends up becoming a trusted lieutenant of boss Kerosene. However, his true passion is in his successful chain of restaurants, his loving wife, and his two children. So when Kerosene wants to promote his trusted right hand man to the top of the organization as a way to take on his financial debts, it's understandable why Roast Pork would want to refuse. Roast Pork comes up with an intricate scheme with his men that would take himself out of the running, but Kerosene's intervention causes it to fail. When all hopes appears to be lost, lifelong gangster Sparrow is released from jail after serving a 20-year sentence for committing a gang-related murder that earned him a guarantee for the leader spot. However, Sparrow has made his own plans to stay out of the gang, setting off a battle of wits between the two men.",Once a Gangster (2010),144334,3.65,0.73
56578,Troubleshooter,2010-09-12,6.8,"Action, Crime, Drama","Sul Kyung-gu, Lee Jung-jin, Oh Dal-su, Ju Jin-mo, Lee Sung-min",Kwon Hyeok-jae,"Kang Tae-sik is a private detective who would do anything for money. One day, he gets framed for a murder by a ruthless boss of the criminal underworld and a mysterious caller watches and controls his every move. He must use a wide array of techno-gadgetry at his disposal to clear himself and exact revenge within 24 hours given to him.",Troubleshooter (2010),144342,3.5,0.7
61062,The Unjust,2010-10-28,6.6,"Crime, Thriller","Hwang Jung-min, Ryoo Seung-bum, Yoo Hai-jin, Cheon Ho-jin, Don Lee",Ryoo Seung-wan,An honest cop has to compromise with his principles when he is told to find a scapegoat for a high-profile serial killer case in exchange for a big promotion.,The Unjust (2010),144362,3.2777777777777777,0.6555555555555556
44245,Triple Tap,2010-06-30,6.4,"Action, Thriller, Mystery, Adventure","Louis Koo, Daniel Wu, Charlene Choi Chuek-Yin, Li Bingbing, Chapman To Man-Chat",Derek Yee,"Champion competitive marksman Ken comes across an armored van robbery. He sees a policeman held hostage and shoots and kills four of the robbers. One of the robbers escapes and the policeman survives. The case is handled by Jerry Chang, whom Ken knows from having recently beaten him in a shooting match. Ken is found not guilty in court. Soon after, Ken is attacked by the escaped robber Pang Tao. Their confrontation reveals a very different background story and brings about a myriad of lies and traps and changes in relationships as Jerry and Ken try to outsmart each other.",Triple Tap (2010),144368,3.45,0.6900000000000001
55758,Midnight FM,2010-10-14,6.893,"Thriller, Crime, Action","Soo Ae, Yoo Ji-tae, Don Lee, Jeong Man-sik, Choi Song-hyun",Kim Sang-man,"Popular TV anchorwoman & late night DJ Ko Sun-young set to host her final radio program. During the show, she receives a startling text message instructing her to follow specific directions or endanger the lives of her family.",Midnight FM (2010),144444,3.676470588235294,0.7352941176470588
68252,Haunters,2010-11-10,6.322,"Thriller, Science Fiction, Action","Gang Dong-won, Go Soo, Enes Kaya, Abu Dodd, Jung Eun-chae",Kim Min-suk,"Cho-in has special powers that allow him to control everyone he can see, that is until he meets Kyu-nam, the only person he can't control. A series of events begins a confrontation that pushes both men to the brink.",Haunters (2010),144500,3.1842105263157894,0.6368421052631579
58679,"The Butcher, the Chef, and the Swordsman",2011-03-17,5.4,"Comedy, Action, Adventure","Masanobu Ando, Zhang Yuqi, Liu Xiao-Ye, Han Pengyi, Dong Li-Fan",Wuershan,"A tale of revenge, honor and greed follows a group of misfits that gets involved with a kitchen cleaver made from the top five swords of the martial arts world in this wild and brash action comedy.","The Butcher, the Chef, and the Swordsman (2010)",144558,2.5,0.5
34777,Bad Blood,2010-01-21,5.3,"Action, Thriller","Simon Yam, Andy On, Bernice Liu, Chris Lai, Ken Lo Wai-Kwong",Dennis Law Sau-Yiu,"When the boss of a ruling Hong Kong triad is arrested and executed in China for counterfeiting money, mayhem ensues as the mob's leading contenders circle the throne.",King of Triads (2010),144564,2.25,0.45
50210,Man of Vendetta,2010-07-01,6.4,"Thriller, Action","Kim Myung-min, Kim So-hyun, Uhm Ki-joon, Park Joo-mi, Lee Byung-joon",Woo Min-ho,"A respected pastor is shattered when his daughter is kidnapped and not returned. He renounces his faith in God and becomes a corrupt businessman. Years later, he receives a call and finds that his daughter is still alive and is with the kidnapper. His resolute attempt to rescue her begins.",Man Of Vendetta (2010),144566,3.0,0.6
42380,Gallants,2010-06-04,6.48,"Action, Comedy","Wong Yau-Nam, Chen Kuan-Tai, Bruce Leung Siu-Lung, Teddy Robin, JJ Jia","Clement Cheng Si-Kit, Derek Kwok Chi-Kin","Master Law awakes from a 30-year coma without memories, but his martial arts skills are intact. His renowned kung fu academy is now a teahouse, and greedy developers are trying to steamroll it to make way for condos",Gallants (2010),144574,3.1785714285714284,0.6357142857142857
52441,Parallel Life,2010-02-18,6.2,"Action, Thriller, Mystery","Ji Jin-hee, Lee Jong-hyuk, Yoon Se-a, Park Byung-eun, Ha Jung-woo",Kwon Ho-young,"A young man finds out that he is living a completely identical life to another man who lived decades ago. And when his wife is murdered the same way as the previous man's, he decides to dig into the older case to find clues about who was the murderer this time.",Parallel Life (2010),144586,3.1818181818181817,0.6363636363636364
40025,Black Ransom,2010-01-07,5.9,"Action, Crime, Thriller","Simon Yam, Michael Miu Kiu-Wai, Fala Chen, Andy On, Kenny Wong Tak-Ban","Venus Keung, Wong Jing","A powerful triad boss has been kidnapped, and the new police superintendent Koo decides to recruit the help of Mann, a former supercop who has since been relegated to back-up duty. Mann has his work cut out for him when he realizes his opponent is Sam, a former cop with plenty of grudges. When Sam takes the fight to Mann’s family, Mann is more than determined to bring down the dangerous kidnapper and his gang.",Black Ransom (2010),144598,3.0,0.6
113377,Freedom Riders,2010-02-01,7.6,"Documentary, History","Raymond Arsenault, Genevieve Houghton, Gordon Carey, Derek Catsam, John Lewis",Stanley Nelson,"This is the story of more than four hundred Americans who participated in a bold and dangerous experiment designed to awaken the conscience of a complacent nation. These self-proclaimed, 'Freedom Riders' challenged the mores of a racially segregated society by performing a disarmingly simple act.",Freedom Riders (2010),144670,3.6666666666666665,0.7333333333333333
160106,Škola princů,2010-01-18,4.0,Family,"Matouš Ruml, Sarah Haváčová, Pavel Liška, Jiří Lábus, Oldřich Navrátil",Roman Vávra,"In a kingdom lived Prince Peter, who was far too kind-hearted. Such an obedient boy could hardly ascend the throne, and so his father, the king, had considerable concerns about this.",Škola princů (2010),144958,3.5,0.7
228221,The Edge of Dreaming,2010-11-12,4.8,Documentary,,Amy Hardie,"This is the story of a rational, skeptical woman, a mother and wife, who does not remember her dreams. Except once, when she dreamed her horse was dying. She woke so scared she went outside in the night. She found him dead. The next dream told her she would die herself, when she was 48.",The Edge of Dreaming (2010),144990,3.25,0.65
84094,Railways,2010-05-29,7.0,Drama,"Kiichi Nakai, Reiko Takashima, Yuika Motokariya, Shiro Sano, Tomoko Naraoka",Yoshinari Nishikôri,"A heartwarming tale about the turning point in the life of an elite business man in his fifties and a local train that has been running since 1911. Hajime is in line to be the next head of a prominent electronics company. He toils day and night over his work and has no time for his family. But one day, his mother in Shimane falls ill, and his best friend dies in an accident. Grief-stricken, Hajime returns home, where memories of his childhood dream come back to him. He had always wanted to be a train conductor and drive the local ""bataden"" Ichibata Electric Railway.",Railways (2010),145046,2.5,0.5
56623,Ao: The Last Hunter,2010-01-29,5.68,"Adventure, History","Helmi Dridi, Vesela Kazakova, Aruna Shields, Simon Paul Sutton, Yavor Veselinov",Jacques Malaterre,"When his clan, including his wife and baby girl Néa, are massacred, Ao, a desperate Neandertal man, decides to leave the North country where he has been living for the South where he was born. His aim is to join his twin brother, from whom he was separated when he was nine. On his long and adventurous way home, he meets Aki, a Homo Sapiens woman...","Ao, The Last Neanderthal (2010)",145052,3.5,0.7
44224,Bear,2010-06-04,4.5,"Horror, Action, Thriller","Patrick Scott Lewis, Katie Lowes, Brendan Michael Coughlin, Mary Alexandra Stiefvater",Roel Reiné,"Two young couples are driving through a remote forest when their car breaks down. When a run-in with a curious grizzly bear ends up with the bear being shot to death, the bear's mate arrives on the scene and vengefully attacks their van. The couples are trapped inside the disabled car and must come up with clever ways to survive. As they battle the surprisingly intelligent creature, and contemplate their uncertain fate, secrets begin to emerge that threaten to tear the group apart before the bear does.",Bear (2010),145220,1.1666666666666667,0.23333333333333334
49347,Needle,2010-06-04,5.1,"Horror, Thriller, Mystery","Travis Fimmel, Ben Mendelsohn, Murray Bartlett, Michael Dorman, Jane Badler",John V. Soto,"College student Ben inherits a curious old mechanical box that churns out voodoo dolls. When a shadowy figure starts using the box to murder Ben's friends, he must find the killer.",Needle (2010),145281,2.625,0.525
44037,Lake Placid 3,2010-10-06,5.048,"Horror, Action, Science Fiction, Thriller","Colin Ferguson, Yancy Butler, Kirsty Mitchell, Kacey Barnfield, Michael Ironside",Griff Furst,"A game warden moves his family to Lake Placid, once the site of deadly crocodile attacks. Locals assure him the crocs are gone, but his mischievous young son finds a few baby crocs and begins feeding them. They quickly grow into very big adults and start attacking the game warden's family and nearby town.",Lake Placid 3 (2010),145522,1.7727272727272727,0.35454545454545455
56663,Paul McCartney Really Is Dead: The Last Testament of George Harrison,2010-09-01,4.8,Documentary,"Paul McCartney, John Lennon, George Harrison, Ringo Starr",Joel Gilbert,"In the summer of 2005, a package arrived at the Hollywood offices of Highway 61 Entertainment from London with no return address. Inside were two mini-cassette audio tapes dated December 30, 1999 and labeled ""The Last Testament of George Harrison"". A voice eerily similar to Harrison's tells a shocking story: Paul McCartney was killed in a car crash in November of 1966 and replaced with a double!",Paul McCartney Really Is Dead: The Last Testament of George Harrison (2010),145743,2.5,0.5
62871,A Distant Neighborhood,2010-05-20,7.1,"Drama, Fantasy, Comedy","Léo Legrand, Pascal Greggory, Jonathan Zaccaï, Alexandra Maria Lara, Evelyne Didi",Sam Garbarski,"Thomas, a father in his fifties, returns by chance to the town where he grew up. He collapses and wakes up forty years earlier in the body of his teenage self. Thrown back into his past, Thomas will not only have to re-live his first love, but also try to understand the reasons for his father’s mysterious departure. Can you change the past by living it again?",Quartier Lointain (2010),146046,3.566666666666667,0.7133333333333334
114564,Shikshanachya Aaicha Gho,2010-01-15,5.333,Comedy,"Bharat Jadhav, Siddharth Jadhav, Sachin Khedekar, Saksham Kulkarni, Mahesh Manjrekar",Mahesh Manjrekar,"Shikshanacha Aaicha Gho is a 2010 Indian Marathi film directed by Mahesh Manjrekar starring Sachin Khedekar, Bharat Jadhav, Saksham Kulkarni, Gauri Vaidya, Siddharth Jadhav and Kranti Redkar. The film was released on 15 January 2010.[2] Films music composed by trio Ajit-Atul-Sameer. After Astitva with 9 years long gap Mahesh Manjrekar directed Marathi film.This film was later remade in Tamil & Telugu as Dhoni and in Bengali as ""Chalo Paltai"" starring Prosenjit Chatterjee.",Shikshanachya Aaicha Gho (2010),146084,1.5,0.3
224714,Kshanbhar Vishranti,2010-04-09,6.2,,"Bharat Jadhav, Sonalee Kulkarni, Maulik Bhatt, Hemant Dhome, Shubhangi Gokhale",Sachit Patil,"In today's hectic world, what everyone really needs is a moment of respite.",Kshanbhar Vishranti (2010),146086,1.0,0.2
337456,Agadbam,2010-10-08,4.0,Comedy,"Makarand Anaspure, Trupti Bhoir, Usha Nadkarni, Chitra Navathe, Tejaswi Patil",Satish Motling,"The Devkule family comprises of various ""interesting"" characters. A visually impaired Grandmother, who doesn't want to accept her condition but always wears glasses and pretends that she can see everything, Raiba's father who is long dead, keep's making appearances to remind his wife about the promise he made his friend while he was alive. Paru alias Parvati Tai, who despite having proper sight, is a victim of blind faith. Apart from being a possessive mother she keeps arguing with her son regarding marriage. The jewel in the crown of Devkule family is Raiba, the most eligible bachelor; he is ready to tie the knot with any girl but his aspirations are very high. He wishes for a spacious house, a big car and a fat salary. What happens when he gets everything HUGE in life? The drama unfolds when Raiba's large dreams come true because of his father's promise.",Agadbam (2010),146088,1.0,0.2
90992,Toilet,2010-08-28,5.6,"Drama, Comedy","Masako Motai, Alex House, Tatiana Maslany, David Rendall, Stefanie Drummond",Naoko Ogigami,A 30-something Gundam fan and engineer is forced to live with his recluse brother Maury and younger sister Lisa to take care of their Japanese grandmother after their mother's funeral.,Toilet (2010),146311,3.4,0.6799999999999999
43409,Traceless,2010-03-10,6.25,Crime,"Benoît Magimel, François-Xavier Demaison, Julie Gayet, Léa Seydoux, Jean-Marie Winling",Grégoire Vigneron,"Étienne Meunier (Benoît Magimel) is a young executive who has everything going for him. His career is skyrocketing and he is about to become #1 at work, he is married to a picture-perfect wife, has a dream home and money. To top it off, he's charming, healthy and everyone likes him and seems to consider him ""a great guy"". But beneath the surface, not everything is perfect. Meunier feels some pressure at work, knowing others eye his future position and he and his wife have been unable to have children so far. One day, Meunier bumps into a childhood friend, Patrick Chambon (François-Xavier Demaison) and the two resume their friendship, despite Chambon having struggled as a petty criminal.",Traceless (2010),146325,3.625,0.725
60695,Sundays at Tiffany's,2010-12-06,6.441,"Drama, Romance, TV Movie","Alyssa Milano, Eric Winter, Kristin Booth, Emily Alyn Lind, Ivan Sergei",Mark Piznarski,"Jane, a soon-to-be-married woman, is reunited with her imaginary friend Michael who returns in a human form. Soon, Jane begins doubting her feelings for her fiance as she gets attracted to Michael.",Sundays at Tiffany's (2010),146666,4.25,0.85
70448,All About Evil,2010-05-01,5.9,"Horror, Comedy","Natasha Lyonne, Thomas Dekker, Cassandra Peterson, Mink Stole, Noah Segan",Joshua Grannell,"A mousy librarian inherits her father's beloved but failing old movie house. In order to save the family business, she discovers her inner serial killer — and a legion of rabid gore fans — when she starts turning out a series of grisly shorts. What her fans don't realize yet is that the murders in the movies are all too real…",All About Evil (2010),146694,3.0,0.6
53807,"Bruce Lee, My Brother",2010-11-25,6.9,"Action, Drama","Aarif Rahman, Tony Leung Ka-fai, Christy Chung Lai-Tai, Jennifer Tse Ting-Ting, Zhang Yishan","Raymond Yip Wai-Man, Manfred Wong Man-Chun","An action-dramatic biopic of the eponymous martial arts legend as told by his younger brother, Robert Lee. It revolves around Bruce Lee's life as a rebellious adolescent in Hong Kong before he sets off for the USA and conquers the world at the age of 18 with only $100 in his pocket.","Bruce Lee, My Brother (2010)",146698,3.0,0.6
50652,A Nanny for Christmas,2010-11-23,5.468,"Comedy, Family, TV Movie","Emmanuelle Vaugier, Sierra McCormick, Jared Gilmore, Cynthia Gibb, Richard Ruccolo",Michael Feifer,Ally is a smart young career woman who needs a new job. Samantha is a busy Beverly Hills advertising executive/mom whose too-well-mannered kids need some fun in their lives. And Danny Donner is the tough-guy owner of a chocolate company who wants a major ad campaign immediately. Could it all somehow lead to the Christmas that changes everyone's lives forever?,A Nanny for Christmas (2010),146726,4.0,0.8
42579,Il figlio più piccolo,2010-02-19,5.6,Drama,"Christian De Sica, Laura Morante, Luca Zingaretti, Nicola Nocella, Sydne Rome",Pupi Avati,"Ruthless businessman Luciano reconnects with his estranged family from a previous marriage, only to use their youngest son, awkward and starry-eyed Baldo, as the fall guy for his failing endeavor.",Il figlio più piccolo (2010),146858,1.75,0.35
56922,A Second Childhood,2010-10-08,6.7,Drama,"Fabrizio Bentivoglio, Francesca Neri, Lino Capolicchio, Manuela Morabito, Erika Blanc",Pupi Avati,"Lino and Chicca are an aging, childless middle-class couple whose life is disrupted after he's diagnosed with Alzheimer's disease.",A Second Childhood (2010),146860,0.5,0.1
51285,PG 16...,2010-09-16,5.684,"Romance, Comedy, Drama","Lyanka Gryu, Anna Starshenbaum, Pavel Priluchnyy, Dmitriy Kubasov, Oleksiy Horbunov",Andrey Kavun,"Kir, Leya, Dasha and Max are student. Almost every experience is for a first time to them - first love, first disappointment, first betrayal...",PG 16... (2010),146910,3.25,0.65
117340,Hello Lonesome,2010-06-01,6.2,"Drama, Comedy, Romance",,Adam Reid,"Lonely since his wife left him and alienated from his daughter, a cantankerous voice-over artist strikes up an unlikely friendship with his regular deliveryman. Many suburbs away, an elderly widow loses her license to drive and turns to her wry younger neighbor for nostalgic cuddles and comfort. Meanwhile, a young urban sports fanatic meets a girl online and unexpectedly falls in love, though the trials the couple endure prove even more unexpected. Adam Reid's enchanting, compassionate debut weaves together the worlds of six lonely individuals as they negotiate the age-old process of giving and receiving love. It isn't easy, and it never happens the way they expect it, but for these isolated souls, there's an oddball magic in the way they make connections they never imagined.",Hello Lonesome (2010),147014,3.8333333333333335,0.7666666666666667
54525,Secrets in the Walls,2010-11-24,5.661,"Horror, Thriller, TV Movie","Jeri Ryan, Kay Panabaker, Peyton List, Marianne Jean-Baptiste, Ian Kahn",Christopher Leitch,"A single mom and her two daughters move from their cramped Detroit apartment to a large house in the suburbs, but scratching, cries and shadows haunt their new home.",Secrets in the Walls (2010),147396,2.1666666666666665,0.4333333333333333
46734,Eva,2010-08-01,6.3,"Drama, Romance","Amy Beth Hayes, Patrick Bergin, Dustin Milligan, Maia Morgenstern, Vincent Regan",Adrian Popovici,Eva meets Tudor on the day of her 16th birthday. It is Tudor who is to make her feel whole as a woman. He becomes for her a source of both love and suffering through his constant mysterious departures and reappearances.,Eva (2010),147584,3.75,0.75
44951,Beneath the Blue,2010-11-16,5.1,Drama,"Paul Wesley, Caitlin Wachs, David Keith, Michael Ironside, Ivana Miličević",Michael D. Sellers,Dolphin experts confront the US Navy when its sonar program is suspected of causing the animals' deaths.,Beneath the Blue (2010),147586,3.0,0.6
51403,Bibliothèque Pascal,2010-06-08,6.067,Drama,"Török-Illyés Orsolya, Andi Vasluianu, Shamgar Amram, Răzvan Vasilescu, Oana Pellea",Szabolcs Hajdu,"A single mother's struggle to support her child leads her into the surreal netherworld of illegal sexual enterprises, with her finally ending up in the Bibliothèque Pascal; an elegant but bizarre house of prostitution in which men can re-enact sexual scenarios inspired by great works of literature for a hefty fee.",Bibliothèque Pascal (2010),147613,3.9444444444444446,0.788888888888889
65020,The Taint,2011-10-08,4.275,"Action, Comedy, Horror","Drew Bolduc, Colleen Walsh, Cody Crenshaw, Kenneth Hall, Gabriella Herzberg","Drew Bolduc, Dan Nelson","The water is tainted. The Taint poisons the minds of men. It turns them into raging misogynists: monsters who want nothing more than to crush women's heads with rocks (or other objects). When society is transformed into a land of sadistic violence and horrible brutality, it is up to Phil O'Ginny and his hot friend, Misandra, to combat the horrible evil that is The Taint. Can they survive a world brimming with castration and endless head crushing?!",The Taint (2010),147748,3.3333333333333335,0.6666666666666667
39446,At Risk,2010-05-19,4.447,"Crime, Mystery, TV Movie","Andie MacDowell, Daniel Sunjata, Ashley Williams, Annabeth Gish, Diahann Carroll",Tom McLoughlin,"Detective Win Garano is asked to reopen a twenty-year-old murder case, and soon finds himself endangered by the political ambitions of a district attorney.",At Risk (2010),147783,0.5,0.1
52255,"Bi, Don't Be Afraid",2011-03-18,5.313,Drama,"Thanh Minh Phan, Thi Kieu Trinh Nguyen, Nguyen Ha Phong, Trần Tiến, Hoa Thúy",Phan Đăng Di,"In an old house in Hanoi, Bi, a 6-year-old child lives with his parents, his aunt and their cook. His favorite playgrounds are an ice factory and the wild grass along the river. After being absent for years, his grandfather, seriously ill, reappears and settles at their house. While Bi gets closer to his grandfather, his father tries to avoid any contact with his family. Every night, he gets drunk and goes and see his masseuse, for whom he feels a quiet strong desire. Bi's mother turns a blind eye on it. The aunt, still single, meets a 16-year-old young boy in the bus. Her attraction to him moves her deeply.","Bi, Don't Be Afraid (2010)",147839,4.0,0.8
32926,Recep Ivedik 3,2010-02-12,4.601,Comedy,"Şahan Gökbakar, Zeynep Çamcı, Vahdet Çakar, Ayhan Işık, Cihan Culfa",Togan Gökbakar,"Recep Ivedik has been depressed since the death of his grandmother. Everyone who tries to help him fails. A young girl named Zeynep, who can't find an apartment, stays with Recep. Initially, the two can't stand each others but after a while, they grow close. Despite many adventures together, Recep's depression won't go away. That is until he experiences something he had never experienced before.",Recep İvedik 3 (2010),147899,3.2,0.64
51269,A Man from Boulevard des Capucines,2010-07-08,2.1,Comedy,"Elizaveta Boyarskaya, Alexander Adabashyan, Mariya Mironova, Aleksei Buldakov, Evgeniy Miller",Alla Surikova,A comedy about Masha First (the grand-granddaughter of Johnny First) who comes to Russia from USA trying to make her own movie.,A Man from Boulevard des Capucines (2010),147988,0.7,0.13999999999999999
84520,The Bunny Game,2011-10-19,4.693,"Horror, Drama","Rodleen Getsic, Norwood Fisher, Gregg Gilmore, Paul Ill, Jeff F. Renfro",Adam Rehmeier,A prostitute looking for her next meal hitches a ride with a trucker that leaves her praying for her next breath.,The Bunny Game (2010),148034,1.6666666666666667,0.33333333333333337
262742,Pastor Shepherd,2010-04-16,3.5,Comedy,"Don Worley, Danny Trejo, Maria-Elena Laas, Diane Hruska, Josh Perry",Edwin L. Marshall,The tale of a down-on-his-luck freeze-dried-pet-salesman and his journey to become the first-ever-cyber-evangelist.,Pastor Shepherd (2010),148264,5.0,1.0
32206,Quantum Apocalypse,2010-02-24,3.8,"Science Fiction, TV Movie, Mystery, Drama","Jenna Craig, Gigi Edgley, Stephanie Jacobsen, Rhett Giles, Kristen Quintrall",Justin Jones,A group of talented but rebellious 'rock-star scientists' find themselves in a race against time to save Earth when a comet makes an unexpected turn towards our blue planet where all life may cease to exist within days if our small town heroes fail to find a solution.,Quantum Apocalypse (2010),148412,2.0,0.4
277069,No Tomorrow,2010-01-01,0.0,Documentary,,"Roger Weisberg, Vanessa Roth","After being profiled in the film AGING OUT, Risa Bejarano, a foster care success story, was brutally murdered. NO TOMORROW poses a difficult question: What role did the filmmakers previous documentary play in this chilling death penalty trial?",No Tomorrow (2010),148464,4.5,0.9
59426,To Live,2010-11-11,6.472,"Action, Drama, Mystery","Sergei Belyayev, Denis Shvedov, Sergey Sosnovsky, Konstantin Strelnikov, Vladislav Toldykov",Yury Bykov,"Early autumn, godforsaken Russian countryside. A local hunter Michail witnesses a skirmish in the middle of the forest - three men want to kill the forth, Andrey. Kind-hearted Michail helps Andrey escape and together they run from the villains who chase them. Thus, two totally different men start a long and dangerous journey together, constantly arguing with each other regarding their ideology, morals and opinions about life. But life will put everything on its place and make the men understand who they really are.",Zhit (2010),148838,3.8181818181818183,0.7636363636363637
62684,Snowman's Land,2010-09-19,6.1,"Thriller, Comedy, Crime","Jürgen Rißmann, Thomas Wodianka, Reiner Schöne, Eva-Katrin Hermann, Waléra Kanischtscheff",Tomasz Thomson,"When the wife of a crime boss is accidentally killed, the hit man who was hired to protect the remote house in which she was living tries to keep her death under wraps. Fearing vengeance from the gangster, he's soon locked in a fight for survival.",Snowman's Land (2010),148842,4.333333333333333,0.8666666666666666
64655,Archipelago,2011-03-04,5.7,Drama,"Tom Hiddleston, Lydia Leonard, Kate Fahy, Amy Lloyd, Christopher Baker",Joanna Hogg,Deep fractures within a family dynamic begin to surface during a getaway to the Isles of Scilly.,Archipelago (2010),148859,3.1666666666666665,0.6333333333333333
179308,Die Akte Golgatha,2010-06-29,6.0,Adventure,"Marco Girnth, Katharina Schüttler, Nina Hartmann, Helmfried von Lüttichau, Rolf Kanies",Zoltan Spirandelli,"Archaeologist Schlesinger is convinced that he has discovered the mortal remains of Jesus Christ. Because the discovery would shake Christianity, a fundamentalist order ensures that the man cannot enjoy his theory for long. With the involuntary help of an attractive surgeon, Schlesinger's daughter Felicia wants to ensure that the truth comes to light; a life-threatening mission.",Die Akte Golgatha (2010),148913,3.0,0.6
52776,72 Tenants of Prosperity,2010-02-11,5.019,Comedy,"Jacky Cheung Hok-Yau, Eric Tsang Chi-Wai, Anita Yuen Wing-Yee, Bosco Wong Chung-Chak, Linda Chung Ka-Yan","Eric Tsang Chi-Wai, Chung Shu-Kai, Patrick Kong","Kung and Kin's rivalry goes way back to the seventies when they fought over the same girl, who eventually became Kung's wife. Now they run competing phone stores right across from each other on Mongkok's busiest street, and stretch their minds trying to outdo each other with crazy promotions.",72 Tenants of Prosperity (2010),148950,1.75,0.35
80041,The Runway,2010-07-10,6.1,"Drama, Comedy","Demián Bichir, Kerry Condon, James Cosmo, Jamie Kierans, Donncha Crowley",Ian Power,"The Runway is inspired by the true story of a South American pilot who landed his plane near Mallow, in 1983. Against all odds, the people of the town came together to build a runway to get him home and briefly caught the imagination of the nation. It is the story of Paco, a young boy without a father who adopts the pilot and convinces the town to build a runway to get him home.",The Runway (2010),149122,4.0,0.8
63160,Successful Alcoholics,2010-01-22,6.4,Comedy,"Lizzy Caplan, T.J. Miller, Nick Kroll, Matt Braunger, Fred Goss",Jordan Vogt-Roberts,"Drake and Lindsay are successful alcoholics who may need to rethink their definition of ""success.""",Successful Alcoholics (2010),149322,3.0,0.6
58550,Memoirs of a Teenage Amnesiac,2010-03-27,5.4,"Drama, Romance","Maki Horikita, Kenichi Matsuyama, Yuya Tegoshi, Anton Yelchin, Emma Roberts",Hans Canosa,"Diving to save a camera from a fall down a flight of stairs, high school junior Naomi Sukuse wakes with no memory of the last four years. Naomi must remember who she was and figure out who she wants to be in this story of love and second chances.",Memoirs of a Teenage Amnesiac (2010),149430,2.5,0.5
64882,Finding Mr. Destiny,2010-12-08,6.7,"Comedy, Romance","Lim Soo-jung, Gong Yoo, Cheon Ho-jin, Jeon Su-gyeong, Ryu Seung-su",Jang Yoo-jung,A man sets up the First Love Agency to help people locate their long-lost first love. But then he ends up falling in love with his first client.,Finding Mr. Destiny (2010),149440,4.166666666666667,0.8333333333333334
61888,Villain,2010-09-11,6.6,"Crime, Drama","Eri Fukatsu, Satoshi Tsumabuki, Masaki Okada, Hikari Mitsushima, Sansei Shiomi",Lee Sang-il,"Shimizu Yuichi is a shy and lonely day laborer looking for love. He aimlessly spends time corresponding with girls via telephone dating services and going on random encounters with girls looking for spending cash. His world is shattered one day when he is involved in the murder of one of his former encounters, the sweet-faced Ishibashi Yoshino who, after being jilted by playboy Masuo Keijo, berates and mocks the troubled loner.",Villain (2010),149442,3.2,0.64
63465,Petty Romance,2010-12-01,6.2,"Comedy, Romance, Drama","Lee Sun-kyun, Choi Kang-hee, Oh Jung-se, Ryu Hyun-kyung, Baek Do-bin",Kim Joung-hoon,"A comic artist and an unemployed sex columnist are trying to work together in order to win a lucrative comic-book competition. An adult cartoon contest is announced offering a W130 million prize. Da-Rim (Choi Gang-Hee) does translation work for an adult magazine. Da-Rim wants to become a writer. Due to her creativity, Da-Rim is always making mistakes and gets fired by company. Talented cartoonist Jung-Bae (Lee Sun-Kyun) is constantly turned down by publishing companies because of his poor story lines. The two, who seemed perfectly matched, team up for the adult cartoon contest. Trouble is set to brew ...",Petty Romance (2010),149446,2.5,0.5
138853,Ghost,2010-11-13,5.2,"Mystery, Drama, Fantasy","Nanako Matsushima, Song Seung-heon, Sawa Suzuki, Kirin Kiki",Tarō Ōtani,"Nanami Hoshino, a wealthy entrepreneur, marries potter Kim Jun-ho, and they both live a seemingly happy life until Nanami is killed by a biker on her way home. Now a ghost whose presence cannot be seen, she realizes that her death was no coincidence and seeks help from the elderly psychic Unten in hopes of saving Jun-ho's life.",Ghost (2010),149454,5.0,1.0
56232,The Seaside Motel,2010-06-05,6.2,"Comedy, Romance","Toma Ikuta, Kumiko Aso, Takayuki Yamada, Tetsuji Tamayama, Riko Narumi",Kentaro Moriya,"The Seaside Motel is trapped in the mountains, without even enough water to serve their guests 24 hours a day, much less having a view of a body of water of any kind.",The Seaside Motel (2010),149464,2.5,0.5
67560,Yuriko's Aroma,2010-05-08,5.8,"Drama, Romance","Noriko Eguchi, Shota Sometani, Noriko Kohara, Saori Hara, Jun Miho",Kōta Yoshida,"30 something year old Yuriko (Noriko Eguchi) works as a aromatherapist at an aroma salon. She uses essentials oils and her hands to soothe her client’s inner well-being. Yuriko also has a secret she can’t tell anyone; She gets incredibly turned on by the sweaty scent of a 17 year old high school student named Tetsuya (Shota Someya). Tetsuya is also the nephew of the salon owner (Jun Miho). Meanwhile, salon client Ayama (Saori Hara) asks to practice aromatherapy, but her real intent is to press her large breasts against Yuriko.",Yuriko's Aroma (2010),149466,3.1217591102962157,0.6243518220592431
49704,Love in Disguise,2010-08-12,5.5,"Romance, Comedy","Leehom Wang, Liu Yifei, Joan Chen, Hank Chen Han-Dian, Qiao Zhenyu",Leehom Wang,"Famous from an incredibly young age, DMH (Wang Lee Hom) has only ever known a celebrity pop star existence. Yet, despite all the glamour, there is still something lacking in his charmed life - true love. With the help of fellow musician and friend WZB, DMH disguised himself as a regular Joe in the hope of finding true love. While incognito, DMH and WZB stumble across the performance of a classical Chinese orchestra and DMH is immediately captivated by the melodies of the guzheng soloist, LMQ (Crystal Liu Yi-Fei), a student at the Shanghai Conservatory, whose affections lie with the accomplished but arrogant virtuoso, ZXZ. In his attempt to spend more time with LQM, DMH promises to help LQM get together with ZXZ. As DMH and LQM grow closer, it becomes increasingly difficult to conceal his identity.",Love in Disguise (2010),149492,3.1217591102962157,0.6243518220592431
50542,Under the Hawthorn Tree,2010-09-16,7.775,"Drama, Romance","Li Xuejian, Cheng Taishen, Zhou Dongyu, Sa Rina, He Xiaoyu",Zhang Yimou,"The daughter of a right-winger, schoolgirl Jing Qiu is sent to the countryside for reeducation, and tasked to help write a textbook. There she meets Lao San, a young soldier with a bright future ahead. Despite the class divide and parental disapproval, romance blooms against turbulent times.",Under the Hawthorn Tree (2010),149570,3.5,0.7
70712,Te Presento a Laura,2010-10-29,6.8,"Romance, Comedy, Drama","Martha Higareda, Kuno Becker, Adriana Barraza, Joaquín Cosío, Silvia Navarro",Fez Ortega,"This is the story of 23-year-old Laura who lives in the largest city in the world and yet feels alone. She also knows the exact date in which she'll die: April 30. What Laura doesn't know is what she'll do from now till then, and thus she enrolls in a group of optimists, which she finds pathetic but fun. In that group she writes a list of 10 things she wants to do before she dies, some that mean a lot and some that are a lot of fun. The first thing on her list is to save a life.",Te presento a Laura (2010),149602,1.75,0.35
91067,The Ditch,2011-04-15,7.1,Drama,"Cheng Zhengwu, Niansong Jing, Xiangnian Li, Renjun Lian, Ye Lu",Wang Bing,"The film focuses on the suffering of Chinese who were imprisoned in a forced labor camp called Jiabiangou in the Gobi Desert in winter 1960 under Mao Zedong on the grounds that they were ""rightist elements"". The film tells of the harsh life of these men, who coped with physical exhaustion, extreme cold, starvation and death on a daily basis.",The Ditch (2010),149654,3.5,0.7
73976,So Hard to Forget,2010-10-15,5.515,Drama,"Ana Paula Arósio, Murilo Rosa, Natália Lage, Arieta Corrêa, Bianca Comparato",Malu De Martino,"Julia is a 35-year-old English Literature teacher struggling with depression as she tries to get her life back together again after her long, intense love affair with Antonia. Feeling totally abandoned after she and her enigmatic girlfriend broke up, Julia is thrown into a desperate, painful process. Her life and her values have been tinged with unbearable melancholy and her life's measure seems reduced to out-of-focus fragments of her memories. Her inner turmoil and conflicts hamper a process now made necessary - that of readapting to her new life. It is impossible for her to disguise her pain when she attempts to narrate emotions.",So Hard to Forget (2010),149696,1.5,0.3
63064,Buddha Mountain,2011-03-03,6.8,Drama,"Sylvia Chang, Fan Bingbing, Chen Bolin, Fei Long, Jin Jing",Li Yu,"In Chengdu, China, a retired female opera singer named Master Chang takes in a trio of young tenants into her boarding home. The tenants include a rock singer and a college student who has run away from home.",Buddha Mountain (2010),149776,2.3333333333333335,0.4666666666666667
53514,Cyrano Agency,2010-09-16,6.9,"Romance, Comedy","Uhm Tae-woong, Lee Min-jung, Choi Daniel, Park Shin-hye, Park Cheol-min",Kim Hyun-seok,"The Cyrano Agency is a dating agency which helps people who can't date to have a love life. The agency staff try helping their clients without being noticed. The agency's representatives Byeong-hoon and Min-yeong are giving their best to pair up their client, Sang-yong, with his love interest named Hee-joong. But when Byeong-hun sees Hee-joong's profile, he begins to doubt their abilities. Will ""Cyrano Agency"" succeed in their mission?",Cyrano Agency (2010),149790,3.5,0.7
52870,Parade,2010-02-20,7.1,Drama,"Keisuke Koide, Shihori Kanjiya, Karina, Tatsuya Fujiwara, Kento Hayashi",Isao Yukisada,"The story of a strange living situation in a 2LDK apartment in suburban Tokyo. There are five residents ranging in age from eighteen to twenty-eight. They are not in any way romantically involved with one another, but one can see subtle hints of affection and friendship among them. In the end, however, none of them really know each other.",Parade (2010),149810,3.3,0.6599999999999999
153717,Aschenputtel,2010-12-24,6.8,"Fantasy, Family","Emilia Schüle, Max Felder, Simone Thomalla, Johanna Paliege, Sebastian Wendelin",Susanne Zanke,"Little Marie is turned into a maid, a Cinderella, by her stepmother, while her stepsister Clothilde is pampered. One day, Prince Leonhard and his friend Peter appear, both disguised as servants, and present Clothilde with an invitation to a masked ball. Cinderella falls in love with Leonhard and fights to be allowed to go to the ball because she wants to see her supposed servant again. However, the ambitious stepmother only gives her own daughter a beautiful dress. But the magic tree on Marie's mother's grave throws down a beautiful dress. Cinderella shines at the ball and enchants the prince, but just before midnight, before the spell expires, she flees. Will the prince be able to love a Cinderella?",Aschenputtel (2010),149879,5.0,1.0
31992,Freeway Killer,2009-11-04,4.646,"Horror, Thriller, Drama, Crime","Scott Anthony Leet, Cole Williams, Dusty Sorg, Michael Rooker, Eileen Dietz",John Murlowski,"For years he terrorized California motorists as he rode the endless highways searching for his next victim. The discarded bodies turned up beaten, sexually assaulted and horribly mutilated. Deceptively charming and intelligent, the scheming murderer easily avoided police at first. But as police closed in and the killer’s pattern grew more erratic, the only question was how many more will die?",Freeway Killer (2010),149900,2.0,0.4
61935,Crazy About Ya,2010-10-20,6.0,"Romance, Comedy","Michel van Dousselaere, Lotte Heijtenis, Kevin Janssens, Veerle Baetens, Koen De Graeve",Jan Verheyen,"In Crazy About Ya, different characters meet. Sometimes their stories are closely interwoven, sometimes they just brush past each other. But sooner or later everyone runs into the hero of this story, Saint Jan. As a true sanctus ex machina he makes sure that in the end, they are all a bit crazier about each other again.",Zot van A (2010),150000,3.0,0.6
69740,Smoorverliefd,2010-12-08,5.227,,"Veerle Dobbelaere, Wine Dierickx, Marie Vinck, Koen De Bouw, Kevin Janssens",Hilde Van Mieghem,"A frank and funny romantic comedy set in Antwerp, filmed in a quirkily inventive style, Madly in Love has a lot to say about human relationships. It focuses on the four women of the Miller family: teen daughter Eva, her mother Judith, aunt Barbara and older half-sister Michelle, as they work their way through the chaos called love. The result is a roller coaster ride of first crushes, lust, affairs, baby fever, and indestructible love. The four women are beautiful, courageous and sensible, but are also sometimes a bit lost. Can their male counterparts handle this dangerous cocktail of determination and female hormones?",Smoorverliefd (2010),150004,3.0,0.6
42748,Bo,2010-02-10,4.931,Drama,"Ella-June Henrard, Laura Ballyn, Peter Bastiaensen, Mia Boels, Pierre Callens",Hans Herbots,Fifteen year old Deborah meets Jennifer who steers her into a career as an escort. Under the alias Bo she begins a new life that she cannot handle and starts a downward spiral that only she can end.,Bo (2010),150010,3.25,0.65
60775,Oxygen,2010-09-08,6.4,Drama,"Stef Aerts, Wouter Hendrickx, Marie Vinck, Anemone Valcke, Rik Verheye",Hans Van Nuffel,Two young man share an incurable illness. Is their love for the women in their lives strong enough to conquer their fear of dying?,Oxygen (2010),150012,3.4166666666666665,0.6833333333333333
56950,Frits and Freddy,2010-12-08,6.1,Comedy,"Peter van den Begin, Tom van Dyck, Tania Kloek, Wim Opbrouck, Frank Aendenboom",Guy Goossens,"Frits and Freddy Frateur are brothers who, after a confrontation with the white collar criminal Carlo Mus, kidnap his wife, Gina. The situation for the brothers goes from bad to worse as more and more people get involved, and all want a share of the ransom money.",Frits and Freddy (2010),150024,2.5,0.5
73628,Turquoise,2010-09-29,5.9,"Drama, Family, Romance","Burak Balcı, Charlotte Vandermeersch, Nihat Altınkaya, Tilbe Saran, Hilal Sönmez",Kadir Balci,"A trio of Turkish brothers immigrants find themselves torn between two lands and cultures, with roots in neither.",Turquaze (2010),150052,2.5,0.5
41518,Guzaarish,2010-11-16,7.351,"Drama, Romance","Hrithik Roshan, Aishwarya Rai Bachchan, Shernaz Patel, Aditya Roy Kapur, Suhel Seth",Sanjay Leela Bhansali,"Ethan, a magician rendered paralyzed in an accident, sets off a furor when he makes a petition to the court to end his own life.",Guzaarish (2010),150296,2.911764705882353,0.5823529411764705
37460,Raavan,2010-06-18,4.9,"Action, Adventure, Crime, Drama, Romance, Thriller","Abhishek Bachchan, Aishwarya Rai Bachchan, Vikram, Govinda, Ravi Kishan",Mani Ratnam,"A bandit leader kidnaps the wife of the policeman who killed his sister, but later falls in love with her.",Raavan (2010),150320,2.5833333333333335,0.5166666666666667
54657,Lava Kusa: The Warrior Twins,2010-10-08,7.5,Animation,"Arun Govil, Vindu Dara Singh",Dhavala Satyam,"Lava and Kusa were born to mother Sita at Sage Valmiki's hermitage. They grew up learning the essence of Ramayana and master the art of war by using divine weapons from the guidance of Sage Valmiki. The story is about their thrilling childhood experiences blended with action, comedy and enchanting magical powers. On invitation the twins set off to Ayodhya to recite Valmiki Ramayana in front of the King Rama. The twins learn that Mata Sita was sent to vanvas by Lord Rama. They return from Ayodhya with anger and rage towards lord Rama. Lord Rama performs Aswamedha yagna for the propriety of his kingdom. The twins happen to read the declaration of Lord Rama inscripted on a golden plate on the forehead on the horse, and arrests the horse. They hope that this would bring Lord Rama in front of them, so that they can question him regarding the ill treatment given to Mata Sita and to debate on Lord Rama's most acclaimed principle of dharma.",Lava Kusa-The Warrior Twins (2010),150542,1.0,0.2
57393,Africa United,2010-10-22,6.2,"Drama, Comedy, Adventure","Eriya Ndayambaje, Roger Jean Nsengiyumva, Sanyu Joanita Kintu, Yves Dusenge, Sherrie Silver",Debs Paterson,The extraordinary story of three Rwandan children who attempt to realize the dream of their life: to attend the opening ceremony of the FIFA World Cup 2010 at Johannesburg.,Africa United (2010),150546,0.75,0.15
74890,Valkaama,2010-01-01,3.0,Drama,"Matylda Baczynska, Rafał Fudalej, Michal Kocurek",Tim Baumann,"A Swedish poet, Lasse, has travelled around the world for years - alone, independently, restlessly. His heart knows no home except one that a prophecy from his childhood revealed to him: Valkaama, a mysterious place in northern Finland. Lasse always longed to settle there one day, along with Ari, a good friend bound to a wheelchair. In time, Lasses's travels have lost their youthful innocence. He decides to go on one last great journey with Ari. Meanwhile Ari gets in touch with someone who abruptly changes the perspective on his own destiny for the worse. In recent months Lasse has been living with Runa, a privileged young woman from Halmstad. Since the tragic death of her parents she has lived alone with her brother, Max. Runa has looked upon Lasse only as a friend, but as he leaves, she becomes overwhelmed by deep-set emotions. She makes a decision to find him, regardless of the consequences.",Valkaama (2010),150623,4.0,0.8
38883,Protect and Serve,2010-01-03,4.524,"Comedy, Crime, Action","Kad Merad, Clovis Cornillac, Carole Bouquet, François Damiens, Jean-Luc Couchard",Eric Lavaine,A pair of bumbling French cops team up to take on the underworld.,Protéger et servir (2010),150631,2.1666666666666665,0.4333333333333333
150054,Light of My Eyes,2010-05-10,6.775,"Romance, Comedy","Tamer Hosny, Menna Shalabi, Menna Fadali, Abeer Sabry, Saeed Abdel Ghani",Wael Ehsan,"The role of the movie is about two friends, one travels to a European country And The Other One combat To blind girl falls in love and when return to Egypt together they discover the same girl that he loves his friend and she traveled to this country to search for a way modern medical help to restore its consideration.",Light of My Eyes (2010),150671,1.75,0.35
309968,Twisted Seduction,2010-01-01,5.0,"Comedy, Thriller, Romance","Tom Broadwell, Caroline Brassard, Mikaela Davies, Dominique Adams",Dominique Adams,"Applying his computerlike mind to the subject of dating, transplanted British mathematician David Grant (Tom Broadwell) searches all of Montreal for the perfectly compatible woman. But when he finds her (Caroline Brassard), Grant goes one step further and kidnaps her. Stealing a person's heart is one thing, but holding someone hostage based merely on statistical data seems like the antithesis of romance.",Twisted Seduction (2010),151367,5.0,1.0
67198,Bloodworth,2010-02-06,6.5,"Drama, Romance","Kris Kristofferson, Val Kilmer, Hilary Duff, Reece Thompson, Dwight Yoakam",Shane Dax Taylor,"E.F. Bloodworth has returned to his home - a forgotten corner of Tennessee - after forty years of roaming. The wife he walked out on has withered and faded, his three sons are grown and angry. Warren is a womanizing alcoholic, Boyd is driven by jealousy to hunt down his wife and her lover, and Brady puts hexes on his enemies from his mamma's porch. Only Fleming, the old man's grandson, treats him with the respect his age commands, and sees past all the hatred to realize the way it can poison a man's soul. It is ultimately the love of Raven Lee, a sloe-eyed beauty from another town, that gives Fleming the courage to reject this family curse.",Bloodworth (2010),151589,3.5,0.7
50938,Hello Stranger,2010-08-19,7.3,"Comedy, Romance","Chantavit Dhanasevi, Nuengthida Sophon, Warattaya Nilkuha, Nattapong Chatpong, Pongsatorn Jongwilas",Banjong Pisanthanakun,"Two strangers meet in South Korea, each on a vacation.  When he misses his tour bus, he asks a woman if he can hang out with her for a few days.  They have fun together, but never tell each other their names.  So when the trip is over they don't know how to contact each other.",Hello Stranger (2010),151615,4.0,0.8
38677,Adhurs,2010-01-13,6.091,"Action, Comedy, Drama","N.T. Rama Rao Jr., Nayanthara, Brahmanandam, Sheela Kaur, M. S. Narayana",V. V. Vinayak,"Twin brothers who are separated at birth receive different upbringing. After they grow up, they chance upon each other when one of them gets kidnapped by hoodlums.",Adhurs (2010),151623,3.75,0.75
235450,Blood Money: The Business of Abortion,2010-05-14,10.0,Documentary,"Sandra Cano, Clenard Childress Jr., Carol Everett, Georgette Forney, Alveda King",David Kyle,Narrated by Dr. Alveda King; Bloodmoney is a documentary film that exposes the Abortion Industry from the Pro Life perspective. This film examines abortion in America; from the inception of Planned Parenthood and the profitability of abortion clinics; to the denial of when life begins; and the devastating effects it has had on the women that have had them.,Bloodmoney (2010),151701,4.0,0.8
58396,Joy,2010-04-08,6.0,Drama,"Samira Maas, Coosje Smid, Dragan Bakema, Sharon Schouten, Elisabeth Hesemans",Mijke de Jong,"Joy is an emotionally damaged young woman of eighteen, who was given up at birth, to grow up in homes and with foster families. She lives on the fringes of society, getting by on benefits and earning a little extra by playing the accordion in the subway. In addition, she is a skilled shoplifter and has never been caught.",Joy (2010),151815,2.0,0.4
35025,The Pimp,2010-02-16,5.805,Comedy,"José Garcia, Gilbert Melki, Carmen Maura, Arsène Mosca, Jo Prestia",Pascal Bourdiaux,A mild-mannered banker is forced to masquerade as a notorious gangster and pimp.,Le Mac (2010),151905,3.2916666666666665,0.6583333333333333
201643,Pit №8,2010-12-01,8.5,Documentary,,Marianna Kaat,"The eastern Ukrainian town of Snizhne, which prospered during the Soviet era when miners there were spoiled with all kinds of privileges, now lives in poverty.",Pit №8 (2010),151907,4.0,0.8
44566,Anjaana Anjaani,2010-09-24,6.0,"Comedy, Drama, Romance","Priyanka Chopra Jonas, Ranbir Kapoor, Zayed Khan, Vishal Malhotra, Joy Sengupta",Siddharth Anand,"Akash and Kiara are trying to find luck in their life after several failed attempts to be successful in their careers and in love. Fed up, they both decide to commit suicide by jumping off a bridge. However, both land up on the same bridge at the same time.",Anjaana Anjaani (2010),152011,3.25,0.65
55283,Leader,2010-02-19,6.271,"Drama, Romance","Rana Daggubati, Harshavardhan, Priya Anand, Subbaraju, Kota Srinivasa Rao",Sekhar Kammula,"Upon the death of his father, Arjun Prasad campaigns to become the CM of Andhra. He hopes to eradicate corruption from Indian Politics.",Leader (2010),152043,3.8125,0.7625
58913,WWJD: What Would Jesus Do?,2010-05-22,4.2,Family,"John Schneider, Adam Gregory, Maxine Bahns, Mark Arnold, Jim Gleason",Thomas Makowski,"The citizens of a small town lose their faith day by day. Poverty and hardships have been hard on them... when all of a sudden something changes. Their faith is reborn. And a question rises inside them: ""What would Jesus do?""",What Would Jesus Do? (2010),152161,3.1217591102962157,0.6243518220592431
124480,Father,2010-11-12,6.333,,"Luis Pescador, Mikel Goenaga",José María de Orbe,"An old empty house. The guard who takes care of it. The priest of the town. Spaces, sounds, lights and shadows. Time goes by and the memories are shown in its walls and in the most hidden nooks.",Father (2010),152320,4.0,0.8
211317,Standing Army,2010-01-10,4.8,Documentary,"Noam Chomsky, Gore Vidal, Chalmers Johnson, Olivier Bancoult, William Blum","Thomas Fazi, Enrico Parenti","Standing Army, directed by Enrico Parenti and Thomas Fazi, is an award-winning documentary film about the global network of U.S. military bases, the impact that these have on local populations, and the military-industrial complex that lies behind it.",Standing Army (2010),152330,2.875,0.575
57568,The Intruder,2010-04-29,4.8,"Horror, Thriller","Akara Amarttayakul, Kwankao Savetawimon, Apinya Sakuljaroensuk, Peerawit Bunnag, Vasana Chalakorn","Thanadol Nuansut, Thammanoon Sukulboontanom","In an old house, a man is bitten to death by a snake. The special services and the media congregate but are only able to find a few snakes. Later, a group of cobras invade the building which threatens the lives of the habitants.",The Intruder (2010),152497,2.0,0.4
47655,Hisss,2010-10-22,3.333,"Fantasy, Horror, Thriller","Mallika Sherawat, Irrfan Khan, Jeff Doucette, Divya Dutta, Raman Trikha",Jennifer Lynch,"After being diagnosed with brain cancer, a desperate American man kidnaps the reptilian lover of the snake goddess in hopes of gaining immortality.",Hisss (2010),152499,1.75,0.35
74558,The Sun Behind the Clouds: Tibet's Struggle for Freedom,2010-01-20,6.0,Documentary,Tenzin Gyatso,"Tenzing Sonam, Ritu Sarin","Fifty years after the fall of his country, can the Dalai Lama make a breakthrough in his efforts to find a solution to the Tibet question?",The Sun Behind the Clouds: Tibet's Struggle for Freedom (2010),152567,3.5,0.7
60604,Dogwood Tree,2010-08-21,7.5,"Romance, Drama","Yui Aragaki, Toma Ikuta, Osamu Mukai, Hiroko Yakushimaru, Misako Renbutsu",Nobuhiro Doi,A young girl tries to maintain a long-distance relationship with an aspiring fisherman.,Hanamizuki (2010),152597,3.0,0.6
67327,Muay Thai Warrior,2010-02-22,6.3,"Action, Drama","Seigi Ozeki, Sorapong Chatree, Winai Kraibutr, Buakaw Banchamek, Thammaros Jaichuen",Nopporn Watin,"Based on a true historic figure, Yamada Nagamasa, a Japanese adventurer who went to Ayothaya in the 16th century and became a soldier in King Naresuan's army. After the war in Burma it's restless in Ayothaya, because of a mysterious group of men that terrorizes and plunders the city. Yamada goes after them and discovers that the men are rebelious Japanese samurai. Now he has to fight his own countrymen.",The Samurai of Ayothaya (2010),152601,2.5,0.5
59944,From Me to You,2010-09-25,7.133,"Romance, Drama","Mikako Tabe, Haruma Miura, Misako Renbutsu, Mirei Kiritani, Natsuna Watanabe",Naoto Kumazawa,"Sawako Kuronuma looks miserable on the outside, but is actually a positive-minded girl, who looks up to Shota Kazehaya, a sociable and friendly boy. Perceiving Sawako's good intentions, he secretly has feelings for her. Sawako meets Kazehaya and makes her first friends, Chizuru and Ayane but in comes Kurumi proclaiming her love for him... Will Sawako and Kazehaya ever find out about each other's feelings?",From Me To You (2010),152686,3.3076923076923075,0.6615384615384615
148184,Who Killed Chea Vichea?,2010-01-01,0.0,"Documentary, History, Thriller",,Bradley Cox,"WHO KILLED CHEA VICHEA? is a highly charged murder mystery, a political thriller, and a documentary like no other.  In 2004, Cambodian union president Chea Vichea was assassinated in broad daylight at a newsstand in Phnom Penh. As international pressure mounted, two men were swiftly arrested and convicted of the crime, each sentenced to twenty years in prison. Filmmaker Bradley Cox’s five-year investigation reveals an elaborate cover-up that reaches the highest echelons of Cambodian society.  Winner of a 2011 Peabody Award among many other honors and banned by the Cambodian government, WHO KILLED CHEA VICHEA? uncovers the face of dictatorship behind the mask of democracy.",Who Killed Chea Vichea? (2010),152711,5.0,1.0
81524,Foreign Parts,2010-08-09,6.2,Documentary,,"Véréna Paravel, J.P. Sniadecki","A portrayal of a hidden enclave of auto shops and junkyards fated for demolition in the shadow of a new baseball stadium in Queens. The film observes this vibrant community of immigrants – where wrecks, refuse, and recycling form a thriving commerce – as it struggles for daily survival and contests New York City's development scheme.",Foreign Parts (2010),152747,2.6666666666666665,0.5333333333333333
219693,Dopo quella notte,2010-07-09,8.0,Drama,"Maria Grazia Cucinotta, Serena Grandi, Enrico Lo Verso, Antonella Ponziani, Francesca Ferrazzo",Giovanni Galletta,"Francesco and Elena, Roberto and Flavia, Thomas and Virginia, make up a fixed and tight-knit company for three years now, they are all living in Rome and come from good families. Elena and Francesco are two twenty-five and to be married, Roberto and Flavia are twenty years and in love with the impetus of youth; Tommaso and Virginia are two singles that have in common the fact that they feel out of lace in the world. The union of these characters will be shocked by the death of Francesco as a result of a car accident, the loss of his friend upset the lives of everyone.",Dopo quella notte (2010),153080,0.5,0.1
44436,ODDSAC,2010-08-04,5.8,"Music, Horror","Kyrian Friedenberg, Bill Haber, Rosemary Howard, Josh Dibb, Raigan Irons",Danny Perez,"Opening with torch-wielding villagers and a wall bleeding oil, this experimental film attaches vivid scenery and strange characters to the wonderful melodic wavelengths of the band Animal Collective, revitalizing the lost form of the ""visual album.""",Oddsac (2010),153300,2.9285714285714284,0.5857142857142856
56986,Khaleja,2010-10-07,7.059,Action,"Mahesh Babu, Shafi, Prakash Raj, Rao Ramesh, Anushka Shetty",Trivikram Srinivas,"A village is struck by an unknown disease, decimating its population. The village priest prophecies that god's avatar will save them. Siddha goes searching and finds this supernatural potential in Seeta Rama Raju, a cab driver.",Khaleja (2010),153907,3.9166666666666665,0.7833333333333333
61025,The Dark Side of Chocolate,2010-03-16,7.2,Documentary,,"U. Roberto Romano, Miki Mistrati","A team of journalists investigate how human trafficking and child labor in the Ivory Coast fuels the worldwide chocolate industry. The crew interview both proponents and opponents of these alleged practices, and use hidden camera techniques to delve into the gritty world of cocoa plantations.",The Dark Side Of Chocolate (2010),153957,4.125,0.825
67509,Lily Sometimes,2010-12-01,5.647,Drama,"Diane Kruger, Ludivine Sagnier, Denis Ménochet, Brigitte Catillon, Jacques Spiesser",Fabienne Berthaud,"After the death of her mother, a woman returns home to care for her sister.",Lily Sometimes (2010),154013,3.2,0.64
44425,Dabangg,2010-09-10,5.828,"Action, Comedy, Crime","Salman Khan, Sonakshi Sinha, Arbaaz Khan, Sonu Sood, Vinod Khanna",Abhinav Kashyap,A troubled relationship with his younger half-brother and stepfather compels Chulbul Pandey to become a corrupt but fearless cop whose life changes when he locks horns with a corrupt political leader.,Dabangg (2010),154075,2.8260869565217392,0.5652173913043479
44565,Khatta Meetha,2010-07-23,5.6,"Comedy, Drama","Akshay Kumar, Trisha Krishnan, Rajpal Yadav, Johny Lever, Makrand Deshpande",Priyadarshan,"The story follows Sachin Tichkule, a struggling contractor whose failure in making peace with the corrupt bureaucracy in town as well as strained relation with his ex-girlfriend and his family leads to misadventures that deprive him of his closest relations. However, as he begins to mend his ways, justice comes knocking on his door.",Khatta Meetha (2010),154077,2.4166666666666665,0.4833333333333333
44978,Golmaal 3,2010-11-05,5.5,"Comedy, Family","Ajay Devgn, Arshad Warsi, Shreyas Talpade, Tusshar Kapoor, Kunal Khemu",Rohit Shetty,"Golmaal 3 highlights the story of hatred between two bunch of siblings within a family. The family that eats together prays together, lives together, and can't stand each other.",Golmaal 3 (2010),154079,2.5833333333333335,0.5166666666666667
34144,Atithi Tum Kab Jaoge?,2010-02-26,6.3,Comedy,"Ajay Devgn, Konkona Sen Sharma, Paresh Rawal, Sanjay Mishra, Mukesh Tiwari",Ashwni Dhir,The story of a happily married couple living in Mumbai whose lives take an interesting turn when a distant relative turns up unannounced at their doorstep from a far off village.,"Dear Guest, When Will You Leave? (2010)",154081,2.857142857142857,0.5714285714285714
49028,Rakht Charitra,2010-10-21,6.8,"Action, Crime, Drama","Vivek Oberoi, Shatrughan Sinha, Abhimanyu Singh, Sushant Singh, Radhika Apte",Ram Gopal Varma,A student goes on a killing spree vowing bloody revenge for the death of his father.,Rakht Charitra I (2010),154083,3.357142857142857,0.6714285714285715
115905,Kaalo,2010-12-17,4.7,Horror,"Swini Khara, Aditya Srivastava, Aditya Lakhia, Raj Arjun, Abhijeet Satam",Wilson Louis,"The passengers of a bus are stranded by a flat tire and they face the horror of a seemingly-invincible winged Kaalo--who can not only travel under the sand but also fly, and who is determined to fulfill her deadly agenda at any cost.",Kaalo (2010),154085,1.5,0.3
347184,Sharunas Bartas: An Army of One,2010-04-20,6.2,Documentary,Šarūnas Bartas,Guillaume Coudray,"A subjective portrait of the famous Lithuanian filmmaker. The film combines interviews of Bartas, talking about his films, his creative intentions, reminiscing about the beginning of his career as a filmmaker, and Coudray’s personal opinion on the director.",Sharunas Bartas: An Army of One (2010),154192,2.0,0.4
326305,Aung San Suu Kyi: Lady of No Fear,2010-11-05,5.8,Documentary,Aung San Suu Kyi,Anne Gyrithe Bonne,"We know Aung San Suu Kyi as ""a golden bird in a cage""; she is a valuable icon representing freedom and democracy of which the suppressed population of Burma project much hope for. In the West she  stands out as a symbol of peace and reconciliation. She has been  awarded countless prizes for her effort, among them the Nobel Peace Prize.  But who is the person and woman behind it all? The Military Dictatorship has on several occasions offered her the opportunity to leave the  country. But why does Aung San Suu Kyi voluntarily choose to stay in her captivity instead of going into exile?  Lady of No Fear offers a strong and fascinating glimpse into Aung San Suu Kyis life and portrays some of the consequences her  freedom struggle has had, not only for her, but also for her closest friends and family indeed.",Aung San Suu Kyi - Lady of No Fear (2010),154234,2.3333333333333335,0.4666666666666667
166119,Homeless: The Motel Kids of Orange County,2010-07-26,4.3,Documentary,,Alexandra Pelosi,"A documentary that explores the world of children who reside in discounted motels within walking distance of Disneyland, living in limbo as their families struggle to survive in one of the wealthiest regions of America. The parents of motel kids are often hard workers who don't earn enough to own or rent homes. As a result, they continue to live week-to-week in motels, hoping against hope for an opportunity that might allow them to move up in the O.C.",Homeless: The Motel Kids of Orange County (2010),154300,3.1217591102962157,0.6243518220592431
50294,Kooky,2010-05-19,6.656,"Family, Adventure, Animation","Zdeněk Svěrák, Ondřej Svěrák, Jiří Lábus, Petr Čtvrtníček, Ondřej Vetchý",Jan Svěrák,"Young Ondra has asthma and so his parents throw away his favourite toy: a musty old stuffed bear named Kooky. That night Ondra dreams that Kooky is determined to find his way back home from the dump. In the boy's fantasy, the bear gets lost in a forest occupied by strange animals and remarkable beings that he never heard of while living on the toy shelf in Ondra's room. And of course even in this small imaginary world, true good exists as does real evil, which Kooky must face up to in order to become a real hero.",Kooky (2010),154378,3.5,0.7
51306,Lost on Journey,2010-06-04,6.995,Comedy,"Xu Zheng, Wang Baoqiang, Li Man, Li Xiaolu, Zuo Xiaoqing",Raymond Yip Wai-Man,"A boss of a toy corporation, Chenggong Li, tries to head back to Chan Sar to celebrate the Chinese New Year with his family. However, plans don't go as smoothly after he crosses paths with a stranger, Geng Niu.",Lost on Journey (2010),154490,3.3333333333333335,0.6666666666666667
52371,LelleBelle,2010-10-08,4.9,"Music, Romance","Anna Raadsveld, Benja Bruijning, Charlie Dagelet, Tom Van Landuyt, Renée Fokker",Mischa Kamp,"16-year old Belle practices playing the violin diligently, but is unable to impart her music with a sensitive undertone. Her life changes when she discovers that sexual desire stimulates passion in her music.",LelleBelle (2010),154514,3.25,0.65
50583,The Red Eagle,2010-10-07,5.4,"Action, Thriller","Ananda Everingham, Yarinda Bunnag, Wannasing Prasertkul, Ron Smoorenburg, Pornwut Sarasin",Wisit Sasanatieng,"After a hasty plan to construct a nuclear power plant spreads fear among villagers and environmental activists, a hero emerges, who dispenses justice on Bangkok's corrupt politicians and vile criminals when the law fails to function.",Red Eagle (2010),154532,1.75,0.35
85107,Slow Action,2018-09-22,6.333,Science Fiction,"John Wynne, Ilona Halberstadt",Ben Rivers,"Slow Action, Ben Rivers’ first exhibition at Matt’s Gallery, is a post-apocalyptic science fiction film that brings together a series of four 16mm works which exist somewhere between documentary, ethnographic study and fiction.  Continuing his exploration of curious and extraordinary environments, Slow Action applies the idea of island biogeography - the study of how species and eco-systems evolve differently when isolated and surrounded by unsuitable habitat - to a conception of the Earth in a few hundred years; the sea level rising to absurd heights, creating hyperbolic utopias that appear as possible future mini-societies.  This series of constructed realities explores the environments of self-contained lands and the search for information to enable the reconstruction of soon to be lost worlds.",Slow Action (2010),154646,3.0,0.6
149657,Dad,2010-10-25,5.8,Drama,"Miki Ros, Sandi Salamon",Vlado Škafar,"After a long separation, a father and his son spend the day fishing on the river bank. On a beautiful autumn Sunday, surrounded by the majestic countryside, they seem to be alone in the world. They must start all over again.",Dad (2010),154676,3.5,0.7
297631,Spark of Being,2010-11-19,5.4,"Drama, Horror, Science Fiction",,Bill Morrison,"Spark of Being, a close adaptation of Mary Shelley’s Gothic novel Frankenstein, explores the thematic interchangeability of three of the novel’s characters: the Captain, the Doctor, and the Creature. Spark of Being, which, as with all of Morrison's films, is dialogue-free, features Frank Hurley's original footage of Ernest Shackleton’s fated Antarctic expedition, along with a range of footage from other sources.",Spark of Being (2010),154814,3.5,0.7
36511,White Wall,2010-05-07,3.2,"Action, Drama, Fantasy, Science Fiction, Thriller","James Boss, Gary Kohn, Aurelie Kyinn, Michael Teh, Aurelie Kyinn",James Boss,"In the near future, everything has changed. Basic human rights have become the rarest of luxuries. No one knows when this started but everyone knows how. The VXII, the deadliest virus ever created, spread like wildfire and decimated the majority of the world's population. The non-infected survivors now cling to life in four quarantined cities behind a wall. Shawn Kors and his brother, Jude, survived the VXII only to grow up in a squalid internment camp for orphaned children. Under the care of the militia, they were pitted against other children in backwoods death matches. Shawn, Jude, and the few who escaped became notorious for their incredible fighting skills. They have since parted ways. Shawn now makes a comfortable living as a janitor at the local medic station. He spends his days dreaming of curing the VXII. When Shawn discovers the discarded body of a fellow internment camp friend, he is forced out of hiding and pulled into a rabbit hole of conspiracy and violence.",White Wall (2010),154937,1.0,0.2
37941,Vinnaithaandi Varuvaayaa,2010-02-26,7.6,"Drama, Romance","Silambarasan, Trisha Krishnan, VTV Ganesh, Babu Antony, Lakshmi Ramakrishnan",Gautham Vasudev Menon,"A young, aspiring filmmaker falls in love with a girl who moves into the house above his, but her sophisticated nature does more harm than good to him.",Vinnaithaandi Varuvaayaa (2010),155086,3.727272727272727,0.7454545454545454
65270,Kenny Chesney: Summer In 3D,2010-08-21,10.0,"Music, Documentary",Kenny Chesney,Joe Thomas,"Country music singer Kenny Chesney performs live in Pittsburgh, Philadelphia, Seattle, Indianapolis and Foxboro, Massachusetts.",Kenny Chesney - Summer In 3D (2010),155481,0.5,0.1
41988,DC Showcase: Jonah Hex,2010-07-27,7.0,"Animation, Action, Western","Thomas Jane, Linda Hamilton, Jason Marsden, Michael Rooker, Michelle Trachtenberg",Joaquim Dos Santos,"When a ruthless brothel madame murders Jonah Hex's current quarry, the disfigured bounty hunter plans to make her pay.",DC Showcase: Jonah Hex (2010),155579,3.5555555555555554,0.711111111111111
67852,Space Tourists,2009-11-19,5.4,"Documentary, Adventure, History","Anousheh Ansari, Jonas Bendiksen, Dumitru Popescu, Charles Simonyi",Christian Frei,"In his most recent work, Christian Frei turns to an age-old dream of man: to leave our planet as a «normal person» and travel into outer space. For 20 million dollars, the American Anousheh Ansari was able to fulfil this childhood dream. This documentary follows her journey into space and shows everyday life as it is on the International Space Station.",Space Tourists (2010),155609,2.5,0.5
63065,Neue Vahr Süd,2010-11-30,6.352,"Comedy, TV Movie","Frederick Lau, Eike Weinreich, Miriam Stein, Hinnerk Schönemann, Albrecht Schuch",Hermine Huntgeburth,"Frank Lehmann, 20, still lives with his parents in the dreary high-rise housing project ""Neue Vahr"" in Bremen. It's the year 1980 and Frank gets drafted to the army even though his friends assure him that ""he's not really the guy for it"". When he gets back home, after his first week at the army, his Dad has turned his room into a TV repair shop, so Frank has to move out. Luckily his old friend Martin is starting a commune with two other Punks in Bremens leftist borough ""Viertel"". Frank, without further ado rents the unlivable walk-through room. From now on Frank is a traveler between the Worlds. Each week he goes from the Army, with all the unconditional rules and regulations to the commune where his friends are preaching the world revolution. Frank is trying to avoid to stick out, but fails miserably, in both worlds.",Neue Vahr Süd (2010),155619,4.166666666666667,0.8333333333333334
42291,The Buddha,2010-04-17,6.6,Documentary,"Richard Gere, Blair Brown, Tenzin Gyatso, Mark Epstein, William Stanley Merwin",David Grubin,"This documentary for PBS by award-winning filmmaker David Grubin and narrated by Richard Gere, tells the story of the Buddha’s life, a journey especially relevant to our own bewildering times of violent change and spiritual confusion. It features the work of some of the world’s greatest artists and sculptors, who across two millennia, have depicted the Buddha’s life in art rich in beauty and complexity. Hear insights into the ancient narrative by contemporary Buddhists, including Pulitzer Prize winning poet W.S. Merwin and His Holiness the Dalai Lama. Join the conversation and learn more about meditation, the history of Buddhism, and how to incorporate the Buddha’s teachings on compassion and mindfulness into daily life.",The Buddha (2010),155804,4.166666666666667,0.8333333333333334
75577,Brian Eno: Another Green World,2010-01-12,0.0,"Documentary, Music",Brian Eno,Nicola Roberts,"The master of reinvention engages with fellow influential minds, including Richard Dawkins, Malcolm Gladwell, David Whittaker and Steve Lillywhite, in a series of conversations on science, art, systems analysis, producing and cybernetics",Brian Eno: Another Green World (2010),155858,4.5,0.9
165344,The Sentimental Engine Slayer,2010-04-22,4.75,Drama,"Omar Rodríguez-López, Tatiana Velazquez, Nomar Rizo, Kim Stodel, Rikardo Rodríguez López",Omar Rodríguez-López,"Barlam (Omar Rodriguez-Lopez) struggles to find himself as he bags groceries, has a semi-incestuous relationship with his sister and attempts to understand his parents' long-ago divorce. Events spiral out of control when he becomes obsessed with a boy who looks like him. Rodriguez-Lopez, a songwriter/guitarist for rock band The Mars Volta, writes and directs this drama that had its North American premiere at the 2010 Tribeca Film Festival.",The Sentimental Engine Slayer (2010),155886,3.5,0.7
49904,Circle of Fury,2010-09-14,2.0,"Action, Adventure","Randy Spence, Adonis Williams, Christina Rose, Brandon Wardell, Anatoli Grek",John Bacchus,"Back from Iraq, Johnny Brown discovers that a new war is taking place in the streets of New York. In an attempt to get kids off the streets and instill the discipline he has learned in the Marine Corps, Brown launches a school for Mixed Martial Arts. But when a group of drug pushers try to use his school as a drug laundering business, an all out brawl occurs; pitting Brown against his childhood friend, who is now pursuing a life of crime.",Circle of Fury (2010),156131,1.0,0.2
327674,The Invited,2010-01-01,3.2,Horror,"Carlos Alazraqui, Dana Barron, Alfonso Freeman, Pam Grier, Lou Diamond Phillips",Ryan McKinney,"A young married couple who are pregnant with their first child moves into their turn-of-the-century home where they discover that a great evil has resided there for nearly a century, unleashed by a previous occupant.",The Invited (2010),156690,2.8333333333333335,0.5666666666666667
57173,Monsterwolf,2010-10-09,3.7,"TV Movie, Fantasy, Horror","Jason London, Robert Picardo, Leonor Varela, Nicole Barré, Amber Bartlett",Todor Chapkanov,"A creature of ancient legend manifests, bound to protect the ecological balance of the land and killing anyone that threatens it. This elusive guardian is initially both feared and celebrated by the locals, but when a deadly curse affects them all, they must unite and recapture the monster wolf’s spirit or face their ultimate doom.",Monsterwolf (2010),156700,1.5,0.3
49381,Jimmy Carr: Making People Laugh,2010-11-08,7.5,Comedy,Jimmy Carr,Paul Wheeler,Jimmy Carr: Making People Laugh features over two hours of material that's too rude for TV.,Jimmy Carr: Making People Laugh (2010),156783,3.597560975609756,0.7195121951219512
204344,Internet Story,2010-07-31,7.9,"Animation, Drama, Mystery","Shaun French, Duncan Wigman",Adam Butcher,"A fast-paced and thought-provoking film told through fragments of internet videos, animations, blogs and news articles. A series of shocking events unfolds when a young man creates a public treasure hunt for his own amusement and a video blogger decides to pursue the riddles across country.",Internet Story (2010),156789,3.875,0.775
87992,Where Once We Walked,2011-10-28,4.222,"History, Drama","Jessica Grabowsky, Andreas af Enehielm, Oskar Pöysti, Jakob Öhrman, Birthe Wingren",Peter Lindholm,"The stories of the aristocratic Lilliehjelm family, the middle-class Widing family and the poor Kajander family from the Finland's independence through the Civil War and the Roaring Twenties ending during the Second World War.",Där vi en gång gått (2010),157051,2.5,0.5
37048,Mobile Suit Gundam 00 The Movie: -A Wakening of the Trailblazer-,2010-09-18,6.3,"Action, Animation, Drama, Science Fiction, War","Mamoru Miyano, Shin-ichiro Miki, Hiroyuki Yoshino, Hiroshi Kamiya, Ryo Katsuji",Seiji Mizushima,"The year is 2314 AD, two years have passed since the defeat of the Innovades and the exposure of the A-Laws' crimes against humanity. The A-Laws have been abolished and their infrastructure integrated into the Earth Sphere Federation Army. However, the world's exposure to GN Particles has resulted in many people awakening as True Innovators. Celestial Being has returned to the shadows to rebuild and quietly observe the infantile peace. However, an abandoned probe from an expedition to Jupiter 130 years ago approaches Earth bringing a new crisis with it, one that threatens all of mankind. While Celestial Being begins their final mission to save humanity from an unimaginable threat, Gundam Meister Setsuna F. Seiei is about to discover the true purpose of his evolution as an Innovator. Aeolia Schenberg's plan has moved into its final stage...",Mobile Suit Gundam 00: Awakening of the Trailblazer (2010),157196,3.4444444444444446,0.6888888888888889
53999,My Super Psycho Sweet 16: Part 2,2010-10-22,5.5,"Horror, TV Movie","Lauren McKnight, Chris Zylka, Matt Angel, Stella Maeve, Alex Van",Jacob Gentry,"Following the murders at the Rollerdome, Skye Rotter leaves town in search of a normal life. Reunited with the mother who abandoned her as a child, Skye's dream of a happier life starts to take shape - until her serial killer father returns.",My Super Psycho Sweet 16: Part 2 (2010),157300,4.0,0.8
113347,A Drummer's Dream,2010-01-01,6.9,"Music, Documentary",John Walker,John Walker,"A rare and unique assembly of some of the greatest drummers in the world. Explosive talent, passion, humour and irresistible personality come together in a magical setting when seven diverse drummers create a profound and unforgettable experience. You've never seen drummers like this before! Featuring Nasyr Abdul Al-Khabyyr, Dennis Chambers, Kenwood Dennard, Horacio ""El-Negro"" Hernadez, Giovanni Hidalgo, Mike Mangini and Raul Rekow, the film engages us with the rich music styles and influences that are as dynamic as the performers themselves. We are lifted to another dimension as we connect to the powerful forces of nature embodied in the music of these master musicians. The creative and spiritual freedom of expression these artists display is overwhelming - from Latin rhythms to the wildly original compositions of Kenwood Dennard. Rock, jazz, Latin fusion, soul - these master drummers have backed up the likes of Miles Davis, Dizzy Gillespie, Carlos Santana and now - each other.",A Drummer's Dream (2010),157310,4.0,0.8
40080,The Cutting Edge: Fire & Ice,2010-03-14,6.48,"Romance, Drama","Francia Raísa, Brendan Fehr, Russell Yuen, Zhenhu Han, Stephen Amell",Stephen Herek,"After her partner's career-ending injury, a former figure skater shifts gears to become an instructor. Later, she finds the strength to return to competitive skating by partnering with an unconventional and notorious speed skater.",The Cutting Edge: Fire & Ice (2010),157375,3.7142857142857144,0.7428571428571429
60809,Single By Contract,2010-09-15,6.9,"Romance, Comedy","Anna Fischer, Kostja Ullmann, Inka Friedrich, Nina Gummich, Josef Mattes",Marc Rothemund,A love connection clicks for Lila when she moves back to Berlin and meets Christopher -- never realizing that she's fallen for a rock star who's signed a contract to remain single for life.,Single By Contract (2010),157405,3.772727272727273,0.7545454545454546
60961,Held Up,2010-09-07,4.6,"Comedy, TV Movie","Jon Dore, Kaitlin Olson, Jason Sklar, Randy Sklar, Cyrus Farmer","Arthur Mulholland, Steve Carr, Jay Chandrasekhar","Kaitlin Olson (It's Always Sunny In Philadelphia) stars opposite Jon Dore in this hilarious heist comedy written and directed by Jason and Randy Sklar (Cheap Seats). A disgruntled and bored bank teller named Ray (Jon Dore) finally gets his wish for some excitement when the branch is held up by two teams of crazy robbers disguised as Rocky I, Rocky II, Batman and Robin. As the robbery unfolds, the hostages fall victim to a comedic version of the Stockholm Syndrome and begin sympathizing with their dimwitted captors, which leads to an extended siege as Ray pursues a romantic relationship with one of the robbers (Kaitlin Olson).",Held Up (2010),157448,3.25,0.65
101766,A Barefoot Dream,2010-06-24,7.1,"Drama, Comedy","Park Hee-soon, Ko Chang-seok, Im Won-hee, Kim Seo-hyung, Cho Jin-woong",Kim Tae-gyun,"Kim Won-kang, a former soccer prospect, opens a sporting goods store in East Timor. When he soon realizes the residents cannot afford the equipment, he starts teaching the kids how to play soccer.",A Barefoot Dream (2010),157629,3.9,0.78
38983,Attack the Gas Station 2,2010-01-21,6.2,"Action, Comedy","Ji Hyun-woo, Jo Han-sun, Moon Won-ju, Jeong Jae-hoon, Park Young-kyu",Kim Sang-jin,"It’s been 10 years since Mr. Park’s gas station was attacked by motorcycle gangs. To get his revenge, Park hires a quartet of dodgy boys: a lethal puncher, a footballer with a killer high kick, a potbellied wrestler, and a video game addict who mastered the art of bluffing. But these employees turn out to be more dangerous when they demand their overdue salaries.",Attack the Gas Station 2 (2010),157633,4.25,0.85
153779,The Kingdom of Solomon,2010-10-08,6.316,"Action, Drama, History, War","Amin Zendegani, Mahmoud Pakniat, Elham Hamidi, Hossein Mahjoub, Alireza Kamali",Shahriar Bahrani,"Solomon, Prophet and the King, has asked God to give him an ideal kingdom which has never been given to anybody before. He is told to prepare himself and his subjects with evil and unearthly creatures that haunt the men.",The Kingdom of Solomon (2010),158101,3.25,0.65
62756,Singam,2010-05-28,6.75,"Action, Comedy, Crime","Suriya, Anushka Shetty, Prakash Raj, Nassar, Vivek",Hari,"The story, set in the backdrop of Nallore, a small town in Thoothukudi District, revolves around Sub-Inspector Durai Singam, a brave and just policeman who serves in his hometown primarily to fulfill his father’s wish. Durai Singam settles every dispute in his town patiently with his words of wisdom and resorts to force only when the situation demands it. Kavya, a city girl who comes on vacation to Nallore, falls in love with Durai Singam. Erimalai, Durai Singam's bumbling colleague and friend, often accompanies him.",Singam (2010),158286,3.125,0.625
41413,Sorry if I Want to Marry You,2010-02-12,5.238,"Comedy, Romance, Drama","Raoul Bova, Michela Quattrociocche, Andrea Montovoli, Francesco Apolloni, Luca Angeletti",Federico Moccia,"Second part of the film ""Sorry if I love you"". Alex (Raoul Bova) and Niki (Michela Quattrociocche) are more in love than ever. They have just returned from the lighthouse on the island Blu where they have lived unforgettable days. Niki returns to see his friends, but a number of important changes in their lives will test the friendship of the girls. Alex also resume life with his old friends. All of them, Flavio, Enrico and Pietro, are no longer serene and safe husbands due to certain difficulties that have compromised their marriages.",Sorry if I Want to Marry You (2010),158304,3.9285714285714284,0.7857142857142857
85721,"Burzynski, the Movie",2010-10-28,6.3,Documentary,Stanislaw Burzynski,Eric Merola,"Burzynski, the Movie is the story of a medical doctor and Ph.D biochemist named Dr. Stanislaw Burzynski who won the largest, and possibly the most convoluted and intriguing legal battle against the Food &amp; Drug Administration in American history.  His victorious battles with the United States government were centered around Dr. Burzynski's gene-targeted cancer medicines he discovered in the 1970's called Antineoplastons, which have currently completed Phase II FDA-supervised clinical trials in 2009 and could begin the final phase of FDA testing in 2011–barring the ability to raise the required $300 million to fund the final phase of FDA clinical trials.","Burzynski, the Movie (2010)",158308,4.333333333333333,0.8666666666666666
42548,The Secret Diaries of Miss Anne Lister,2010-03-01,6.5,"Drama, Romance, TV Movie","Maxine Peake, Anna Madeley, Susan Lynch, Christine Bottomley, Gemma Jones",James Kent,A lesbian in the 1800s who keeps a detailed account of her life written in coded diaries attempts to live independently while juggling an affair with a married woman.,The Secret Diaries of Miss Anne Lister (2010),158330,3.6875,0.7375
268539,The Builder,2010-04-10,4.286,Drama,"Colm O'Leary, Courtney Bowles",Rick Alverson,"Having set out from coastal Queens to the Catskills, an Irish immigrant carpenter finds himself overcome by an inexplicable fatigue.",The Builder (2010),158424,2.5,0.5
129400,Elvis & Madonna,2011-09-23,5.765,"Comedy, Romance","Simone Spoladore, Igor Cotrim, Sérgio Bezerra, Maitê Proença, Buza Ferraz",Marcelo Laffitte,"In Copacabana, lesbian photographer Elvis is hired to deliver pizzas in the night shift on her motorcycle. Her first assignment is a delivery to the transgender hairdresser Lady Madonna, whom she falls in love with.",Elvis & Madona (2010),158426,4.0,0.8
57186,Skinning,2010-10-06,6.1,"Action, Crime, Drama","Nikola Rakočević, Viktor Savić, Bojana Novaković, Nataša Tapušković, Nikola Kojo",Stevan Filipović,"Novica is a mathematics champion in a Belgrade high school. In an attempt to overcome the ‘geek’ status at school, Novica becomes attracted to the world of skinheads by his school friend Relja. Novica is exposed to violence, hooliganism and racism; embracing the ideology and climbing up the ladder in the gang hierarchy.",Skinning (2010),158607,3.1666666666666665,0.6333333333333333
64924,The Weight of Chains,2010-12-17,7.26,"Documentary, History","Rade Aleksic, James Bissett, Michel Chossudovsky, Michael Parenti",Boris Malagurski,"The Weight of Chains is a Canadian documentary film that takes a critical look at the role that the US, NATO and the EU played in the tragic breakup of a once peaceful and prosperous European state - Yugoslavia. The film, bursting with rare stock footage never before seen by Western audiences, is a creative first-hand look at why the West intervened in the Yugoslav conflict, with an impressive roster of interviews with academics, diplomats, media personalities and ordinary citizens of the former Yugoslav republics. This film also presents positive stories from the Yugoslav wars - people helping each other regardless of their ethnic background, stories of bravery and self-sacrifice.",The Weight of Chains (2010),158611,4.142857142857143,0.8285714285714286
73680,Just Between Us,2010-03-10,4.571,"Drama, Comedy","Miki Manojlović, Bojan Navojec, Ksenija Marinković, Daria Lorenci Flatz, Nataša Dorčić",Rajko Grlić,"Nikola is a man who knows how to really enjoy life; he's even able to rouse sympathy for his sinful ways. His brother turns a blind eye to his philandering although, with a broken marriage behind him, he doesn't have a clear conscience, either. Is there anything positive to be said about infidelity, or does it simply deserve the utmost contempt, particularly when it's more premeditated than spontaneous?",Just Between Us (2010),158635,2.75,0.55
66944,Seventy-Two Days,2010-07-20,6.4,"Comedy, Drama","Rade Šerbedžija, Krešimir Mikić, Bogdan Diklić, Živko Anočić, Mira Banjac",Danilo Šerbedžija,"A family from isolated village in Lika makes a good living out of American pension earned by their late granddad Djuradj and received by his widow Nedja. The very existence of a family is threatened when Nedja dies, but the head of the family comes up with a cunning plan.",Seventy-Two Days (2010),158645,3.0,0.6
88865,Queen of the Sun: What Are the Bees Telling Us?‎,2010-04-01,6.8,Documentary,"Michael Pollan, Gunther Hauk, Vandana Shiva, Raj Patel, Hugh Wilson",Taggart Siegel,"In 1923, Rudolf Steiner, an Austrian scientist, philosopher &amp; social innovator, predicted that in 80 to 100 years honeybees would collapse. Now, beekeepers around the United States and around the world are reporting an incredible loss of honeybees, a phenomenon deemed ""Colony Collapse Disorder."" This ""pandemic"" is indicated by bees disappearing in mass numbers from their hives with no clear single explanation. The queen is there, honey is there, but the bees are gone. For the first time, in an alarming inquiry into the insights behind Steiner's prediction QUEEN OF THE SUN: What Are the Bees Telling Us? investigates the long-term causes behind the dire global bee crisis through the eyes of biodynamic beekeepers, commercial beekeepers, scientists and philosophers.",Queen of the Sun (2010),158737,3.0,0.6
241618,Louis Theroux: Law and Disorder in Lagos,2010-10-10,7.1,"Documentary, TV Movie",Louis Theroux,Jason Massot,"Louis Theroux is in Lagos, following the local gangs and a paramilitary task force.",Louis Theroux: Law and Disorder in Lagos (2010),158854,3.607142857142857,0.7214285714285714
68213,Louis Theroux: America's Medicated Kids,2010-04-18,6.925,"Documentary, TV Movie",Louis Theroux,Danny Horan,"Faced with the challenging behaviour of their kids, more and more parents in America are turning to psychoactive medication to help them cope, even though the drugs, and sometimes the diagnoses, remain controversial. Louis travels to one of America's leading children's psychiatric treatment centres, in Pittsburgh, Pennsylvania, to get to know the diagnosed children and hoping to understand what drives parents to put their kids on drugs.",Louis Theroux: America's Medicated Kids (2010),158856,3.7777777777777777,0.7555555555555555
56424,My Father's Guests,2010-03-31,5.9,Comedy,"Fabrice Luchini, Karin Viard, Michel Aumont, Valérie Benguigui, Véronica Novak",Anne Le Ny,"A human-rights activist takes in an illegal immigrant and her daughter, then shocks his family when they learn that he has married the sexy 28-year-old.",Les Invités de mon père (2010),159081,2.6,0.52
134362,The Beast,2010-01-01,6.0,"Documentary, Drama",Gregory Dayton,Pedro Ultreras,"Each year, hundreds of Central American migrants try to cross the northern border of Mexico on the freight train known as the Beast. That trip is usually the most dangerous journey of their lives. On the road many lost their dreams, their body parts and even their lives. Crossing Mexico is their biggest challenge, here are victims of discrimination, violence and even murder. This film portrays the suffering of those people who travel in search of a better life.",The Beast (2010),159087,3.3333333333333335,0.6666666666666667
46178,Bytte Bytte Købmand,2010-09-27,8.0,Comedy,"Anders Matthesen, Thomas Hartmann",,"The rules have changed In ""Bytte Bytte Købmand"". Anders and Thomas can freely use each other as to say whatever they want, and how they want. Neither of them can change the script they give each other!",Bytte Bytte Købmand (2010),159167,2.5,0.5
58397,The Liverpool Goalie,2010-07-04,6.413,"Comedy, Family","Ask von der Hagen, Susanne Boucher, Andrine Sæther, Mattis Asker, Jostein Brox",Arild Andresen,"Jo (13) is a smart thinker with a vivid imagination, but is bothered by classmates, and is a rather hopeless soccer goalie. He does what he has to survive this difficult time in life whilst every kid in the street is trying to get hold of a football-card with the goalie of Liverpool.",The Liverpool Goalie (2010),159333,3.5,0.7
48417,The Stool Pigeon,2010-08-26,5.8,"Crime, Drama, Thriller","Nicholas Tse Ting-Fung, Nick Cheung Ka-Fai, Gwei Lun-Mei, Miao Pu, Liu Kai-Chi",Dante Lam Chiu-Yin,"Living in the guilt of sacrificing his informant in a previous operation, Criminal Intelligence Inspector Don Lee is wary when his superior orders him to send another informant to spy on the criminal operations of Barbarian, a vicious gangster plotting a jewelry heist. He seeks ex-convict Ghost, who agrees to work for Don despite vowing to go straight since he's desperately in need of money to repay a debt and save his sister. Ghost's driving skills help him infiltrate Barbarian's gang and earn his trust, but by feeding information to Don and hooking up with Barbarian's girlfriend Dee, Ghost is pushing himself into a tight and deadly corner...",The Stool Pigeon (2010),159409,3.4375,0.6875
57313,8213: Gacy House,2010-09-28,3.333,"Horror, Mystery, Crime","Rachel Riley, James Arthur Lewis, Matthew Temple, Michael Gaglio, Brett A. Newton",Anthony Fankhauser,"A group of paranormal investigators enter the abandoned home of paedophile and serial killer John Gacy, hoping to find evidence of paranormal activity. Upon entering the house they set-up cameras throughout the abandoned house while going room to room with hand-held cameras, performing séance's and asking for John Gacy to come forward. As the evening progresses it seems the investigators are not prepared for the horror still within the house.",8213: Gacy House (2010),159622,1.7,0.33999999999999997
214676,Mr. Dough and the Egg Princess,2010-11-20,6.8,"Animation, Fantasy",,Hayao Miyazaki,"The story of a tiny Egg-girl who is forced to serve the evil Boar-like witch Baba Yaga. But after a blob of Dough comes to life, she befriends him and both escape from the witch's home at a Water mill on a cliff and set off to see the world. The soundtrack is Joe Hisaishi's arrangement of Vivaldi's La Folia",Mr. Dough and the Egg Princess (2010),159632,4.333333333333333,0.8666666666666666
45780,I Am Slave,2010-09-14,6.1,"Drama, Thriller","Wunmi Mosaku, Isaach de Bankolé, Lubna Azabal, Nyokabi Gethaiga, Igal Naor",Gabriel Range,"Based on the real-life experiences of Mende Nazer, the story unfolds as twelve-year-old Malia, daughter of champion wrestler Bah, is abducted from her Sudanese village in the Nubar Mountains by pro-government Arab militia and sold into slavery to a woman in Khartoum, who beats her for touching her daughter. After six years she is sent to London, where her name is changed, but her miserable life of servitude continues. Her passport is taken and she is told that her father will die if she goes to the authorities. Fortunately she meets a sympathetic person who seems to offer her the hope of escape and reunion with Bah ,back in Sudan. For all the film's optimism an end title states that there are around 5,000 'slave' workers currently in Britain.",I Am Slave (2010),159656,3.75,0.75
60163,BECK,2010-09-04,6.5,"Drama, Music","Hiro Mizushima, Takeru Satoh, Kenta Kiritani, Aoi Nakamura, Osamu Mukai",Yukihiko Tsutsumi,"Yukio is your average high school student who spends his days going to class and avoiding bullies. That is until he meets Ryusuke, a guitar prodigy. Together with Taira, Chiba, and Saku they form the rock band BECK. As their popularity increases so does the danger as Ryusuke's past catches up with him.",BECK (2010),159731,3.6,0.72
221343,Locked In,2010-09-17,3.958,"Thriller, Drama","Ben Barnes, Sarah Roemer, Eliza Dushku, Johnny Whitworth, Clarke Peters",Suri Krishnamma,"Josh leaves his advertising career at its peak, everyone wants either to be him or to have him. A car accident will leave his daughter in a strange coma and when everyone has given up she starts communicating with him, or is he going mad?",Locked In (2010),159747,2.8333333333333335,0.5666666666666667
91950,Flamenco Flamenco,2010-11-19,7.1,"Music, Documentary","Paco de Lucía, Niña Pastori, Miguel Poveda, Arcángel, Eva la Yerbabuena",Carlos Saura,A look at the history and traditions of flamenco music and dance.,Flamenco Flamenco (2010),159805,3.6666666666666665,0.7333333333333333
65327,Elimination,2010-08-05,3.7,"Action, Horror, Thriller","Danny Vasquez, Nicole Warner, Meredith Grau, Daniel Fanaberia, Pablo Hernandez",Juan Carlos Vargas,"Ten actors audition on a reality show for a million dollars. All they have to do is survive three killers, and each other - streaming live over the Internet.",Jigsaw - Elimination (2010),159894,1.25,0.25
45321,Douchebag,2010-10-01,1.5,"Comedy, Drama","Andrew Dickler, Ben York Jones, Marguerite Moreau, Nicole Vicius, Amy Ferguson",Drake Doremus,"On the verge of getting married, Sam Nussbaum insists he escort his younger brother, Tom, on a wild goose chase of a journey to find Tom's fifth grade girlfriend.",Douchebag (2010),159982,3.1217591102962157,0.6243518220592431
51334,Five Cities,2009-10-15,6.6,Drama,"Bülent Emin Yarar, Beste Bereket, Ahmet Rıfat Şungar, Şebnem Sönmez, Tansu Biçer",Onur Ünlü,"Aydın is a policeman recently appointed to a new post in Istanbul. While trying to get used to life in the big city, Aydın stumbles upon Mehtap, a young woman who works at a candy shop in Beyoğlu, and he falls for her. But there is no way that Aydın can make Mehtap realize that he even exists, just as Şevket, a young man who has dropped out of law school before starting to sell toy trains on the streets to make a living, cannot make Dilek, another girl who works at the same store, realize his feelings for her. When Dilek and Aydın meet, Aydın diverts his uncontrollable feelings toward Dilek.",Beş Şehir (2010),159984,3.5,0.7
53284,Do Dooni Chaar,2010-10-08,6.8,"Drama, Comedy","Rishi Kapoor, Neetu Singh, Aditi Vasudev, Supriya Shukla, Archit Krishna",Habib Faisal,A middle-class father in India struggles through a series of unexpected events for upholding respect and smiles.,Do Dooni Chaar (2010),160281,3.8333333333333335,0.7666666666666667
48502,El estudiante,2009-08-14,7.713,Drama,"Jorge Lavat, Jeannine Derbez, Pablo Cruz Guerrero, Norma Lazareno, Jeronimo Medina",Roberto Girault,"After retiring to the beautiful Mexican town of Guanajuato, a 70 year old decides to follow his dreams and enroll at the university where he stumbles upon a new generation and they are bound together by the novel Don Quijote de la Mancha.",El Estudiante (2010),160408,2.625,0.525
53283,Khichdi: The Movie,2010-10-01,6.9,"Comedy, Family","Anang Desai, Rajeev Mehta, Supriya Pathak, JD Majethia, Nimisha Vakharia",Aatish Kapadia,"In order to immortalize his love, a groom decides to create conflict between his and his to-be bride's families.",Khichdi: The Movie (2010),160446,3.3333333333333335,0.6666666666666667
35687,"LSD: Love, Sex aur Dhokha",2010-03-19,6.163,"Drama, Crime, Comedy","Anshuman Jha, Nushrratt Bharuccha, Rajkummar Rao, Neha Chauhan, Amit Sial",Dibakar Banerjee,"A video camcorder, a store security camera, and concealed cameras candidly expose lives in three loosely linked tales.",Love Sex aur Dhokha (2010),160448,3.875,0.775
54142,Mirch,2010-09-26,2.9,"Drama, Romance","Ila Arun, Prem Chopra, Tisca Chopra, Shahana Goswami, Boman Irani",Vinay Shukla,A story-writer attempts to convince a producer to accept four erotic stories from the Panchtantra.,Mirch (2010),160450,3.0,0.6
56897,Phas Gaye Re Obama,2010-11-01,7.2,"Comedy, Crime","Neha Dhupia, Rajat Kapoor, Sanjay Mishra, Manu Rishi Chadha, Pragati Pandey",Subhash Kapoor,"Phase Gaye Re Obama is a comedy set against the backdrop of global recession/meltdown that originated in USA. The film traces the journey of OM Shashtri, an American citizen of Indian origin, who loses all his wealth overnight to the global recession & has been asked to vacate his home by the bank unless he pays up $100,000 (mortgaged amount) within 30 days. Seeing no other option Om comes to India to sell a small piece of an ancestral property. But within days of landing in India he is kidnapped by a 'recession-hit' underworld gang those who think that he is still a millionaire. What happens to Om, is he able to save his home, how did the 'poor' gangster cope with their 'poor' catch & what do small town Indian gangsters have to say to President Obama...is largely forms the rest of the story. The film, showcases how global recession/ meltdown impacted lives from an America based businessman to underworld dons in the dusty plains of small town India.",Phas Gaye Re Obama (2010),160456,3.3333333333333335,0.6666666666666667
202984,When the Dragon Swallowed the Sun,2010-06-22,0.0,Documentary,"Tenzin Gyatso, Richard Gere, Dennis Haysbert, Youdon Aukatsang, Bhusang",Dirk Simon,,When the Dragon Swallowed the Sun (2010),160466,4.5,0.9
77592,Shocking Blue,2010-08-12,5.7,Drama,"Lisa Smit, Dragan Bakema, Niels Gomperts, Sarah Bannier, Jim van der Panne",Mark de Cloe,"William, Jack and Chris have been friends for as long as they can remember - until that day in April when Jack ends up under the wheels of a tractor, his body crushed, William at the wheel. Suddenly nothing is left of the boys' friendship. Chris tries his best, but William is one lump of impenetrable rock, secretly wondering if the events of the night before, when Jack went off with fifteen-year old Marianne, had anything to do with the accident...",Shocking Blue (2010),160592,5.0,1.0
64694,"It's Not You, It's Me",2010-08-27,7.345,"Drama, Comedy, Romance","Eugenio Derbez, Alejandra Barros, Martina García, Juan Ríos, Juan Ramírez",Alejandro Springall,"Javier se ha casado con María, el amor de su vida, y ahora lo único que desea es estar feliz con ella el resto de su vida, pero el destino se la quita poco después de la boda. Ahora Javier está enredado en sus emociones: ¿cómo aceptará la muerte de su mujer para encontrar nuevamente el amor?","No eres tú, soy yo (2010)",160832,2.6666666666666665,0.5333333333333333
81633,Hospitalité,2011-04-23,5.939,"Comedy, Drama","Kenji Yamauchi, Kiki Sugino, Kanji Furutachi, Bryerly Long, Erika Ono",Koji Fukada,"In this black comedy the lives of a timid small-time printer and his young wife are turned inside out by the arrival of a stranger who moves in and takes over their world. Set in a village-like outpost in the heart of Tokyo, this is a wry commentary on Japanese xenophobia. Kiki Sugino heads a spritely ensemble cast.",Hospitalité (2010),160852,4.0,0.8
55344,Boys on the Run,2010-01-30,4.964,"Comedy, Drama, Romance","Kazunobu Mineta, Mei Kurokawa, Ryuhei Matsuda, Denden, Lily Franky",Daisuke Miura,A socially awkward salesman for a toy-capsule company tries to change his nerdy ways when a slick rival moves in on the beautiful co-worker he loves.,Boys on the Run (2010),161151,3.625,0.725
77864,That Girl in Yellow Boots,2011-09-02,5.683,"Crime, Drama, Mystery, Thriller","Kalki Koechlin, Naseeruddin Shah, Gulshan Devaiah, Ronit Roy, Makrand Deshpande",Anurag Kashyap,An Anglo-Indian woman works in a seedy Mumbai massage parlor while trying to find her long-lost father.,That Girl in Yellow Boots (2010),161426,3.3,0.6599999999999999
62592,Revenge of the Bridesmaids,2010-07-18,6.618,"Comedy, Romance, TV Movie","Raven-Symoné, JoAnna Garcia Swisher, Beth Broderick, Chryssie Whitehead, Virginia Williams",James Hayman,Two women plot revenge against the woman marrying their friend's ex-boyfriend.,Revenge of the Bridesmaids (2010),161622,3.6875,0.7375
292298,Meeting David Wilson,2008-06-01,7.0,Documentary,"David A. Wilson, David H. Wilson","Daniel J. Woolsey, David A. Wilson","African American filmmaker David A. Wilson decided to look into his family's history during the slave era. The result is this documentary, which provides a unique perspective on the long shadow cast by slavery in America. Wilson travels to North Carolina to visit the plantation where his ancestors once toiled and to meet its current owner -- a white man named David Wilson, whose slave-owning ancestors originally occupied the property.",Meeting David Wilson (2010),162000,3.5,0.7
50461,Liar Game: The Final Stage,2010-03-06,7.6,"Thriller, Drama, TV Movie, Mystery","Erika Toda, Shota Matsuda, Megumi Seki, Michiko Kichise, Seiichi Tanabe",Hiroaki Matsuyama,"In Liar game: Final Stage, Players are encouraged to trust each other to win the tournament. However, a mysterious player named X is secretly plotting to sabotage everyone of their chances to win the LGT.",Liar Game: The Final Stage (2010),162004,3.6875,0.7375
56296,Deuce of Spades,2010-06-01,5.5,"Drama, Thriller, Mystery","Faith Granger, Kaitlyn Jenkins, Alen Toric",Faith Granger,"When a hotrod girl finds a mysterious letter dating back to the fifties hidden in her roadster, she is left with nothing but questions... She sets out to find the answers and retrace her deuce's troubled past. Who is Johnny Callaway? But will learning the truth make a difference and can a broken man ever get a second chance at a happiness long forgotten? Fast hotrods, cool cats, gravity defying swing dancing and rockin' retro music all serve as a colorful backdrop to this heartfelt, inspiring story. Discover an underground scene where counter culture is in, old school is cool and nostalgia forever reigns.",Deuce of Spades (2010),162260,4.5,0.9
49261,Locked Down,2010-11-09,3.869,"Action, Drama, Thriller","Tony Schiena, Vinnie Jones, Rashad Evans, Kimbo Slice, Bai Ling",Daniel Zirilli,"Danny, a respected cop, is setup after an investigation goes wrong. While laying low in his new jail cell, Danny is forced to get involved in the inmates underground cage fighting circuit. With the help of Irving, a former mixed martial arts champion, Danny devises a scheme to bring justice and innocence to his family's name, if he can get out of the cage alive.",Locked Down (2010),162262,2.6666666666666665,0.5333333333333333
57395,I Wish I Knew,2010-07-02,6.7,"Documentary, History","Zhao Tao, Chen Danqing, Hou Hsiao-hsien, Wang Tung, Wei Wei",Jia Zhangke,"Focuses on the people, their stories and architecture spanning from the mid-1800s, when Shanghai was opened as a trading port, to the present day.",I Wish I Knew (2010),162334,3.8333333333333335,0.7666666666666667
71559,Love Like Poison,2010-04-08,5.591,Drama,"Clara Augarde, Lio, Stefano Cassetti, Michel Galabru, Thierry Neuvic",Katell Quillévéré,"Anna, a young teenager, comes home from her Catholic boarding school for the holidays and discovers her father has left. Her mother is devastated and confined in the company of the local priest, who is also a childhood friend. Anna clings to her beloved grandfather. She also grows close to Pierre, a free-spirited teenager who cares little about God. Anna is preparing for her confirmation, but her budding desire for Pierre shakes her faith. She longs to give herself over, body and soul... but doesn't know if it is to God, or something else?",Love Like Poison (2010),162424,3.2857142857142856,0.6571428571428571
57500,Moomins and the Comet Chase,2010-08-06,5.4,"Animation, Adventure, Family","Outi Alanen, Vuokko Hovatta, Jarmo Koski, Taneli Mäkelä, Ilpo Mikkonen",Maria Lindberg,"One day Moomintroll wakes to notice that grey dust is covering everything in the Moominvalley. He runs to ask the philosophical Muskrat if he knows what is happening, who advises him that things tend to look like this before an awful fate coming from the sky hits the Earth. With the help of his father, Moominpappa, Moomintroll and his close friends Sniff and Snufkin build a raft and head out on a challenging journey to the observatory in the Lonely Mountains hoping to find out more from the wise professors there. The friends have to overcome several adversities in order to make it there. When they arrive, they find the professors deep in calculations. They reveal that a comet will reach the Earth in four days, four hours, four minutes and 44 seconds.",Moomins and the Comet Chase (2010),162958,2.75,0.55
78098,As If I Am Not There,2010-07-26,6.7,"Drama, War","Nataša Petrović, Feđa Štukan, Jelena Jovanova, Sanja Burić, Irina Apelgren",Juanita Wilson,"A harsh dose of cinematic realism about a harsh time – the Bosnian War of the 1990s – Juanita Wilson's drama is taken from true stories revealed during the International Criminal Tribunal in The Hague. Samira is a modern schoolteacher in Sarajevo who takes a job in a small country village just as the war is beginning to ramp up. When Serbian soldiers overrun the village, shoot the men and keep the women as laborers (the older ones) and sex objects (the younger ones), Samira is subjected to the basest form of treatment imaginable.",As If I Am Not There (2010),162960,4.5,0.9
55426,Broken Blade: The Time of Awakening,2010-05-29,5.654,"Animation, Action, Fantasy","Hiroshi Kamiya, Yuichi Nakamura, Chiwa Saito, Kenichi Ogata, Masashi Sugawara","Tetsuro Amino, Nobuyoshi Habara","In the continent of Cruzon, an impending war between the Kingdom of Krisna and the nation of Athens is brimming. The people of this land are able to use quartz for whatever purpose they desire. Yet one person, Rygart Arrow, is not. He is an ""un-sorcerer,"" a person unable to use quartz. But this characteristic will enable him to pilot an ancient Golem, one strong enough to put up a fight against the invading army of Athens.",Broken Blade: Book One - The Time of Awakening (2010),162970,3.4166666666666665,0.6833333333333333
55431,Broken Blade: Scars from an Assassin's Blade,2010-10-28,5.227,"Animation, Action, Fantasy","Hiroshi Kamiya, Chiwa Saito, Minoru Shiraishi, Kazuya Nakai, Takuma Terashima","Tetsuro Amino, Nobuyoshi Habara","The inhabitants of the continent of Cruzon are born with the ability to freely control quartz. Technology based on this power allows them to perform a great multitude of tasks such as shoot projectiles and pilot mobile suits (called Golems in this society). Rygart Arrow is an un-sorcerer, a rare individual who is unable to levitate even the smallest crystal. Living with his brother on a farm, he receives a letter from an old friend, Hodr, the current king. Close companion of the king and queen when they were students at Assam Military School, Arrow is informed that a war is about to occur. Hodr called him because an ancient type of Golem has been found in a mining shaft. No one has been able to move it and Queen Sigyn, an expert engineer, suspects that maybe an un-sorcerer might be the key to activate it.",Broken Blade: Book Three - The Mark of the Assassin's Dagger (2010),162972,3.0,0.6
55430,Broken Blade: The Path of Separation,2010-06-26,5.591,"Animation, Action, Fantasy","Hiroshi Kamiya, Yuichi Nakamura, Chiwa Saito, Yuhko Kaida, Masashi Sugawara","Tetsuro Amino, Nobuyoshi Habara","Second Break Blade movie. The narration begins by revealing Athens invaded the Krisna Kingdom for allowing the Orlando Empire to cross into their land to attack Athens during their power struggle over Assam but the true purpose of the invasion is to take over the Krisna Quartz mines as Athens is suffering a shortage of Quartz. In the Athens capital of Ilios, Secretary of War Loquis has received news that his brother Zess has successfully reach Binonten. Meanwhile, Rygart manages to get a ceasefire between the Athens invaders and Krisna defenders and speaks with Zess.",Broken Blade: Book Two - The Split Path (2010),162974,2.8333333333333335,0.5666666666666667
55435,Broken Blade: The Land of Calamity,2010-10-29,5.045,"Animation, Action, Fantasy","Hiroshi Kamiya, Chiwa Saito, Yuichi Nakamura, Minoru Shiraishi, Kana Hanazawa","Tetsuro Amino, Nobuyoshi Habara","Fourth Break Blade Movie. As Zess and Erekt returns to Athens, Krisna mobilizes their army to face the Athenian Invaders. Cleo continues living with Sigyn where the latter warns her not to harm Rygart again. Meanwhile, Sigyn assembles a special Golem force led by Narvi with Rygart, her older brother Nile and Sniper Loggin under her command including Girge. Girge is General Baldr's son and a talented Golem pilot who has been given Cleo's Golem but he is a former criminal who killed his teammates without reason which Baldr warns Rygart to be careful with his son and kill him if he does anything suspicious. As General True and General Baldr's forces head out, Rygart trains with his teammates to better use the Delphine while Hodr asks the Orlando Empire for help. Before leaving, Sigyn makes Rygart vow to come back safely. General True is ambushed by the Athenians led by Io and Nike",Broken Blade: Book Four - The Earth of Calamity (2010),162976,3.0,0.6
63700,My Babysitter's a Vampire,2010-10-09,6.971,"Comedy, Horror, Adventure, Fantasy, TV Movie","Matthew Knight, Vanessa Morgan, Atticus Mitchell, Cameron Kennedy, Kate Todd",Bruce McDonald,"Geeky 14-year old Ethan is left to babysit his younger sister, Jane, with his best friend Benny but after Ethan inadvertently puts Jane in harm's way, his parents hire a professional babysitter, the beautiful yet mysterious 17-year-old Sarah who, unbeknownst to them, is actually a fledgling vampire.",My Babysitter's a Vampire (2010),163140,2.5625,0.5125
123271,Refuge,2010-01-01,5.0,"Drama, Romance","Linda Hamilton, Chris Payne Gilbert, Lena Georgas, Christopher McDonald, Amy Lanasa",Mark Medoff,"Amelia is on the run in the family RV, with husband Jack's body in the back and hostage Darryl at the wheel. Romance blossoms as Jack decomposes.",Refuge (2010),163234,5.0,1.0
102743,Gabi on the Roof in July,2010-02-27,5.0,"Comedy, Drama","Sophia Takal, Lawrence Michael Levine, Brooke Bloom, Louis Cancelmi, Amy Seimetz",Lawrence Michael Levine,"An ambitious painter on the verge of a big break confronts his moral decay when his idealist, hell-raising, younger sister comes to stay with him in New York City for the summer.",Gabi on the Roof in July (2010),163412,4.0,0.8
46040,Tees Maar Khan,2010-12-24,3.653,"Comedy, Crime","Akshay Kumar, Katrina Kaif, Akshaye Khanna, Ali Asgar, Vijay Maurya",Farah Khan,A con artist poses as a film director in a village with the intention of executing a caper with the unwitting help of the villagers.,Tees Maar Khan (2010),163456,1.6363636363636365,0.32727272727272727
58051,Housefull,2010-04-30,5.668,"Comedy, Romance","Akshay Kumar, Arjun Rampal, Riteish Deshmukh, Deepika Padukone, Lara Dutta",Sajid Khan,"Believing himself to be a jinx and bringing bad luck upon himself and others, a man attempts to find true love, but ends up in very complicated relationships.",Housefull (2010),163466,3.3636363636363638,0.6727272727272727
52046,Haunted Changi,2010-09-02,5.1,"Mystery, Thriller, Horror","Sheena Chung, Farid Azlam, Audi Khalis",Andrew Lau,"In January of 2010, a group of local filmmakers began exploring the famously haunted Old Changi Hospital in Singapore with terrifying and tragic results. This movie pieces together the original Haunted Changi film crew's footage to tell the full story.",Haunted Changi (2010),163482,2.25,0.45
58365,Just Call Me Nobody,2010-12-03,4.353,Comedy,"Xiao Shenyang, Zhao Benshan, Kelly Lin Hsi-Lei, Eric Tsang Chi-Wai, Mark Lee",Kevin Chu,"Poor young cobbler Wu Di lives with his mother and is crazy about martial-arts picture books. One day he repairs the shoe of wandering swordswoman Yuelou and later helps save her in a fight with wanted criminal Tian Baguang, even though he has no martial-arts training. She tells him she owes him a life and can be found on Qin Mountain if he ever needs her. Yuelou is actually a princess who was due to marry the emperor but ran away after setting fire to her palace quarters. In love, Wu Di sets out to find her, fighting river pirate Dugu and his sidekick on the way, and also meeting a hermit Buddhist monk who offers to take him on as a pupil. Yuelou plans to attend a martial arts tournament to establish her name, little knowing that the emperor's chief eunuch Cheng has arranged for her to be secretly protected by Penal Bureau officer Yang Guo and to win the tournament, so the emperor can award her the prize and persuade her to reconsider marriage.",Just Call Me Nobody (2010),163502,2.0,0.4
296193,Comedy Central Roast of David Hasselhoff,2010-08-15,6.798,Comedy,"Seth MacFarlane, David Hasselhoff, Jeff Ross, Pamela Anderson, Hulk Hogan",Joel Gallen,"Time to hassle the Hoff at the rudest, raunchiest television event of the year--The Comedy Central Roast of David Hasselhoff. From running in slo-mo on the beach to inspiring Germany with the power of cheesy pop--it's almost too easy.",Comedy Central Roast of David Hasselhoff (2010),163527,3.176470588235294,0.6352941176470588
352812,Tick Tock Tale,2015-08-18,7.414,Animation,Dean Wellins,Dean Wellins,"Amidst an old London clock shop, a small, quirky mantle clock comes to the aide of the store's more expensive clocks when a thief breaks in and threatens to steal them away.",Tick Tock Tale (2010),163767,3.8333333333333335,0.7666666666666667
231762,8,2010-04-30,6.8,War,"Nicky Naudé, Guillaume Tavi",Aćim Vasić,"In the depths of a snowy forest in an unknown wartime, two soldiers from opposing armies try to outwit each other in a perilous game of cat and mouse - until they find themselves outplayed by destiny.",8 (2010),164031,3.0,0.6
47177,Devil's Playground,2010-08-21,5.3,"Horror, Action","MyAnna Buring, Danny Dyer, Craig Fairbrass, Sean Pertwee, Colin Salmon",Mark McQueen,"As the world succumbs to a zombie apocalypse, Cole - a hardened mercenary - is chasing the one person who can provide a cure. Not only to the plague but to Cole's own incumbent destiny.",Devil's Playground (2010),164214,1.875,0.375
170967,The House of Suh,2010-05-05,6.8,"Crime, Documentary",,Iris K. Shim,"The House of Suh” tells the story of Andrew and his sister Catherine, and how the values, conflicts, and dysfunctions of their Korean immigrant family led to the murder of Robert O’Dubaine. Eloquently narrated by Andrew, the documentary highlights issues of assimilation and the struggle between freedom and responsibility, raising questions about guilt, innocence, and the illusive gray area in-between.",The House of Suh (2010),164220,3.5,0.7
38156,The Big I Am,2010-04-07,4.7,"Thriller, Crime, Drama","Leo Gregory, Vincent Regan, Michael Madsen, Robert Fucilla, Steven Berkoff",Nic Auerbach,"A cruel twist of fate catapults small time crook Mickey Skinner into the big league, as head of a brutal London gang poised on the brink of a lucrative human-trafficking deal.",The Big I Am (2010),164254,2.25,0.45
158921,Reflections of a Blender,2010-08-19,7.875,"Comedy, Thriller","Ana Lúcia Torre, Selton Mello, Germano Haiut, Fabiula Nascimento, Aramis Trindade",André Klotzel,"After receiving a patch, a blender suddenly gains consciousness. As it grapples with existential questions, it becomes the sole companion to the grieving wife of a missing man.",Reflections of a Blender (2010),164258,3.1666666666666665,0.6333333333333333
78453,The House That Drips Blood on Alex,2010-10-14,3.9,"Horror, Comedy","Tommy Wiseau, Joel S. Greco, Justine Ezarik, Brooke Brodack, Rory Windhorst","Brock LaBorde, Jared Richard","Tells the tale of Alex as he moves into a peculiar house that mysteriously drips blood on him - a situation that he finds puzzling, perplexing and disturbing.",The House That Drips Blood on Alex (2010),164306,2.75,0.55
49350,Harriet the Spy: Blog Wars,2010-03-26,5.1,"Family, Comedy, Drama, TV Movie","Jennifer Stone, Vanessa Morgan, Wesley Morgan, Kiana Madeira, Kristin Booth",Ron Oliver,Young spy Harriet Welsch crosses paths with popular student Marion Hawthorne as the two girls vie to become the official blogger of their high school class.,Harriet the Spy: Blog Wars (2010),164797,2.7,0.54
145132,A Heartland Christmas,2010-12-10,7.896,"Family, TV Movie","Amber Marshall, Helene Joy, Nicholas Campbell, Cindy Busby, Chris Potter",Dean Bennett,"Christmas comes to Heartland, along with an anonymous call about starving horses stranded by an avalanche in the Rocky Mountains, which send Amy and Ty to their rescue.",A Heartland Christmas (2010),164837,4.166666666666667,0.8333333333333334
89825,Heart and Yummie,2010-10-16,8.081,"Adventure, Animation, Family","Kappei Yamaguchi, Seishirou Katou, Tomoyo Harada, Tokuyoshi Kawashima, Tetsuya Bessho",Masaya Fujimori,"Heart is a tyrannosaurus who is found and raised bv a herbivore mother. After learning his true nature as a meat eater, he runs away from home and finds a baby ankylosaurus egg that hatches and thinks Heart is his father. After accidentally naming the baby Yummie - thinking he looked tasty - their love for one another tests the bounds of nature vs. nurture.",You Are Umasou (2010),164895,3.8,0.76
67804,Risen,2010-07-28,4.3,Drama,"John Noble, Erik Morales, Shane Richie, Grainne Joughin, Simon Phillips",Neil Jones,"As one of the rising talents of amateur boxing, Howard Winstone, a young Welsh boy from Merthyr Tydfil, was fast making a name for himself with his knock out right hand. A long professional fighting career surely beckoned? Then disaster strikes. An industrial accident results in Winstone losing three fingers on his right hand. Through sheer determination, and despite only being able to make a fist with one hand, Winstone develops a dynamic new style and begins boxing his way back up the amateur ranks eventually turning pro. Supported by his family and guided by new trainer, Eddie Thomas, Winstone becomes the Champion of Britain and then Europe. Now, with the hopes of an entire nation on his shoulders, he is stood poised to challenge for the crown of Featherweight Champion of the World ...",Risen (2010),165021,3.1217591102962157,0.6243518220592431
42917,Outcast,2010-12-10,5.128,"Fantasy, Horror","James Nesbitt, Kate Dickie, Therese Bradley, Karen Gillan, Ciarán McMenamin",Colm McCarthy,"When Mary and her teenage son, Fergal, move to yet another new home, it soon becomes clear they live their lives on the run, hiding from someone or something, terrified of being found. Their hunter, Cathal, soon picks up the trail. Intent on tracking Mary and Fergal, he will go to any lengths to succeed in his quest, often using dark arts to aid him. Mary’s only defence is to use an ancient form of her own magic to protect her only son. When local residents begin to be brutally murdered by an unknown life force, the sense of fear escalates. Is Cathal the beast responsible for the killing? Or is it the beast that he is trying to destroy?",Outcast (2010),165065,3.375,0.675
81583,45365,2009-03-14,6.2,Documentary,,"Turner Ross, Bill Ross","With cameras in hand, directors Bill and Turner Ross return to their hometown of Sidney, Ohio—zip code 45365—for nine months. In this small town, the stories of a father and son, cops and criminals, officials and their electorate coalesce into a mosaic of faces, places, and events.",45365 (2010),165147,3.1,0.62
56242,Demonic Toys: Personal Demons,2010-01-26,3.548,"Horror, Fantasy","Selene Luna, Michael Citriniti, Lane Compton, Muffy Bolding, Alli Kinzel",William Butler,A group of people on a world wide search for oddities find themselves trapped in a nine hundred year old Italian castle when they accident unleash the Demonic Toys.,Demonic Toys: Personal Demons (2010),165423,1.25,0.25
67833,The Last Escape,2010-02-26,6.6,Drama,"Yves Jacques, Jacques Godin, Andrée Lachapelle, Aliocha Schneider, Nicole Max",Léa Pool,"Christmas approaches and the Lévesque family has once again gathered for their traditional celebration. But this time there is a mixture of emotions running through each person. The patriarch of the family suffers from a combination of Parkinson’s Disease and heart failure. His life reduced in every way, the end approaches and there are unhappy memories of his once violent and authoritarian past. But his wife, ten children and many grandchildren try to maintain a semblance of the Christmas season.",The Last Escape (2010),165465,3.75,0.75
46718,DC Showcase: Green Arrow,2010-09-28,7.2,"Animation, Adventure, Action","Neal McDonough, Malcolm McDowell, Steve Blum, Grey DeLisle, John DiMaggio",Joaquim Dos Santos,"At an airport, the Emerald Archer must protect a young princess from assassins.",DC Showcase: Green Arrow (2010),165533,3.625,0.725
113649,Be with Me,2010-06-10,5.4,"Horror, Thriller, Romance","Han Yeri, Hong Jong-hyun, Hwang Byeong-gug, Shin Ji-soo, Kim Kkob-bi","Kim Jho Gwang-soo, Yeo Myeong-jun, Jo Eun-kyung, Hong Dong-myung","Seo-hee, Nam-hee and Lan. These three girls happen to read their tarot cards. Tarot cards tell them once-in-a-life-time opportunities will be coming to each of them simply by holding tarot cards and chanting magic spells. And the magic spells are nothing but their own names! Once their names are said, very special events begin to unfold.",Be with Me (2010),165541,3.5,0.7
61722,Sennentuntschi: Curse of the Alps,2010-09-23,6.34,"Thriller, Horror, Mystery","Roxane Mesquida, Nicholas Ofczarek, Andrea Zogg, Carlos Leal, Joel Basman",Michael Steiner,"1975, Swiss Alps: In a remote mountain village, a beautiful and mysterious woman shows up. Only the village policeman takes care of the strange woman and tries to find out who she is. There are hints that she came from the Höhenalp Alp, where herdsmen do unthinkable things to get the company of women. Many dark truths are revealed that should better have remained hidden. A tragedy of lust, insanity and murder is brought to a seemlingly pure and perfect world. It is the beginning of a nightmare of religious insanity, hypocrisy, abuse and belief in demons, who destroys a young family and brings a whole village to destruction.",Sennentuntschi (2010),165545,3.375,0.675
117337,Kajraare,2010-10-15,2.6,"Romance, Drama, Crime","Himesh Reshammiya, Sara Loren, Gulshan Grover, Javed Sheikh, Adnan Shah Tipu",Pooja Bhatt,"Kajraare is a Bollywood film, released on October 15, 2010. The film is directed by Pooja Bhatt and stars Himesh Reshammiya and Mona Laizza. Himesh plays a singer who falls in love with a bar dancer and the film centralizes on how they find true love. It is the first Hindi film to be shot in Petra, ""the eighth wonder of the world",Kajraare (2010),165609,0.5,0.1
34231,The Graves,2010-01-29,3.7,"Horror, Thriller, Adventure","Clare Grant, Bill Moseley, Amanda Wyss, Tony Todd, Cathy Rankin",Brian Pulido,Two inseparable sister's visit to a remote mine town turns into a mind-bending fight for survival against menaces both human and supernatural.,The Graves (2010),165807,2.0,0.4
28987,The Kid,2010-04-22,6.4,Drama,"Rupert Friend, Natascha McElhone, Con O'Neill, Ioan Gruffudd, Jodie Whittaker",Nick Moran,"Based on the real life story of Kevin Lewis, the film follows his childhood of abuse, his descent into a life of crime and the way he put his life together again afterwards.",The Kid (2010),165917,2.5,0.5
39397,Circle of Pain,2010-08-15,3.881,Action,"Tony Schiena, Dean Cain, Heath Herring, Bai Ling, Louis Herthum",Daniel Zirilli,"Following an in-ring accident, Dalton Hunt retired from the world of mixed martial arts at the top of his game. Unable to outrun his guilt, he lost his family, his title, and his way. But when a crooked promoter lures him back into a fight against the current undefeated champ, Patrick ""The Brick"" Wahle, Dalton must enlist the aid of an enigmatic trainer to turn him back into a warrior so he can stand tall and do battle once again.",Circle of Pain (2010),165919,1.0,0.2
82916,The Last Ronin,2010-12-18,6.633,"Drama, History","Koji Yakusho, Koichi Sato, Hitomi Miyauchi, Koji Yamamoto, Jun Fubuki",Shigemichi Sugita,"16 years after the fateful ""revenge of the Forty-seven Ronin,"" involving samurais from the Ako domain who avenged their leader and then commited seppuku (ritual suicide), the sole survivor of that incident, Kichiemon Terasaka (Koichi Sato) traverses the country on a mission. His purpose is to find the families of the fallen samurais and spread the truth of the ronin uprising.",The Last Ronin (2010),165945,3.5,0.7
167012,The Wish List,2010-07-19,6.5,"Comedy, Drama, Romance, TV Movie","Jennifer Esposito, David Sutcliffe, Richard Portnow, Mark Deklin, Diane Venora",Kevin Connor,"Sarah Fisher, an overly organized, by-the-numbers kind of woman, makes a ""wish list"" of all the qualities and traits her future husband should have. After finding the perfect man, she falls for a guy who meets none of her criteria and discovers that life and love don't always work out according to the master plan.",The Wish List (2010),166201,3.5,0.7
40690,Classic Albums: Black Sabbath - Paranoid,2010-06-28,7.1,"Documentary, Music","Ozzy Osbourne, Tony Iommi, Geezer Butler, Bill Ward, Tom Allom",Matthew Longfellow,"The story of how the classic album ""Paranoid"" was made, with stories from band members to those who were influenced by its content, form and vitality.  Paranoid is the second studio album by English rock band Black Sabbath. Released in September 1970, it was the band's only LP to top the UK Albums Chart until the release of 13 in 2013. Paranoid contains several of the band's signature songs, including ""Iron Man"", ""War Pigs"" and the title track, which was the band's only Top 20 hit, reaching number 4 in the UK charts. It is often regarded as one of the most quintessential and influential albums in heavy metal history.",Black Sabbath: Paranoid (2010),166322,3.625,0.725
52254,David Wants to Fly,2010-05-06,7.0,Documentary,"David Lynch, David Sieveking, Marie Pohl, Donovan, Paul McCartney",David Sieveking,"A documentary. David Sieveking takes the advice of his idol, David Lynch and tries out Maharishi Mahesh Yogi's transcendental meditation technique.",David Wants to Fly (2010),166490,3.25,0.65
71543,Intimate Grammar,2010-09-23,7.2,Drama,"Yehuda Almagor, Roee Elsberg, Evelyn Kaplun, Orly Zilberschatz, Rivka Gur",Nir Bergman,"""Intimate Grammar"" is a sensitive study of an inner journey rich in detailed observation. A dysfunctional family and delayed puberty make life miserable for a pre-adolescent growing up in Jerusalem in the 1960's. The film, an adaptation of David Grossman's ""The Book of Intimate Grammar"", shows our hero, Aharon Kleinfeld, striving to survive his domineering mother, his anti-intellectual father and his own diminutive stature in a setting of a lower-middle-class housing development where gossip is rampant and appearances are all important.",Intimate Grammar (2010),166506,3.375,0.675
44010,Logan,2010-09-10,5.35,"Comedy, Drama, Family","Leo Howard, Patrick Probst, Booboo Stewart, Abigail Isom, Nicole Carmela","Kyle Lawrence, Caleb Doyle",A teen does everything he can to finish his younger brother's project when tragedy strikes.,Logan (2010),166508,2.75,0.55
62439,Hello Ghost,2010-12-23,7.609,"Comedy, Drama, Romance, Family","Cha Tae-hyun, Kang Ye-won, Lee Moon-Su, Ko Chang-seok, Jang Young-nam",Kim Yeong-tak,"A man's failed suicide attempt enables him to see ghosts, who later keep following him everywhere. It is now up to him to fulfill their wishes to make them go away.",Hello Ghost (2010),166524,3.5454545454545454,0.7090909090909091
37708,Wild Things: Foursome,2010-06-01,5.079,"Crime, Drama, Mystery","Jillian Murray, Marnette Patterson, Ashley Parker Angel, John Schneider, Ethan S. Smith",Andy Hurst,A murdered hotel millionaire's son finds himself tangled up in a game of seduction and murder after a raunchy night with three beautiful women.,Wild Things: Foursome (2010),166566,2.6875,0.5375
45017,Uninhabited,2010-05-14,4.542,"Thriller, Horror","Geraldine Hakewill, Bob Baines, Tasia Zalar, Henry James, Billy Milionis",Bill Bennett,"Harry and Beth wanted a different kind of holiday so they chartered a boat to drop them off on a remote coral island on the Great Barrier Reef. The island was idyllic, surrounded by a wide reef, covered in palms and full of birds and other wildlife. It was small and totally deserted or so they thought. But when things go missing from their camp site and they discover someone else's footprints in the sand this quickly becomes disturbing as they realize the island has a ghost! Inspired by actual events.",Uninhabited (2010),166679,2.25,0.45
139434,You Don't Like the Truth: 4 Days Inside Guantanamo,2010-01-01,7.5,,Omar Khadr,"Patricio Henríquez, Luc Côté","The interrogation recordings of the underaged Canadian Guantanamo Bay prisoner, Omar Khadr, by Canadian intelligence personnel are presented with observations by his attorneys and former cell mates.",You Don't Like the Truth: 4 Days Inside Guantanamo (2010),166697,4.5,0.9
52939,Three Heroes and the Shamakhan Queen,2010-12-29,6.288,"Animation, Family, Comedy, Adventure","Valeri Solovyev, Anna Geller, Oleg Kulikovich, Liya Medvedeva, Sergey Makovetskiy",Sergey Glezin,"A bogatyr is an epic warrior from ancient Kievan Rus. Most are directed in the traditional bylinas, traditional Russian epic poems, as being endowed with enormous strength and cunning, although often not completely immune to human weaknesses. Here, our three heroes gather together once more to rescue the ruler of the land from the attempts of an evil foreign queen. She plans to make him fall in love with her so her youth and beauty can be renewed, but in exchange will destroy his kingdom.",Tri bogatyrya i Shamakhanskaya tsaritsa (2010),166765,3.1621621621621623,0.6324324324324324
60254,The Other Dumas,2010-02-10,5.778,"Drama, History","Gérard Depardieu, Benoît Poelvoorde, Mélanie Thierry, Dominique Blanc, Catherine Mouchet",Safy Nebbou,"Alexandre Dumas, at the height of his career, takes Auguste Maquet, his chief literary collaborator or 'ghost writer' ten years his junior, to meet a young unknown admirer, Charlotte Desrives.  The two men are at the summit of their artistic collaboration for they have just published ""The Count of Monte Christo"", ""Queen Margot"" and ""The Three Musketeers"". If it's Maquet who writes the majority of the texts, both the honours and fame go to Dumas.",L'autre Dumas (2010),166786,3.75,0.75
53035,Kevorkian,2010-06-28,6.7,Documentary,Jack Kevorkian,Matthew Galkin,"Documentary about Dr. Jack Kevorkian, who was performing euthanasia in the US in 1990's",Kevorkian (2010),166880,4.0,0.8
103181,Sondheim! The Birthday Concert,2010-11-16,8.0,Music,"David Hyde Pierce, Laura Benanti, Matt Cavenaugh, Michael Cerveris, Victoria Clark",Lonny Price,"Join us for a rousing celebration of the life and works of one of Broadway's greatest legends — the one and only Stephen Sondheim.  For the master composer and lyricist's 80th birthday, many of musical theater's brightest stars gathered in March of 2010 to perform more than two dozen sensational numbers from Sondheim's illustrious career, and several of these enduring songs are performed by the original Broadway cast members.  David Hyde Pierce hosts this magical event with Stephen Sondheim's longtime collaborator Paul Gemignani conducting the New York Philharmonic. Originally broadcast as an episode of the PBS series ""Great Performances"" (season 38, episode 2).",Sondheim! The Birthday Concert (2010),166900,5.0,1.0
136921,Pixels,2010-04-01,7.1,"Science Fiction, Animation, Action",,Patrick Jean,New York City is invaded by 8-bit creatures.,Pixels (2010),166952,3.0,0.6
51281,The Ugly Duckling,2010-09-16,6.8,Animation,"Armen Dzhigarkhanyan, Konstantin Raykin, Yuliya Rutberg, Svetlana Stepchenko, Vladimir Kachan",Garri Bardin,"Adapted from the Andersen tale and played out in musical comedy mode, The Ugly Duckling is set in a farmyard where roosters, hens, ducks and geese live and lay eggs together. One fine day, a rooster discovers a giant egg behind the farmyard kingdom fence, and discreetly slips it into the clutch laid by his partner... Very soon, a cygnet emerges, but as he in no way resembles any of them he is immediately stigmatized by the whole farmyard, enduring humiliations and suspicion on the part of his feathered companions. But in the end he becomes a magnificent white swan.",The Ugly Duckling (2010),167278,1.9166666666666667,0.38333333333333336
266558,Casus Belli,2010-09-03,6.8,"Comedy, Drama, Fantasy","Iris Ponkina, Hara Aga, Michalis Ainatzoglou, Kostas Alexandrou, Ilias Alexeas",Yorgos Zois,"All kinds of people are waiting in seven different queues. The first person of each queue becomes the last of the next one, thus creating an enormous human line. But at the end of the line, it all begins backwards again.",Casus Belli (2010),167384,3.875,0.775
65871,Zombie Undead,2010-01-15,3.5,Horror,"Ruth King, Kris Tearse, Barry Thomas, Christopher J. Herbert, Steven Dolton",Rhys Davies,"A car roars through the darkened country roads. Inside, a distraught Sarah, holding her stricken dad, Mark, is desperately trying to stem the flow of blood. Having been re-directed to an Evacuation facility on the edge of town, Steve, an off-duty Paramedic is in a race against time fully aware that Mark's chances of survival are rapidly slipping away. The scene that greets them on arrival is one of chaos. The floor, awash with blood, is covered with the bodies of the dying and injured, doctors dart back and forth, clearly overwhelmed. A violent convulsion causes Mark to lose consciousness, heart stopped he slumps to the floor. As the adrenalin needle slams into her Fathers heart Sarah stumbles back and her world fades to black. Upon regaining consciousness Sarah is greeted by the uneasy silence of a seemingly deserted building. Bleeding and dazed she stumbles through the darkened corridors unaware of the fate that awaits her...",Zombie Undead (2010),167402,2.6666666666666665,0.5333333333333333
50737,Hunting Season,2010-12-02,7.042,"Mystery, Crime, Thriller","Şener Şen, Cem Yılmaz, Çetin Tekindor, Melisa Sözen, Okan Yalabık",Yavuz Turgul,"Veteran homicide cop Fermanand his hot-headed partner İdris team up with rookie cop and anthropology major Hasan to investigate the murder of a young woman. The suspects include her conservative family, who might have killed her for honor, her drug-dealing boyfriend and aged billionaire Battal who had taken the victim as his second wife.",Hunting Season (2010),167710,3.1176470588235294,0.6235294117647059
43641,Superman/Shazam!: The Return of Black Adam,2010-11-16,7.047,"Animation, Action","George Newbern, Jerry O'Connell, Arnold Vosloo, Zach Callison, James Garner",Joaquim Dos Santos,"Chosen the world’s protector against the Seven Deadly Enemies of Man – pride, envy, greed, hatred, selfishness, laziness and injustice – young Billy Batson accepts his destiny as Captain Marvel. Battling alongside Superman against nefarious Black Adam, Billy soon discovers the challenge super heroes ultimately face: is it revenge or justice?",Superman/Shazam!: The Return of Black Adam (2010),167780,3.4130434782608696,0.682608695652174
61005,The Good Witch's Gift,2010-11-13,7.531,"Drama, Family, Fantasy","Catherine Bell, Chris Potter, Catherine Disher, Peter MacNeill, Matthew Knight",Craig Pryce,"Almost as soon as Jake and Cassie decide to get married on Christmas Eve, complications arise.",The Good Witch's Gift (2010),168036,3.7777777777777777,0.7555555555555555
89269,After the Fall,2010-10-09,5.208,"Drama, TV Movie","Andrea Bowen, Greg Evigan, Gail O'Grady, Fiona Dourif, Alicia Ziegler",Bradford May,"A serious accident that leaves a champion horseback rider paralyzed. The movie tells the story of the young rider’s indomitable spirit as she fights to walk again, and the response she gets from her family and friends as she makes her incredible journey",After the Fall (2010),168054,3.25,0.65
60447,Devolved,2010-03-22,1.938,Comedy,"Lindsey Shaw, Gary Entin, Robert Adamson, Chris Kattan, Blake Baskin",John Cregan,"A group of teenagers find themselves shipwrecked on an uncharted island off the Mexican coast. Faced with the prospect of a long-term stay, the island soon degenerates into a struggle between two groups; teens who want high school to end as fast as possible, and teens who never want high school to end.",Devolved (2010),168678,1.25,0.25
50163,The Child Wanderers,2010-03-26,6.8,"Family, Drama","Robin Pedersen Daniel, Kris Kristofferson, Mathilde Berg, Dennis Storhøi, Agnete G. Haaland",Grete Salomonsen,"In the 1890s, 10-year-old Yohan is sent away from home to survive on his own as a child laborer. He experiences hardships and overcomes his fears by relying on bravery and hope to make the best of his circumstances.",The Child Wanderers (2010),168762,5.0,1.0
58368,Kung Fu Wing Chun,2010-10-12,7.1,"Action, Comedy, Romance","Bai Jing, Yu Shaoqun, Collin Chou, Kara Wai Ying-Hung, Yuen Wah",Joe Cheung Tung-Cho,"Losing her mother at a tender age, Yim Wing Chun (Bai Jing) grew up under the wing of Master Ng Mui (Kara Hui), a fugitive in the end of the Qing dynasty. Inspired by Ng Mui's Shaolin kung fu, the boyish Wing Chun develops a kind of martial arts that would one day be named after her, while she strikes up a romance with righteous businessman Liang Baochou (Yu Shaoqun). When the minions of the Qing government draw near, Wing Chun must break out of their ambush to join Ng Mui in the showdown with Kam Ying (Collin Chou), the evil master who helps the Qing empire hunt down its enemies with his formidable Eagle Claws kung fu!",Kung Fu Wing Chun (2010),168836,3.5,0.7
51322,The Child's Eye,2010-10-13,4.2,Horror,"Rainie Yang, Elanne Kwong Yeuk-Lam, Ciwi Lam Sze-Man, Xu Zhengxi, Shawn Yue","Danny Pang Phat, Oxide Pang Chun","A group of friends finds themselves stranded in an old hotel in Thailand. As they uncover the history beneath the walls, they're slowly drawn into its sinister past, making it even harder to get out alive.",The Child's Eye (2010),168842,1.8333333333333333,0.36666666666666664
133160,Postcard,2010-10-27,5.4,"War, Drama, Romance","Etsushi Toyokawa, Naomasa Musaka, Shinobu Otake, Akira Emoto, Mitsuko Baisho",Kaneto Shindō,"Toward the end of World War II, middle-aged soldier Keita is entrusted with a postcard from a comrade who is sure he will die in battle. After the war ends, Keita visits his comrade's wife Yuko and bears witness to the tragic life she has led.",Postcard (2010),168920,2.0,0.4
78997,Jimi Hendrix: Voodoo Child,2010-09-18,7.3,Documentary,"Bootsy Collins, Jimi Hendrix, Mitch Mitchell, Noel Redding",Bob Smeaton,"Seattle, WA EMP brings viewers inside the ground-breaking story of one man, his music and the world that embraced him with the two-hour documentary special ""Jimi Hendrix Voodoo Child,""",Jimi Hendrix: Voodoo Child (2010),168956,3.25,0.65
83944,Sketches of Kaitan City,2010-12-18,5.4,Drama,"Mitsuki Tanimura, Pistol Takehara, Ryo Kase, Masaki Miura, Takashi Yamanaka",Kazuyoshi Kumakiri,"The bittersweet events in the lives of people in Hakodate, a regional city connected by a streetcar network. A laid-off man and his younger sister go up a mountain to see the first sunrise of the year. Meanwhile, Haruo  has inherited his family's gas business, but things aren't going well in his new endeavor and he becomes increasingly frustrated.",Sketches of Kaitan City (2010),169120,2.0,0.4
125493,Tokyo Stray Girls,2010-09-04,4.5,Drama,"Norie Yasui, Mayu Sakuma, Hirofumi Arai, Makiko Watanabe, Minoru Torihada",Hisayasu Satō,"A timid young woman who lives with her domineering mother accepts an Adult Video scout's offer to ""become somebody else"" by performing in porn videos. As she rises in popularity, the boundaries between her two lives begin to disintegrate.",Love & Loathing & Lulu & Ayano (2010),169138,3.1217591102962157,0.6243518220592431
80976,Sawako Decides,2010-05-01,5.7,"Drama, Comedy","Hikari Mitsushima, Masashi Endô, Kotaro Shiga, Ryo Iwamatsu, Kira Aihara",Yuya Ishii,"After 5 years in Tokyo, 5 part-time jobs, 5 boyfriends, Sawako's life is going nowhere. When her father gets seriously ill, she has to take over his struggling factory. Gradually she becomes the decider of her own life.",Sawako Decides (2010),169150,3.0,0.6
44303,Higglety Pigglety Pop! or There Must Be More to Life,2010-03-02,7.1,"Family, Fantasy, Animation","Meryl Streep, Spike Jonze, Alain Goulem, Al Tuck, Audrée Juteau","Chris Lavis, Maciek Szczerbowski","Jennie the terrier has everything a dog could ever wish for, but still feels that something is missing. She leaves home to discover what that is.",Higglety Pigglety Pop! or There Must Be More to Life (2010),169174,3.5,0.7
51021,A Lure: Teen Fight Club,2010-11-16,6.88,"Action, Drama, Crime","Jessica Sonneborn, Michael McLafferty, Paulie Redding, Augie Duke, Casey Reinhardt",Bill McAdams Jr.,"A community is under siege as three Belmont Highschool coed students go missing with no trace of their whereabouts. The pressure is on the police to capture the culprits responsible. Scouring the school hallways in search of clues, undercover female detective Maggie Rawdon (Jessica Sonnerborn) enters Belmont High as a transfer student in an attempt to solve the hideous disappearance of the students. Maggie makes a few new friends, and gets invited to a private rave in the country. Just as the group begins to suspect that they've taken a wrong turn, however, the trap is sprung and Maggie finds out firsthand what fate has befallen the missing girls.",Lure: Teen Fight Club (2010),169468,1.5,0.3
86658,Zombie Christ,2010-10-27,2.143,Horror,"Jessica Alexandra Green, Jordana Leigh, Caitlin Burdi, Taylor Trash, Kathy Rice",Bill Zebub,Druids resurrect the partially mummified remains of Jesus. They force the zombified Christ to commit unspeakable acts as their sect prepares to rule a new age of mankind.,Zombie Christ (2010),169748,3.1217591102962157,0.6243518220592431
70740,Goblin,2010-07-13,4.5,"Horror, Fantasy, Science Fiction","Gil Bellows, Tracy Spiridakos, Camille Sullivan, Donnelly Rhodes, Reilly Dolman",Jeffery Scott Lando,"Every Halloween, a small hamlet in the deep woods is visited by a fierce goblin, intent on capturing infants and brutally murdering anyone in it's path.",Goblin (2010),169780,2.0,0.4
203273,Some Dogs Bite,2010-10-01,6.1,Drama,"Thomas Brodie-Sangster, Aaron Taylor, Kian Smith, Cory Smith, Lewis Ryan Dickinson",Marc Munden,"A 14-year-old (Casey) leads his two half-brothers (H, 19 years old and baby Severino) on a journey to find and live as a family with his father after their mother dies.",Some Dogs Bite (2010),169848,3.3333333333333335,0.6666666666666667
41520,Chico Xavier,2010-04-02,7.1,Drama,"Nelson Xavier, Ângelo Antônio, Matheus Costa, Tony Ramos, Christiane Torloni",Daniel Filho,A biography of spiritual medium and author Francisco Candido Xavier.,Chico Xavier (2010),169872,3.2,0.64
394385,Rainer Werner Fassbinder's World on a Wire: Looking Ahead to Today,2010-02-18,6.2,Documentary,"Michael Ballhaus, Fritz Müller-Scherz, Karl-Heinz Vosgerau, Günter Rohrbach, Moritz Eggert",Juliane Lorenz,"A retrospective look at the making of ""World on a Wire"".",Rainer Werner Fassbinder's World on a Wire: Looking Ahead to Today (2010),170006,4.285714285714286,0.8571428571428571
84562,Vine of the Soul: Encounters with Ayahuasca,2010-07-23,4.8,Documentary,"Guillermo Arévalo, Gabor Maté, Dennis J. McKenna, Kenneth Tupper",Richard Meech,"On a quest for emotional healing and spiritual awakening, a naturopathic doctor and an accountant join others in the Peruvian Amazon to drink a psychedelic brew called ayahuasca.",Vine of the Soul: Encounters with Ayahuasca (2010),170497,4.666666666666667,0.9333333333333333
73541,You Should Meet My Son!,2010-10-31,6.31,Comedy,"Joanne McGee, Carol Goans, Stewart Carrico, Ginger Pullman, Steve Snyder",Keith Hartman,"A comedy about a conservative Southern mom who discovers that her only son is gay. Determined that he won’t go through life alone and miserable, she sets out to find him the perfect husband!",You Should Meet My Son (2010),170507,3.5,0.7
63077,The Coming Days,2010-11-04,4.861,"Drama, Science Fiction","Bernadette Heerwagen, Daniel Brühl, Johanna Wokalek, August Diehl, Susanne Lothar",Lars Kraume,"Welcome to 2020: The European Union has collapsed following the fourth Gulf War and massive barricades keep illegal immigrants out of cities that are barely functioning. In the middle of this highly volatile environment is the family of Walter Kuper, an energy conglomerate executive. Walter’s daughter, Cecilia, has joined the Black Storm terrorist group. Her sister Laura must choose between motherhood and the man she loves; their brother Philip has been called up to fight for Germany in a hopeless war to secure the last remaining oil fields. Starring leading actors Daniel Brühl, Johanna Wokalek and Jürgen Vogel, ""The Days to Come"" asks provocative questions about the current state of things as it depicts personal and political realities in a scarily believable near–future.",The Coming Days (2010),170693,3.0,0.6
74312,Between 2 Fires,2010-10-13,5.2,Drama,"Magdalena Popławska, Simon Kassianides, Kamila Nowysz, Leila Haji, Anna Kulawik-Chojnacki",Agnieszka Lukasiak,A young mother with her daughter escapes child trafficking in their home country Belarus just to end up in a refugee camp in northern Sweden. In her vulnerable situation she becomes a easy target for her surrounding. Soon enough she get put in front of extreme choices which turns her life to a nightmare.,Between Two Fires (2010),170765,4.0,0.8
58286,The Recipe,2010-10-21,6.7,"Drama, Mystery, Romance","Lee Yo-won, Ryu Seung-ryong, Yoo Seung-mok, Cho Seong-ha, Lee Dong-wook",Lee Suh-goon,"A man on death-row wants to taste ""doenjang jjigae"" (a spicy Korean bean paste stew) before he dies. Television producer Choi Yu-Jin hears of the inmate and researches his story for an upcoming news report. Choi Yu-Jin then comes across a mysterious woman named Jang Hye-Jin who makes doenjang jjigae that brings tears of joy to those who tastes her recipe. As Choi Yu-Jin delves further, he learns of Jang Hye-Jin's heart breaking relationship with Kim Hyun-Soo.",The Recipe (2010),170771,4.333333333333333,0.8666666666666666
44249,The Legend Is Born: Ip Man,2010-06-24,6.836,"Drama, Action, History","Dennis To Yu-Hang, Huang Yi, Yuen Biao, Louis Fan Siu-Wong, Rose Chan Ka-Wun",Herman Yau,"The remarkable true story of the early life of Ip Man, the formidable kung fu genius who would become Bruce Lee's mentor; beginning at the start of his journey from his initial training through to the ultimate battle to become supreme master of the art of Wing Chun.",The Legend Is Born: Ip Man (2010),170891,3.212962962962963,0.6425925925925926
41416,Au Revoir Taipei,2010-04-02,5.7,"Comedy, Drama, Romance","Jack Yao, Amber Kuo, Joseph Chang, Lawrence Ko Yu-Luen, Frankie Kao",Arvin Chen,"Kai (Jack Yao), who works at his parent's noodle shop by day and spends his nights in a bookstore to learn French, decides to go to Paris after his girlfriend, who recently left for Paris, dumps him by phone. Then the local neighborhood mafia boss offers Kai a free plane ticket to Paris if he takes a mysterious package with him.",Au Revoir Taipei (2010),170929,3.5,0.7
35241,Charlie Murphy: I Will Not Apologize,2010-01-01,5.3,Comedy,"Charlie Murphy, Freez Luv",Lance Rivera,"Charlie Murphy: I Will Not Apologize is a live stand-up performance by Murphy in Boston. During his 1-hour set, Charlie covers a spectrum of topics, such as a discussing the male ego as well as a politically incorrect bit about people, including a certain former president of the United States, that he believes are ""functionally retarded."" He also does an amusing re-enactment of some scenes from 300. Murphy goes on to criticize the usual rehabilitation treatments ensuing from celebrity meltdowns (e.g., Mel Gibson and Michael Richards), arguing that an experience with Jigsaw from Saw is the only way to cure these people of their prejudices. Sticking with celebrities, he claims that Britney Spears's strange behaviour in 2007-08 was caused by her being possessed by the spirit of Rick James. In addition, Charlie hits on reality television, making fun of the courage (or lack thereof) of Dog the Bounty Hunter as well as an obsession with The Dog Whisperer.",Charlie Murphy: I Will Not Apologize (2010),171189,3.0,0.6
71031,Wound,2010-07-26,2.65,"Fantasy, Horror, Thriller","Kate O'Rourke, Te Kaea Beri, Campbell Cooley, Sandy Lowe, Brendan Gregory",David Blyth,"Wound is a supernatural horror that explores the dark worlds of mental illness, incest, revenge and death. We follow Tanya as she searches for the mother she has never met – a mother who gave her up for dead after being abused by her own father who remains stuck in her present life. Tanya returns from the dead to confront and possess her mother with all her deepest fears and desires, sending Susan into a state of madness and gore filled retribution. A dark, disturbing look into a haunted woman’s mind. This is one terrible dream you will never wake up from.",Wound (2010),171241,2.8333333333333335,0.5666666666666667
368663,Krackoon,2010-11-14,0.0,"Comedy, Horror","Sal Amore, Ken Champlin, Joe Ferri, Joseph Ferri, Kristen Landi",Jerry Landi,An innocent raccoon becomes a distorted bloodthirsty creature after an unfortunate cocaine ingestion incident.,Krackoon (2010),171267,3.1217591102962157,0.6243518220592431
270025,Uncle Bob,2010-06-26,4.333,Documentary,"Divine, Abel Ferrara, Touko Laaksonen, Robert Oppel, Bill Bowers",Robert Oppel,"Robert Oppel's documentary about the life and murder of his uncle and namesake, Robert Opel, the man who streaked the Academy Awards in 1974.",Uncle Bob (2010),171357,2.5,0.5
49833,Ay Lav Yu,2010-03-12,4.95,Comedy,"Sermiyan Midyat, Katie Gill, Steve Guttenberg, Mariel Hemingway, Ayşenil Şamlıoğlu",Sermiyan Midyat,"Mukhtar Yusuf Ağa’s unregistered village in eastern Anatolia has been championed through letters to government officials, and his lost son İbrahim, rescued and registered by Father Hana, is finally returning at age 30 with his American love Jessica; the question is whether Tinne can become their true homeland.",Ay Lav Yu (2010),171383,3.25,0.65
48763,Eyyvah Eyvah,2010-02-26,6.352,Comedy,"Demet Akbağ, Ata Demirer, Özge Borak, Salih Kalyon, Tanju Tuncel",Hakan Algül,"Hüseyin is a young man who lives with his grandfather and grandmother in a village in Thracian Turkey. The two great loves of his life are his clarinet and Müjgan, a nurse. Although Hüseyin is content with his life, with his music and dreams of Mügan, due to an unexpected development he leaves his village. He ends up in Istanbul where he finds support first in his clarinet and then in the friendship of the singer Firuzan. Firuzan is a popular nightclub performer who is eagerly working on an album as she leads a colorful but complicated life. When Firuzan meets Huseyin, the course of events gives away to a hilarious adventure.",Eyyvah Eyvah (2010),171393,3.1666666666666665,0.6333333333333333
38614,A Romantic Comedy,2010-02-05,4.622,"Romance, Comedy","Sinem Kobal, Burcu Kara, Sedef Avci, Cemal Hünal, Engin Altan Düzyatan",Ketche,"Bored with her life and inspired by a friend's wedding, Esra quits her job and dumps her boyfriend, leading to a series of romantic misadventures.",Romantik Komedi (2010),171413,2.0,0.4
49057,The Trial,2010-09-10,5.844,"Comedy, Drama, Romance","Matthew Modine, Bob Gunton, Robert Forster, Larry Bagby, Randy Wayne",Gary Wheeler,"After the horrific death of his wife and two sons, suicide seems to be the only escape for small town attorney Kent ""Mac"" McClain... until he's assigned a capital punishment case that begins to transform his life and those around him forever.",The Trial (2010),171433,3.0,0.6
49426,The Fog,2010-05-09,5.1,"Drama, War, Science Fiction","Igor Shmakov, Vasily Raksha, Artyom Krestnikov, Ilya Glinnikov","Ivan Shurhovetsky, Artyom Aksenenko","Present time. A squad of young soldiers of the Russian army during the march-throw splits from the main group. In order to save time, they decide to cut the path, but get into the strange fog, which transfers them to the past, right into the World War the Second. Boys, who saw fight only in the movies, and imagined it on the training field, get into the heart of the real WAR. Real courage, real fear, real love and hate, and real DEATH. No time to ask questions. Survive and fight for your country!",The Fog (2010),171447,3.25,0.65
31059,Our Russia: Eggs of Destiny,2010-01-20,4.6,Comedy,"Sergey Svetlakov, Mikhail Galustyan, Valeriy Magdyash, Viktor Verzhbitskiy, Aleksandr Semchev",Gleb Orlov,"Rafshan and Dzhumzhud, migrant workers from Nubarashen, illegally come to Moscow, where the team leader Leonid received an order for super-expensive repairs from one oligarch. Having lost in the capital the “nationalist”, Rafshan and Dzhumzhud are trying to find and save him, wreaking havoc and destruction everywhere. But in the most hopeless situation, fate turns to guest workers - Rafshan and Dzhumzhud learn a terrible secret that will change everything ...",Nasha Russia: Yaytsa sudby (2010),171519,1.6875,0.3375
63414,Darling,2010-04-23,6.483,"Drama, Romance","Prabhas, Kajal Aggarwal, Prabhu, Tulasi, Ahuti Prasad",A. Karunakaran,"Prabha prepares to meet Nandini, his childhood friend, at a reunion party organised by his father. However, things take a turn when Nisha, a gangster's daughter, falls in love with him.",Darling (2010),171531,3.3333333333333335,0.6666666666666667
36566,Cheech & Chong's Hey Watch This,2010-04-20,5.9,"Documentary, Comedy","Cheech Marin, Tommy Chong, Shelby Chong, Jimmy Root",Christian Charles,"A documentary based on Cheech and Chong's ""Light Up America"" reunion tour.",Cheech & Chong's Hey Watch This (2010),171565,4.25,0.85
77235,You're So Cupid,2010-11-06,6.2,"Fantasy, Drama, Science Fiction, Romance, Family","Lauren Holly, Brian Krause, Jeremy Sumpter, Caitlin E.J. Meyer, Danielle C. Ryan",John Lyde,"Fraternal twin sisters Emma and Lilly are as different as night and day. Emma, the beautiful blonde tomboy, would rather be riding a horse than anything else in the world. While Lilly, her shy redheaded twin, loves to be left alone to curl up with a good book. Emma and Lilly have an insatiable desire to play matchmaker,  because their father is actually Cupid. Life gets complicated when they discover they're in love with the same guy and they become bitter rivals as they try to win his affection. But can Emma and Lily overcome their problems and use their matchmaking skills to bring their parents back together?",You're So Cupid (2010),171591,3.5,0.7
55429,The Lullaby,2010-02-12,5.911,"Comedy, Fantasy","Robert Więckiewicz, Janusz Chabior, Krzysztof Kiersznowski, Jacek Koman, Ewa Ziętek",Juliusz Machulski,"A weird family named Makarewicz moves into a house recently abandoned by its owner, set in an idyllic but isolated Masurian village. Very soon a number of local residents and a few visitors mysteriously disappear. Nobody suspects that their new neighbors are a perfectly camouflaged vampire family...",Kołysanka (2010),171823,3.3636363636363638,0.6727272727272727
76638,Surviving Life (Theory and Practice),2010-09-16,6.814,"Animation, Comedy, Fantasy, Drama","Václav Helšus, Klára Issová, Daniela Bakerová, Zuzana Kronerová, Marcel Nemec",Jan Švankmajer,"Eugene, an aging man, leads a double life - one real, the other in his dreams. He goes to see a psychoanalyst, who tries to interpret the meaning of his dreams. Eugene finds a way of entering his dream-world at will and finds out about his childhood and what really happened to his parents.",Surviving Life (Theory and Practice) (2010),171833,3.909090909090909,0.7818181818181819
53739,For the Good of Others,2010-06-03,5.208,"Thriller, Drama, Fantasy","Eduardo Noriega, Belén Rueda, Clara Lago, Angie Cepeda, Cristina Plazas",Oskar Santos,"Diego is a doctor so used to working in extreme situations that he has immunized himself to others' pain. He has switched off from his work, his partner and his commitment as a father. Over the course of a disturbing meeting, Diego is threatened with a gun. Hours later, he can only remember the sound of a bang and the strange feeling of having being hit with something more than a bullet. Diego has to take an irreversible decision which will affect his own life and that of his loved ones.",For the Good of Others (2010),172101,3.0,0.6
71288,Meant To Be,2010-04-24,5.25,"Comedy, Romance, Science Fiction","Kelly Reilly, Julian Rhind-Tutt, Santiago Cabrera, Mía Maestro, Marisé Álvarez",Paul Breuls,A delightful romantic comedy about about a guardian angel who falls for the young woman he is protecting.,Meant To Be (2010),172267,3.5,0.7
34203,Justin Time,2010-01-01,2.5,"Adventure, Fantasy, Action, Science Fiction, Family","Chris Laird, Shareece Pfeiffer, Michael Flynn, Danny Trejo",Rob Diamond,"An ancient stone amulet and calendar disc has the power to stop time. Passed from generation to generation, these magical artifacts end up in the hands of an 18-year-old half Shoshoni Indian named Justin, who chooses to to use his power to make the world a better place.",Justin Time (2010),172315,3.5,0.7
39026,Costa Rican Summer,2010-05-24,3.605,Comedy,"Peter Dante, Susan Ward, David Chokachi, Pamela Anderson, Max Van Ville",Jason Matthews,"A titillating teen comedy, a young surfer and his friends head to Costa Rica to save his beautiful aunt's beach motel, resurrect an old surf champion and find enough waves and women to make for a totally tasty time.",Costa Rican Summer (2010),172341,3.5,0.7
76706,Christmas Mail,2010-12-04,5.2,"Comedy, Family, TV Movie","Ashley Scott, A.J. Buckley, Lochlyn Munro, Rolonda Watts, Vanessa Evigan",John Murlowski,"In this holiday romantic comedy, a mysterious woman who works at the post office answering Santa's mail captures the heart of a disillusioned postal carrier.",Christmas Mail (2010),172347,3.5,0.7
48962,The Beauty and the Paparazzo,2010-01-28,6.5,"Comedy, Romance","Soraia Chaves, Marco D'Almeida, Pedro Laginha, Nuno Markl, Virgílio Castelo",António-Pedro Vasconcelos,"Telenovela star Mariana is on the verge of a nervous breakdown: shooting is not going smoothly, her popularity is waning, and she is forever being hounded by paparazzi. Frustrated, Mariana can't find out who is responsible for these invasions of her privacy. It is the feared 'Paparazzo' Gabriela Santos, who's real name is Juan. One day, Juan and Mariana meet by chance and fall in love. Now Juan must do everything he can to prevent Mariana from discovering his true identity.",A Bela e o Paparazzo (2010),172377,4.0,0.8
54144,Abel,2010-05-28,6.804,"Drama, Comedy","Christopher Ruiz-Esparza, José María Yázpik, Karina Gidi, Carlos Aragón, Gerardo Ruiz-Esparza",Diego Luna,"When 9-year-old Abel assumes his absent father's role as man of the house, he garners his family's respect, and life resumes a comfortable rhythm -- until a man arrives at the house, claiming he's the long-lost patriarch",Abel (2010),172381,4.0,0.8
51299,Life Cycles,2010-10-02,8.3,Documentary,,Derek Frankowski,"Life Cycles tells a spectacular story of the bike, from its creation to its eventual demise. A visually stunning journey, with thought provoking narration, Life Cycles uses Ultra HD to document the many stories surrounding the mountain bike and its culture. Ride along into breath taking natural settings, as we battle the elements, showcase the progression of riding, take a road trip, fix the bike, and show the destruction and eventual creation of trails. Semenuk, Hopkins, Schwartz, McIntosh, McCaul Agassiz, Hunter and Vanderham guide you through this wonderful story. Life Cycles is a celebration of the bicycle, and is sure to entertain anyone who has ever ridden one.",Life Cycles (2010),172477,3.875,0.775
40194,Paris Express,2010-02-24,5.139,"Comedy, Action, Crime","Michaël Youn, Géraldine Nakache, Jimmy Jean-Louis, Catalina Denis, Didier Flamand",Hervé Renoh,"From multicultural Paris to designer Paris, Montmartre to the Champs-Elysées, sleazy sidewalks to high-end galleries... Watch out! Sam the courier is a man on a mission! On his scooter, Sam breaks every rule of the road to make good on the ""express delivery"" promise of the courier service he works for. But however hard he tries, Sam never gets a bonus from his boss, never beats his slicker colleagues and never gets past his Dad, a cop who books him every time. All Sam has up is Nadia, and she will turn on him if he doesn't show up for her sister's wedding. Trouble is, Sam has one more delivery to make and his day has just gone from bad to worse...",Paris Express (2010),172509,3.8333333333333335,0.7666666666666667
66084,No Need to Grieve,2010-03-16,5.8,Comedy,"Vladimir Ilin, Evgeniy Stychkin, Yuri Stepanov, Fyodor Dobronravov, Nina Usatova",Ivan Bychkov,The adventures of the people living in a small village on a border between Russia and Belarus.,No Need to Grieve (2010),172513,3.5,0.7
37851,Hooked on the Game 2. The Next Level,2010-04-15,4.813,"Action, Science Fiction","Sergey Chirkov, Pavel Priluchnyy, Agniya Ditkovskite, Viktor Verzhbitskiy, Igor Sklyar",Pavel Sanaev,"The continuation of the adventures of the heroes of ""Hooked on the Game"".",Hooked on the Game 2. The Next Level (2010),172515,2.590909090909091,0.5181818181818182
36699,We Are from the Future 2,2010-02-18,5.0,"War, Science Fiction, Action, Adventure","Vladimir Yaglych, Ekaterina Klimova, Igor Petrenko, Dmytro Stupka, Vladislav Reznik",Dmitri Voronkov,"Two young Russian historians are going to Ukraine to take part in the reconstruction of the Lvov-Sandomierz operation in July 1944. On sight they fall into conflict with Ukrainian nationalists, and some magical twist of fate, move into the middle of real warfare from more than 60 years. Miraculously avoiding death at the hands of Ukrainian nationalists, caught in the middle of fighting between the Red Army and the Nazis.",We Are from the Future 2 (2010),172517,2.966666666666667,0.5933333333333334
47812,Love and the City 2,2010-02-25,5.9,"Comedy, Romance","Vera Brezhneva, Anastasiya Zadorozhnaya, Volodymyr Zelenskyy, Filipp Kirkorov, Anastasiya Stotskaya",Marius Weisberg,"Our three hapless heroes - Igor, Artyom, and Sauna - return for another lesson from St. Valentine. This time they must learn the true value of fatherhood.",Love and the City 2 (2010),172523,2.6842105263157894,0.5368421052631579
102935,War Don Don,2010-05-18,0.0,"Crime, Documentary",Issa Sesay,Rebecca Richman Cohen,"This gripping documentary follows the trial of Issa Sesay, a leader in Sierra Leone's civil war who stands accused of crimes against humanity. Can the trial of one man uncover the truth of a traumatic past?",War Don Don (2010),172559,4.5,0.9
418047,The Secret Life of Chaos,2010-01-14,6.9,Documentary,Jim Al-Khalili,Nic Stacey,"Chaos theory has a bad name, conjuring up images of unpredictable weather, economic crashes and science gone wrong. But there is a fascinating and hidden side to Chaos, one that scientists are only now beginning to understand. It turns out that chaos theory answers a question that mankind has asked for millennia - how did we get here?",The Secret Life of Chaos (2010),172725,4.1,0.82
111332,Avatar: Creating the World of Pandora,2010-02-07,6.395,Documentary,"James Cameron, Laz Alonso, Richard Baneham, Christopher Boyes, Rick Carter",Thomas C. Grane,The Making-of James Cameron's Avatar. It shows interesting parts of the work on the set.,Avatar: Creating the World of Pandora (2010),172851,3.8,0.76
34417,Good Intentions,2010-03-09,4.8,Comedy,"Luke Perry, Elaine Hendrix, Jon Gries, LeAnn Rimes, Jimmi Simpson",Jim Issa,"Meet Etta Milford. Loving Wife. Doting Mother. Armed Robber. Etta's husband constantly blows their money on make-shift inventions. When she decides to secretly take ""investment"" matters into her own hands - things quickly go awry! With their savings gone, her husband suspicious, and their children out of control, Etta concocts a scheme to get back their money and save her family.",Good Intentions (2010),172853,4.25,0.85
420481,Путь к себе,2010-04-10,7.0,Romance,Alexandr Sukhinin,,,Путь к себе (2010),172855,3.5,0.7
69976,Glukhar v kino,2010-05-06,4.0,,"Maksim Averin, Denis Rozhkov, Aleksey Serebryakov, Viktoriya Tarasova, Boris Khimichev",Vladimir Vinogradov,,Glukhar v kino (2010),172857,3.25,0.65
51267,Out Of Order,2010-06-06,4.8,Comedy,"Andrey Kaykov, Eduard Radzyukevich, Evgeniya Trofimova, Andrei Panin, Nonna Grishaeva",Aleksandr Atanesyan,A parliament member suddenly finds a dead body in his hotel room...,Out Of Order (2010),172863,3.0,0.6
73311,Tender Son: The Frankenstein Project,2010-07-26,6.3,Drama,"Rudolf Frecska, Lili Monori, Kornél Mundruczó, Kitty Csíkos, Székely B. Miklós",Kornél Mundruczó,"A boy returns home from the institution where he grew up, but finds he is not welcome there. He fights to win the love of his family but ends up murdering them.",Tender Son: The Frankenstein Project (2010),173239,2.5,0.5
83481,Heroes,2010-10-22,7.3,"Drama, Adventure","Eva Santolaria, Àlex Brendemühl, Àlex Monner, Ferran Rull, Mireia Vilapuig",Pau Freixas,"A young publicist, with a successful professional life but with an empty personal life, finds himself on a trip against time to get to an important business meeting. During the trip, he meets a girl and, although they are very different and have opposite ways of life, they click when recalling the most mythical and emotional time of their childhood: the last summer they spent with their gang",Heroes (2010),173705,3.25,0.65
133448,Macbeth,2010-12-12,6.9,Drama,"Patrick Stewart, Kate Fleetwood, Michael Feast, Martin Turner, Scott Handy",Rupert Goold,Renowned Shakespearean actor Patrick Stewart features as the eponymous anti-hero in this Soviet-era adaptation of one of Shakespeare's darkest and most powerful tragedies.,Macbeth (2010),173749,3.7222222222222223,0.7444444444444445
176896,Heavy Metal Britannia,2010-03-07,7.1,Documentary,"Glenn Tipton, Rob Halford, Brian Tatler, Jon Lord, Malcolm Dome",Chris Rodley,"Nigel Planer narrates a documentary which traces the origins and development of British heavy metal from its humble beginnings in the industrialised Midlands to its proud international triumph.  Contributors include Lemmy, Sabbath's Tony Iommi, Ian Gillan from Deep Purple, Judas Priest singer Rob Halford, Bruce Dickinson from Iron Maiden and Saxon's Biff Byford.",Heavy Metal Britannia (2010),174227,3.5,0.7
59406,Psywar,2010-09-07,7.0,Documentary,"Noam Chomsky, Howard Zinn, Michael Parenti, Peter Phillips, John Stauber",Scott Noble,"This film explores the evolution of propaganda and public relations in the United States, with an emphasis on the elitist theory of democracy and the relationship between war, propaganda and class. Includes original interviews with a number of dissident scholars including Noam Chomsky, Howard Zinn, Michael Parenti, Peter Phillips (Project Censored), John Stauber (PR Watch), Christopher Simpson (The Science of Coercion) and others. A deep, richly illustrated study of the nature and history of propaganda, featuring some of the world’s most insightful critics, Psywar exposes the propaganda system, providing crucial background and insight into the control of information and thought.",PsyWar: The real battlefield is your mind (2010),174409,4.75,0.95
51273,Dark World,2010-10-07,4.4,"Fantasy, Mystery, Thriller","Svetlana Ivanova, Ivan Zhidkov, Elena Panova, Ilya Alekseev, Sergey Ugryumov",Anton Megerdichev,"On a college trip to remote Northern forests, one of the students - Marina - encounters a burial site of an ancient witch, and is possessed by the spirits of the past. Now Marina and her companions must take part in the millennia old fight between good and evil, involving lake witches, sorcerers, and ancient forces from the myths.",Dark World (2010),174593,2.2857142857142856,0.45714285714285713
41242,Unresolved Sexual Tension,2010-03-18,4.781,"Comedy, Romance","Pilar Rubio, Miguel Ángel Muñoz, Norma Ruiz, Amaia Salamanca, Fele Martínez",Miguel Ángel Lamata,"University Professor Juanjo falls into a tailspin of depression and confusion after being dumped by his girlfriend. Convinced that he is being manipulated by her, he persuades his boldest student, Nico, to help him regain his former love. However, their seemingly simple plan ends up being a perverse game.",Unresolved Sexual Tension (2010),174621,3.0833333333333335,0.6166666666666667
258514,Van Gogh: Painted with Words,2010-04-05,7.3,"Drama, Documentary","Benedict Cumberbatch, Jamie Parker, Aidan McArdle, Christopher Good, Rowena Cooper",Andrew Hutton,"A drama-documentary presented by Alan Yentob, with Benedict Cumberbatch in the lead role. Every word spoken by the actors in this film is sourced from the letters that Van Gogh sent to his younger brother Theo, and of those around him. What emerges is a complex portrait of a sophisticated, civilised and yet tormented man.",Van Gogh: Painted with Words (2010),174861,3.35,0.67
90116,Jessicka Rabid,2010-11-26,2.8,Horror,"Elske McCain, Trent Haaga",Matthew Reel,Jessicka is held captive and treated like a human dog. But when she's let loose there will be hell to pay.,Jessicka Rabid (2010),175045,5.0,1.0
60940,Killer by Nature,2010-01-01,3.3,"Crime, Drama, Thriller","Ron Perlman, Armand Assante, Zachary Ray Sherman, Lin Shaye, Haley Hudson",Douglas S. Younglove,"The troubled teenager Owen Whitmore has a sleep disorder and occasionally sleepwalks. Owen is having therapy sessions with Dr. Katherine Ramos. Having just joined the medical school, he has to move to another town, but he is divided between the college and his sweetheart, Maggie. His parents Leona and Walter Whitmore are very worried about him. When Owen has violent dreams, Dr. Ramos decides to consult with Dr. Jonas Julian, a specialist in dream analysis and sleep disorders. Meanwhile, people are protesting in front of the Townsend State Prison where the infamous serial killer Dr. Eugene ""Mean Gene"" Branch will be executed. Dr. Eugene is the son of another serial-killer and had performed sadistic medical experiments on his victims. Out of the blue, Marcia Freeman who went missing, is found dead in precisely the way that Owen saw in his dreams - the murder set up as if carried out by Dr. Branch.",Killer by Nature (2010),175047,5.0,1.0
34104,The Cursed,2010-02-06,4.278,"Horror, Thriller","Louis Mandylor, Brad Thornton, Costas Mandylor, Francesca Ceci, James Marshall",Joel Bender,"A supernatural thriller set in a cozy Tennessee town where Sheriff Jimmy Muldoon and younger brother, Deputy Lloyd Muldoon, have a firm grasp of law and order until a stranger, Denny White, comes to town and horrible things begin to happen.",The Cursed (2010),175049,2.5,0.5
102686,Truth About Kerry,2010-10-16,2.7,"Drama, Mystery, Thriller","Stana Katic, Jessica Dean, Darren Keefe Reiher, Paul Hardiman, Ryan C. King",Katherine Torpey,"A young American woman is found dead on a beach in Ireland under mysterious circumstances. Her best friend, refusing to believe it was an accident, travels to the remote fishing village to investigate what really happened to her.",Truth About Kerry (2010),175051,5.0,1.0
73295,The Bad Penny,2010-04-09,2.444,"Drama, Mystery, Thriller","Casey T. Evans, Tom Arnold, Nick Faltas, Lara Phillips, Josh Randall",Todd Bellanca,"Six years ago Jack ""The Ripper"" Stemmons, an American boxer had his career destroyed by a St. Louis bookie. After Jack seeks revenge he is forced into hiding. Jack disappears half way around the world in Thailand. There he falls victim to the addictive spell of Bangkok's exotic and dangerous underworld. Eventually he finds solace in the arms of a beautiful prostitute who has been set in his path by a Russian gangster in order to get Jack back in the ring, This time in Bangkok's notorious underground fight clubs. No matter how hard Jack tries to distance himself from his past, it always hunts him down like a Bad Penny. When a mysterious fight fan appears, it's only a matter of time before Jack's past, present and future accelerate and collide into a twisted climax.",The Bad Penny (2010),175061,2.0,0.4
298207,Der kleine Nazi,2010-11-18,6.7,Comedy,"Steffi Kühnert, Christine Schorn, Oliver Stokowski, Maria Magdalena Wardzinska, Amon Robert Wendel",Petra Lüschow,Christmas Eve at a senile grandmother's place takes a turn for the worse when the daughter of the family brings her jewish boyfriend to find that the tree is dressed in ornaments from the 1930s,Der kleine Nazi (2010),175297,4.0,0.8
51962,My Good Enemy,2010-06-03,5.7,"Family, Drama","Nikolaj Støvring Hansen, Rasmus Lind Rubin, Clara Bruun, Kim Bodnia, Damon Anthony Phillips Jerichow",Oliver Ussing,"Sensitive 12-year-old Alf is the low man on his class' totem pole, and he's sick of it. Forming a secret, Machiavellian alliance with another student who also has grown weary of being bullied, he hatches a plan to throw a wrench into the well-oiled gears of the school social order. Everything seems to go according to plan, until Alf discovers that turning the tables on his tormentors has its own dire consequences.",My Good Enemy (2010),175313,4.5,0.9
58763,God of Love,2010-06-12,7.0,"Romance, Comedy","Marian Brock, Cristopher Hirsh, Luke Matheny",Luke Matheny,"A lovestruck, lounge-singing darts champion finds his prayers are answered -- literally -- when he mysteriously receives a box of love-inducing darts.",God of Love (2010),175379,3.5714285714285716,0.7142857142857143
53456,What War May Bring,2010-09-15,6.5,Drama,"Audrey Dana, Laurent Couson, Raphaël, Samuel Labarthe, Jacky Ido",Claude Lelouch,"A theater projectionist's daughter is involved in the Resistance in WWII, but she doesn’t share his political involvement &amp; only believes in passion. She follows the men she loves unconditionally, suffering betrayal and hardship.",What War May Bring (2010),175385,3.5,0.7
75232,Puzzled Love,2010-06-06,4.5,"Comedy, Romance, Drama","Marcel Borràs, Saras Gil, Artur Busquets, Irene C. Rodríguez","Gaby Amione, Carlos Pérez-Reche, Irene C. Rodríguez, Miriam Cañamares, Javier Sanz, Josecho de Linares, Eduard Riu, Bruno Sarabia, Pau Balagué, Marc Juvé, Alba Giralt, Gemma Ferraté, Alejandro Javaloyas",Sun from Chicago (USA) and Lucas from Mallorca (Spain) meet each other in a students's flat in Barcelona. They fall in love and try to enjoy it without thinking of their separation at the term's ending. Will their love prevail?,Puzzled Love (2010),175417,3.625,0.725
130627,Get Out,2010-02-01,6.2,"Comedy, Animation","Jacques Briere, Philippe Peythieu","Pascal Han-Kwan, Tristan Reinarz, Fanny Roche, Julien Fourvel, Charlotte Boisson",A doctor unrelentingly tries to convince a phobic guy to come out of his isolation room.,Get Out (2010),175433,3.5,0.7
59914,The Blonde with Bare Breasts,2010-07-21,5.1,"Comedy, Drama, Romance, Adventure","Vahina Giocante, Nicolas Duvauchelle, Steve Le Roi, Paul Schmidt, Brendan Backmann",Manuel Pradal,"Julian, 25, and Louis, 12, are two brothers who work and live on a barge in the centre of Paris. They transport gravel and resort to petty crime to make ends meet. They have grown up alone and now they are inseparable, wedded to a life on the river. A receiver of stolen goods offers them the opportunity of a lifetime, to steal a painting by Manet from the Musée d'Orsay. Louis takes charge of the theft and, against the odds, he succeeds in removing it from the gallery and taking it aboard his barge. Rosalie, a museum guard, follows Louis to his home and confronts him. After a fight, the two brothers secure Rosalie in the hold of their boat and make a quick getaway. Later, Rosalie emerges from her hidey hole and makes the brothers an unexpected offer...",The Blonde with Bare Breasts (2010),175465,3.25,0.65
54551,Banana,2010-12-13,7.1,"Animation, Family, Comedy",Pierre Coffin,"Samuel Tourneux, Kyle Balda",The Minions fight over a delicious banana... but is that all they want?!,Minions: Banana (2010),175469,2.8863636363636362,0.5772727272727273
57413,The Great Vazquez,2010-09-24,5.78,Comedy,"Santiago Segura, Mercè Llorens, Álex Angulo, Enrique Villén, Manolo Solo",Óscar Aibar,"Is it possible to live aside of the system, thinking only about the present and oneself? A feature film about Manuel Vázquez, the best comic book author in Barcelona during the sixties, but, mainly, a man with a very particular way of living his life.",The Great Vazquez (2010),175523,3.25,0.65
351423,Dock Ellis & The LSD No-No,2010-06-01,6.4,"Animation, Documentary",Dock P. Ellis Jr.,James Blagden,"In 2008, a year before the great Dock Ellis died at 63, radio producers Donnell Alexander and Neille Ilel, recorded an interview in which the former Pirate right hander gave a moment by moment account of June 12, 1970, the day he no-hit the San Diego Padres. Using their original radio documentary as the audio and inspiration, Isenberg commissioned an original animation from James Blagden whose incredible black and white illustrations, lo-fi animation and comic timing perfectly complemented Ellis’s masterful storytelling.",Dock Ellis & The LSD No-No (2010),175581,3.5833333333333335,0.7166666666666667
85709,Dooman River,2010-08-25,6.1,Drama,"Cui Jian, Jinglin Li, Lan Yin , Jin-Long Lin , Xuansheng Jin",Zhang Lu,"Chang-ho, 12, becomes friends with a North-Korean immigrant about the same age who just crossed the Dooman river, border between North-Korea and China. His mute sister and his wise grandfather accompany him through a series of misfortunes.",Dooman River (2010),175715,3.125,0.625
54559,Orientation Day,2010-12-13,6.908,"Animation, Family, Comedy","Pierre Coffin, Rob Huebel","Kyle Balda, Samuel Tourneux","The Minions embark on their first day of work, eager to prove themselves in their new roles. After watching a hilariously outdated 'Initiation Video,' three rookie Minions take on bomb-carrying duty. Predictably, their enthusiasm quickly spirals into chaos as they bungle the simplest of tasks. Packed with slapstick comedy and the Minions' trademark antics, this short highlights their lovable ineptitude in the workplace.",Minions: Orientation Day (2010),175787,2.6153846153846154,0.5230769230769231
56841,A Thousand Times Stronger,2010-09-24,5.1,Drama,"Katharina Cohen, Hjalmar Ekström, Sten Elfström, Jacob Ericksson, Fanny Klefelt",Peter Schildt,The arrival of a new girl causes a stir in classroom social structure.,A Thousand Times Stronger (2010),175793,3.0,0.6
51507,Walking Too Fast,2010-02-04,4.929,"Drama, Thriller","Ondřej Malý, Kristína Tormová, Martin Finger, Luboš Veselý, Lukáš Latinák",Radim Špaček,The psyche of a ruthless secret agent in Cold War Czechoslovakia begins to unravel when he obsesses over the girlfriend of a suspected subversive he is tracking. This taut political thriller is a bleak and potent rendering of the emotional destruction wreaked by totalitarianism.,Walking Too Fast (2010),175807,3.5,0.7
87229,King's Road,2010-03-26,5.2,"Drama, Comedy","Daniel Brühl, Gísli Örn Garðarsson, Björn Hlynur Haraldsson, Hanna María Karlsdóttir, Ingvar E. Sigurðsson",Valdís Óskarsdóttir,After 3 years abroad Junior returns to Iceland with his set of problems hoping that his father can sort them out but his homecoming isn't quite what he had expected.,King's Road (2010),175873,3.0,0.6
108331,The Good Herbs,2010-03-13,6.4,Drama,"Úrsula Pruneda, Ofelia Medina, Ana Ofelia Murguía, Cosmo González Muñoz, Gabino Rodríguez",María Novaro,A young woman has to deal with her mother's degradation due to Alzheimer's disease.,The Good Herbs (2010),175911,3.25,0.65
245394,Fry and Laurie Reunited,2010-11-24,6.8,"Documentary, Comedy","Stephen Fry, Hugh Laurie, Alison Steadman, Jo Brand, Jack Dee",Mike Reilly,Stephen Fry and Hugh Laurie reunite for a TV special to mark the 30th anniversary of their partnership.,Fry and Laurie Reunited (2010),175943,3.0,0.6
44918,Titanic II,2010-08-07,4.9,"Action, Thriller, Romance, Adventure","Shane van Dyke, Marie Westbrook, Bruce Davison, Brooke Burns, Michelle Glavan",Shane van Dyke,"On the 100th anniversary of the original voyage, a modern luxury liner christened ""Titanic 2,"" follows the path of its namesake. But when a tsunami hurls an ice berg into the new ship's path, the passengers and crew must fight to avoid a similar fate.",Titanic 2 (2010),176005,1.125,0.225
63990,Joanna,2010-11-26,6.3,"Drama, War, History","Urszula Grabowska, Sara Knothe, Stanisława Celińska, Kinga Preis, Halina Łabonarska",Feliks Falk,"In an era in which it is difficult for the true emotion and excitement, Feliks Falk found the key to the human heart. How many of us love? How much we are able to self-sacrifice? Is there a price that can not pay, when it comes to life of a loved one? Are we really as good as we think about yourself? In Joanna's life is given forever. Today's friend suddenly becomes an enemy. Reflex heart turns into a curse. When one of the lonely woman takes care of little girls-czynkę do not know that from now on, her life will be sweet - bitter taste. Fate in this film is everything. Allows people to find that in a moment blow and lead to separation. After-forgives love, for which you have to pay a huge price. Fulfills the promise of happiness loneliness, brittle as glass.",Joanna (2010),176007,3.0,0.6
273279,The Skin of Sorrow,2010-09-22,6.263,"Drama, TV Movie","Thomas Coumans, Annabelle Hettmann, Julien Honoré, Mylène Jampanoï, Jean-Pierre Marielle",Alain Berliner,"It's 1832,  22-year-old Raphaël's gambling has driven him to the brink of suicide. As he is about to throw himself in the Seine, a shopkeeper offers him something: a mysterious ""skin of sorrow"", which will grant all his wishes, but in doing so will shrink his remaining time on earth.",La peau de chagrin (2010),176119,3.0,0.6
63281,About Loff,2010-09-30,4.4,"Romance, Drama","Fyodor Bondarchuk, Oksana Fandera, Juozas Budraitis, Masha Mashkova, Anna Starshenbaum",Olga Subbotina,"Vlad, a Russian businessman, who is going to participate in the elections for deputies, has got some problems with the articulation and he hires a speech therapist, Dasha - the poor girl of 25 years old who has moved to Moscow from a small town and now is searching for women's happiness in the capital of Russia. Dasha falls in love with Vlad almost at first sight finding him to be so polite, generous and educated and now she is making plans to win his heart, but the things are changed when Dasha finds out that Vlad is married for 15 years to a beautiful woman.",Pro Lyuboff (2010),176155,3.75,0.75
63266,Phobos. Fear Kills,2010-03-25,4.4,"Thriller, Horror","Pyotr Fyodorov, Petr Tomashevsky, Agniya Kuznetsova, Alex Sparrow, Renata Piotrovski",Oleg Asadulin,"Rainy summer evening... Young people are arriving at the new trendy club named Phobos which is still under construction. Or re-construction - since it's a former bomb shelter which is reconstructed to become a club. At first, the party sees nothing wrong, but soon the bunker doors turn out to be locked, and the teenagers get trapped underground without light and communication. At first, all of them are joking and do not realize how dangerous their situation is. Then they get frightened. All of them will need to cope with their fears before the bunker will let them free.",Phobos. Fear Kills (2010),176205,1.7,0.33999999999999997
45527,The Final Storm,2010-04-13,4.349,"Action, Mystery, Thriller, Horror","Lauren Holly, Luke Perry, Steve Bacic, Cole Heppell, Blu Mankuma",Uwe Boll,"A stranger named Silas flees from a devastating storm and finds refuge with Tom and Gillian on their farm. While struggling with the Storm, Silas seems to be the only one who can help Tom and Gillian to find their son but there are other more dangerous forces out there, that are waiting for the three.",The Final Storm (2010),176207,1.6666666666666667,0.33333333333333337
34585,Unrivaled,2010-03-16,2.357,"Action, Adventure, Drama","Hector Echavarria, Steven Yaffee, Rashad Evans, Keith Jardine, Heath Herring",Warren P. Sonoda,"On these streets everyone is fighting for a way out, but after a lifetime of hard knocks, a down-on-his-luck cage fighter gets the opportunity of a lifetime when he is chosen to compete against the MMA world champion during a massive competition. The stakes are high and the reward great...but should he lose, it will cost him his life.",Unrivaled (2010),176379,0.75,0.15
58862,Herschell Gordon Lewis: The Godfather of Gore,2010-06-01,5.977,"Documentary, Horror","Herschell Gordon Lewis, John Waters, Ray Sager, Frank Henenlotter, Bunny Yeager","Frank Henenlotter, Jimmy Maslon","Take an outrageous ride through this wild world of exploitation films with this thoroughly entertaining documentary, HERSCHELL GORDON LEWIS – THE GODFATHER OF GORE! Featuring cult director John Waters, Drive-In Movie Critic Joe Bob Briggs, Herschell Gordon Lewis himself and a “cast of thousands,” you’ll witness the innocent bare-naked era of Nudie-Cuties before Lewis schocked the world with “Blood Feast,” the first ever gore film!",Herschell Gordon Lewis: The Godfather of Gore (2010),176537,3.25,0.65
145932,The Penitent Man,2010-03-29,5.6,"Drama, Science Fiction","Lance Henriksen, Andrew Keegan, Lathrop Walker, Melissa Roberts, Adrien Gamache",Nicholas Gyeney,"The Penitent Man tells the story of psychologist Dr. Jason Pyatt, a man devoted to his work - a man torn from his family. With his struggling marriage and mounting bills, Jason is at a crossroads with the life he has chosen and the life he could have. When one of his clients - the mysterious Mr. Darnell - walks into his office and paints him a repentant tale of future economic and moral collapse, Jason's eyes are forever opened. With the help of his best friend Ovid, he embarks on a personal mission to change the course of his future, and possibly the world, forever.",The Penitent Man (2010),176825,4.125,0.825
5489,Neowolf,2010-04-19,2.5,"Horror, Thriller","Agim Kaba, Michael Frascino, Heidi Johanningmeier, Veronica Cartwright, Megan Pepin","Yvan Gauthier, Jonathan Carloff","When an aspiring rock musician Tony returns to his college town to make up with his estranged girlfriend Rosemary, he finds his life taking an unexpected turn to the dark side when he encounters a mysterious rock band Neowolf led by rocker Vince and the alluring band girl Paula.  When Rosemary's best friend Kevin turns up dead, Rosemary seeks out a nursery owner Mrs. Belakov who knows the secrets of an ancient evil.",Neowolf (2010),176901,1.0,0.2
88378,The External World,2010-09-07,6.2,"Animation, Comedy","Julian Barratt, Pearl Brilmayer, Adam Buxton, Christopher Kline, Stefanie Jones",David O'Reilly,A boy learns to play the piano.,The External World (2010),177007,3.25,0.65
108786,My Invisible Friend,2010-01-01,4.7,"Comedy, Drama",,Pablo Larcuen,Tomas is a boy so shy that is not capable of saying a word to nobody. With the arrival of Andy (his invisible friend) he'll start to think how his life would it be if he was able to communicate with the people that is around him.,My Invisible Friend (2010),177009,3.0,0.6
121576,Saint Philip Neri: I Prefer Heaven,2010-09-20,7.3,Drama,"Gigi Proietti, Francesco Salvi, Roberto Citran, Sebastiano Lo Monaco, Francesca Chillemi",Giacomo Campiotti,"One of the most popular saints of all time, St. Philip Neri was widely known for his great charity, deep prayer life, and tremendous humor. Hoping to join St. Ignatius of Loyola's new order of Jesuits and be a missionary to India, Philip was instead guided by Providence to seek out the poor and abandoned youth of Rome to catechize them in the faith and help them find a better life. He became the founder of the religious congregation, the Oratory, that worked with the youth and also labored to re-evangelize a decadent Rome.",Preferisco il paradiso (2010),177417,0.5,0.1
47145,Augustine: The Decline of the Roman Empire,2010-01-31,5.107,Drama,"Alessandro Preziosi, Monica Guerritore, Franco Nero, Aglaia Szyszkowitz, Katy Louise Saunders",Christian Duguay,"Augustine is a two-part, Italian-made mini-series about the influential theologian and church father Augustine of Hippo. The piece tells the story of his life from a teenager to his death at the age of 69.Much of the content for the scenes of him as a young and middle-aged man come from his Confessions, which is probably the earliest extant autobiography.",Sant'Agostino (2010),177419,0.5,0.1
28396,The Valdemar Legacy,2010-01-22,5.867,"Horror, Mystery","Paul Naschy, Óscar Jaenada, Laia Marull, Daniele Liotti, Silvia Abascal",José Luis Alemán,"Luisa Llorente, an expert on taxation of old buildings, had recently gone to the Victorian mansion Valdemar to conduct an inventory of property ownership. After she mysteriously disappeared, Maximilian, president of her company, engaged the services of a private detective to help find her. But soon they will discover that it is not the first disappearance at Valdemar mansion!",The Valdemar Legacy (2010),177515,3.4,0.6799999999999999
63784,Dusk,2010-09-25,5.464,Drama,"Matthijs van de Sande Bakhuyzen, Gaite Jansen, Roos Netjes, Robert de Hoog, Melody Klaver",Hanro Smitsman,"After a group of teenagers discover one of their friends lying dead on a river bank on one of the hottest days of summer, a story of jealousy, insecurity and peer pressure gradually unfolds. Group leader Caesar is able to magnify - out of all proportion - the small grievances that each of Jessie's friends bear towards her and transforms them into a general and pervasive hatred that leads ultimately to her horrible, senseless killing.",Dusk (2010),177779,3.0,0.6
68381,Infiltration,2010-11-04,3.833,Drama,"Oz Zehavi, Michael Aloni, Liel Danir, Guy Adler, Hadas Morano",Dover Koshashvili,"A tragical-comedy film story that follows a young non-combatant platoon with defective fitness. Set in ""Bahad 4"" in the 50's, the movie focuses mainly on two characters: Alon (Oz Zehavi), who believes he was accidentally sent to Bahad 4 and will soon be sent to join the Paratroopers. Avner (Guy Adler), believes that the army is the last thing that interests him.",Infiltration (2010),177943,3.25,0.65
88118,Sella Turcica,2010-10-13,4.0,Horror,"Camille Keaton, Damien A. Maruscak, Jade Risser, Harvey Daniels",Fred Vogel,A paralyzed soldier returns from war to his family in worse shape than anyone at home could imagine.,Sella Turcica (2010),178025,2.25,0.45
34685,Cut,2010-02-22,3.65,"Horror, Mystery, Thriller","Deborah Burns, Dominic Burns, Zach Galligan, Danielle Lloyd, Simon Phillips",Alexander Williams,"Five friends return from a cocktail party to a cottage deep inside the English woods of the Peak District. Having brushed off the notion of urban legends as rubbish, never occurring in reality, our protagonist's slowly find themselves weaving through their very own horror story.",Cut (2010),178051,1.625,0.325
43813,GasHole,2010-04-18,6.2,Documentary,"Peter Gallagher, George W. Bush, Joshua Jackson, Joe Barton, Barbara Boxer","Jeremy Wagener, Scott Dwayne Roberts","Documentary film about the history of Oil prices and the future of alternative fuels. The film takes a wide, yet detailed examination of our dependence on foreign supplies of Oil. What are the causes that led to America turning from a leading exporter of oil to the world's largest importer?",GasHole (2010),178201,3.1217591102962157,0.6243518220592431
150335,Genetic Chile,2010-07-01,0.0,Documentary,"Isaura Andaluz, Christopher Dudley, Constance Falk, Stephen Hanson, Martin Heinrich",Christopher Dudley,"A look at the world of genetically modified foods through the lens of New Mexico's iconic chile pepper. The Chile pepper defines New Mexican cuisine and is considered a sacred plant by many cultures. Despite overwhelming evidence of gene flow, persistent safety questions, predatory multinational agribusiness corporations and potential economic damage, the State of New Mexico funded research to produce a GMO chile. It was the first time a state government directly targeted a crop for genetic modification. Because the funding is public, we were able to force a rare interview with a genetic researcher at NMSU. This film is packed with information about the harmful use of GMO technology and the ignorance shown by the proponents of GMO crops.",Genetic Chile (2010),178205,3.1217591102962157,0.6243518220592431
112572,God Went Surfing With The Devil,2010-02-08,6.5,Documentary,,Alexander Klein,A breathtaking look at the Israel-Gaza conflict through the lens of surfing.,God Went Surfing With The Devil (2010),178209,3.5,0.7
193107,Will the Real Terrorist Please Stand Up,2010-12-01,5.0,Documentary,,Saul Landau,"This documentary chronicles half a century of hostile U.S.-Cuba relations. The film highlights decades of assassinations and sabotage at first backed by Washington, then ignored by the very government that launched a ""war against terrorism.""",Will the Real Terrorist Please Stand Up (2010),178461,2.5,0.5
52259,A View of Love,2010-12-15,5.868,"Drama, Romance","Jean Dujardin, Marie-Josée Croze, Sandrine Kiberlain, Toni Servillo, Claudia Cardinale",Nicole Garcia,"Happily married with a daughter, Marc is a successful real estate agent in Aix-en-Provence. One day, he has an appointment with a woman to view a traditional country house. A few hours later, Marc finally puts a name to her face. It's Cathy, the girl he was in love with growing up in Oran, Algeria, in the last days of the French colonial regime. Marc hurries to her hotel. They spend the night together. Then she's gone again. And Marc's mother tells him Cathy never left Algeria. She was killed with her father in a bombing just before independence...",A View of Love (2010),178499,3.0,0.6
72355,Deep in the Woods,2010-10-13,5.525,"Drama, Romance","Isild Le Besco, Nahuel Pérez Biscayart, Jérôme Kircher, Bernard Rouquette, Mathieu Simonet",Benoît Jacquot,A wanderer named Timothee arrives in a French village in 1865 pretending to be deaf and mute. He uses tricks to hypnotize a beautiful young woman named Josephine and takes advantage of her until he is arrested and tried for his crimes.,Deep in the Woods (2010),178597,4.5,0.9
149146,Mourning for Anna,2010-08-13,4.857,Drama,"Denis Bernard, Denise Gagnon, Sheila Jaffe, François Papineau, Guylaine Tremblay",Catherine Martin,A mother deals with the violent murder of her daughter.,Mourning for Anna (2010),178653,2.75,0.55
57257,Brødrene Dal og vikingsverdets forbannelse,2010-09-10,4.8,"Adventure, Comedy, Family","Lars Mjøen, Knut Lystad, Trond Kirkvaag, Sigve Bøe, Tom Mathisen","Wayne McKnight, Petter Rud, Knut Lystad, Ole Christian Skaug, Mikkel Magnus, Lars Mjøen","When their new TV-shop time machine mysteriously vanishes with Gaus and Roms aboard, it reappears a thousand years in the past, right where Oslo’s Tusenfryd now stands, dropping them into a brutal Viking-era feud between the Badejarls and the Granbarkebirkebeiners. Tasked with settling which clan will wield the cursed, all-powerful sword Tyrfing, they must broker peace (or chaos) while Brumund back home monitors the saga via their “Time-Phone.”",Brødrene Dal og vikingsverdets forbannelse (2010),178681,2.25,0.45
438398,Danny Boy,2010-01-22,6.357,"Fantasy, Animation",,Marek Skrobecki,"A young poet falling in love. A city that awaits a drama to unfold. A time of sadness and conformity, a time of decisions. There is light, there is hope, there is poetry behind the dark clouds of our world.",Danny Boy (2010),178683,3.2142857142857144,0.6428571428571429
92472,Gandu,2010-10-29,5.24,Drama,"Anubrata Basu, Rii Sen, Kamalika Banerjee, Silajit Majumder, Joyraj Bhattacharya",Qaushiq Mukherjee,"After Nihilistic rapper Gandu steals from his mother's lover, he embarks on a drug-fueled rampage with a rickshaw puller.",Gandu (2010),178711,4.0,0.8
49998,Otto's Eleven,2010-12-01,5.534,Comedy,"Otto Waalkes, Max Giermann, Arnd Schimkat, Jasmin Schwiers, Martin Hentschel",Sven Unterwaldt Jr.,"Otto is a man from a little German island, where he lives together with his friends. He gets his treasure, an expensive painting, stolen by a casino owner and his female assistent, so Otto starts travelling to the main land with his friends. Will he get it back?",Otto's Eleven (2010),178717,3.0,0.6
48487,Habermann,2010-10-07,5.84,"War, Drama, History","Mark Waschke, Karel Roden, Ben Becker, Hannah Herzsprung, Radek Holub",Juraj Herz,"A story set in a small village in Sudetenland between 1937 and 1945. ""Habermann"" is based on true events.",Habermann's Mill (2010),178777,4.0,0.8
39478,Stripped Naked,2009-09-21,4.316,"Crime, Drama, Thriller","Sarah Allen, Tommie-Amber Pirie, Jon Cor, Linden Ashby, Cinthia Burke",Lee Demarbre,"When exotic dancer Cassie happens upon a drug deal gone bad, she steals the money and the drugs thinking she now has the funds to make her dream of moving to Paris come true. But waiting three days to get her passport proves tougher than she thought when everyone she knows from her ex-boyfriend, to her drug addict boss, to her lesbian lover, to the rightful owner of the money decides to get in on the action.",Stripped Naked (2010),178863,2.0,0.4
28596,Silent But Deadly,2011-11-11,3.81,"Comedy, Horror","Jason Mewes, William Sadler, Kim Poirier, Jordan Prentice, Benz Antoine",Stephen Scott,"Thomas Capper is an unconventional and mysterious serial killer who takes aim at a Hollywood film set, by unleashing his own brand of retribution on the cast and crew.",Silent But Deadly (2010),178977,1.25,0.25
25891,ExTerminators,2009-03-13,5.372,"Comedy, Drama","Heather Graham, Jennifer Coolidge, Amber Heard, Matthew Settle, Joey Lauren Adams",John Inwood,"Alex is a lonely accountant whose one act of rage results in her being sentenced to court-ordered therapy. There she meets Stella, the owner of a small extermination business who uses her car as a weapon, and Nikki, a dental technician with the face of an angel and the mind of a sociopath. Together these women form their own ""silent revolution"", wreaking havoc on the abusive men in their lives.",ExTerminators (2010),179031,2.5,0.5
34751,Free Willy: Escape from Pirate's Cove,2010-03-23,6.2,"Family, Adventure, Drama","Beau Bridges, Bindi Irwin, Matthew Dylan Roberts, Kevin Otto, Darron Meyer",Will Geiger,"After young Kirra leaves her Australian home to summer with her grandfather in South Africa, she soon discovers a baby orca stranded in the lagoon near her grandfather’s rundown seaside amusement park. She names the lonely whale Willy--and embarks on a great quest to lead the little guy back to his anxious pod.",Free Willy: Escape From Pirate's Cove (2010),179521,2.923076923076923,0.5846153846153845
36515,The Prince & Me 4: The Elephant Adventure,2010-03-23,6.1,"Comedy, Romance","Kam Heskin, Chris Geere, Jonathan Firth, Selina Lo, Ase Wang",Catherine Cyran,"One year after their royal wedding, King Edvard and Queen Paige of Denmark receive an invitation to attend the wedding of Princess Myra of Sangyoon. Upon their arrival, Paige finds Myra is unhappy with her arranged marriage to the brooding and sinister Kah and is secretly in love with a young elephant handler named Alu.",The Prince & Me 4: The Elephant Adventure (2010),179733,2.75,0.55
56104,Generation Zero,2010-01-01,3.3,Documentary,"Michael Barone, Bruce Bartlett, John Bolton, Newt Gingrich",Steve Bannon,"An examination of the causes of the global economic crisis which began in 2008, studying how decades of social changes have influenced financial systems and practices.",Generation Zero (2010),179807,0.5,0.1
129731,Thought of You,2010-05-01,7.1,,,Ryan Jeremy Woodward,"A breathtaking, fantastic, and inspiring hand-animated film which explores the themes of love and loss, through expressive figure drawings and contemporary dance.",Thought of You (2010),179971,2.375,0.475
415254,Trois petits points,2010-08-30,7.0,Animation,,"Tracy Nowocien, Ornélie Prioul, Alice Dieudonné, Florian Parrot, Rémy Schaepman, Lucrèce Andreae",A seamstress is waiting for her husband to come back from the war.,Trois petits points (2010),179999,2.5,0.5
41271,Copacabana,2010-05-16,6.8,Comedy,"Isabelle Huppert, Aure Atika, Lolita Chammah, Jurgen Delnaet, Chantal Banlier",Marc Fitoussi,"Babou seems to be able to shrug off anything. Real jobs, husbands, responsibilities, who needs them? But when she finds out that her own daughter is too ashamed of her to invite her to her wedding, she decides to make some changes.",Copacabana (2010),180057,1.5,0.3
12125,Patagonia,2010-06-10,5.281,"Drama, Adventure","Matthew Rhys, Marta Lubos, Nahuel Pérez Biscayart, Nia Roberts, Matthew Gravelle",Marc Evans,"Patagonia narrates the journeys of two women - one looking for her past, the other for her future. The film inter-cuts between their stories, in which one of them travels south to north through the Welsh springtime and the other east to west through the Argentine autumn.",Patagonia (2010),180125,2.5,0.5
149416,Stanley Pickle,2010-06-06,6.8,"Animation, Science Fiction",,Victoria Mather,"Stanley's life runs like clockwork, until a chance encounter with a mysterious girl turns his world upside down...",Stanley Pickle (2010),180163,4.5,0.9
118788,Umbra,2010-09-09,6.8,"Animation, Adventure, Drama, Fantasy",,Malcolm Sutherland,"An explorer adventures into an unknown world, yet it seems that he has been there before.",Umbra (2010),180181,3.75,0.75
58281,Rinco's Restaurant,2010-02-06,8.2,"Drama, Fantasy","Ko Shibasaki, Kimiko Yo, Brother Tom, Tetsushi Tanaka, Mirai Shida",Mai Tominaga,"After a bad breakup, a young woman returns to her hometown and opens a menuless restaurant. A young woman in her mid 20's becomes so heart broken she loses her voice. To recover, the woman decides to go back to her hometown and stay with her free-spirited mother whom she has not been very close to in the past. The young woman then decides to open a restaurant which accepts only one customer a day, allowing for thoughtful preparation for that customer.",Rinco's Restaurant (2010),180187,3.1217591102962157,0.6243518220592431
323018,Paraiso,2009-09-08,7.2,Drama,"Yiliana Chong, Joaquín Ventura, Gabriella Tello, Jose Luís García, William Gómez",Héctor Gálvez,A group of friends walk across the sandy outskirts of Lima in order to pay their respects to a fallen gang member.,Paraiso (2010),180305,3.1666666666666665,0.6333333333333333
77594,Dead West,2010-10-09,2.462,"Action, Horror, Western","Angélica Celaya, Shannon Whirry, Clint James, J. Lyle, Quinn Lavoie-Higgins",Douglas Myers,"Dead West - or The Rise of the Horror Genre and the Fall of the Western. The story of a western movie actor (Johnny Dust) still trying to make it big in a western film studio and theme park, when a 'new management team' takes over the park and turns the film studio into a fright-fest for the month of Halloween. Haunted by the image of his dead western movie hero, who appears to him on the little screen, Johnny unravels the real intent of management and its opening night 'spectacular', which takes place in the depths of the park's cave.",Dead West (2010),180313,2.25,0.45
50939,Naan Mahaan Alla,2010-08-20,6.452,"Action, Drama, Thriller, Crime","Karthi, Kajal Aggarwal, Jayaprakash, Soori, Aruldoss",Suseenthiran,"A playful young man leads a very happy life, but everything changes when his father witnesses a heinous crime.",Naan Mahan Alla (2010),180579,3.9,0.78
124709,Planeat,2010-04-06,0.0,Documentary,Yvonne O'Grady,"Shelley Lee Davies, Or Shlomi","The story of three men's life-long search for a diet which is good for our health, the environment and the future of our planet - showcasing some of the best food you have ever seen.",Planeat (2010),180651,4.75,0.95
72723,The Final Prophecies,2010-04-01,7.9,"Documentary, History","Kd Bowe, Ronnie Cohen, Allen Farmer, Mike Flanders, Arnold Fruchtenbaum",Brent Miller Jr.,"The validity of ancient prophecy has been debated for centuries and is one of the most controversial subjects in the world today. Join Ronnie Cohen as you go on an epic journey to uncover the secrets behind Middle Eastern prophecy and discover shocking statistical evidence that proves there is more to Biblical history than many believe. Shocking new research reveals that the prophecies foretelling frightening global changes that could usher in a period tribulation and death may be more plausible than many believe. No matter your belief system, the findings presented within this film may change your view of prophecy forever!",The Final Prophecies (2010),181063,3.1217591102962157,0.6243518220592431
58765,Slices of Life,2010-10-23,3.077,"Horror, Science Fiction, Thriller","Kaylee Williams, Jack Guasta, Toya Turner, Deneen Melody, Marv Blauvelt",Anthony G. Sumner,"Sexual Parasites, Disembowelment, Zombies, Serial Killers, Demon Children, Violent Vixens, Rabid Office Workers and Angry Embryos all spring to life from the flesh covered sketch books featured in Anthony G. Sumner's (Gallery of Fear) SLICES OF LIFE.",Slices of Life (2010),181123,2.9,0.58
69157,An Ordinary Execution,2010-02-03,7.0,Drama,"Marina Hands, Édouard Baer, Denis Podalydès, André Dussollier, Gilles Gaston-Dreyfus",Marc Dugain,"During the last days of Stalin's reign, a doctor (Marina Hands) tries to go unnoticed in a society of mutual dread where a neighbour or colleague might ""denounce"" you to the authorities at any moment.But tales of her healing touch have spread and one night she is taken away, not to the infamous Lubyanka prison, but to the Kremlin to attend the ailing Comrade Stalin himself. Uncle Joe (André Dussollier), an old man racked with pain but still as watchful and deadly as a snake.",An Ordinary Execution (2010),181201,4.25,0.85
81311,Blind Date,2010-02-05,4.538,"Comedy, Romance","Katarzyna Maciąg, Bogusław Linda, Anna Dereszowska, Borys Szyc, Tomasz Kot",Wojciech Wójcik,"Majka is young, beautiful and intelligent. It is time for her to learn and work, she has wonderful friends. But unfortunately she can't forget Cezary, who had abandoned her a year ago. So Majka's best friend decides to help her to start a new life.",Blind Date (2010),181289,1.0,0.2
55003,Benda Bilili!,2010-08-19,6.3,"Documentary, Music","Léon Likabu, Roger Landu, Coco Ngambali Yakala , Theo Nsituvuidi, Claude Kinunu Montana ","Renaud Barret, Florent de La Tullaye","Ricky has a dream: to make Staff Benda Bilili the best band in Congo Kinshasa. Roger, a street child, more than ever wants to join these stars of the ghetto, who get around in customized tricycles. Together, they must avoid the pitfalls of the street, stay united and find the force to hope in music. For six years, from the first rehearsals to their triumph in international festivals, BENDA BILILI! (“beyond appearances”) is the story of this dream come reality.",Benda Bilili! (2010),181345,3.75,0.75
51888,Robot Chicken: Star Wars Episode III,2010-12-19,7.4,"Comedy, Science Fiction, Animation, TV Movie, Action, Adventure, Fantasy","Seth Green, Abraham Benrubi, Zac Efron, Seth MacFarlane, Carrie Fisher",Chris McKay,"Robot Chicken: Star Wars Episode III, directed by Chris McKay, combines the satirical sensibilities of Green and Matthew Senreich's Robot Chicken with characters of the Star Wars universe.",Robot Chicken: Star Wars Episode III (2010),181357,3.532608695652174,0.7065217391304348
38372,Superheroes,2010-01-08,3.859,Comedy,"Marta Żmuda-Trzebiatowska, Tomasz Karolak, Paweł Małaszyński, Marcin Bosak, Tomasz Kot",Patryk Vega,"When a policewoman is unfairly accused of selling drugs, her three deadbeat brothers come to the rescue.",Ciacho (2010),181363,1.7,0.33999999999999997
75828,Erratum,2010-09-16,6.4,Drama,"Tomasz Kot, Ryszard Kotys, Tomasz Radawiec, Janusz Michałowski, Karina Kunkiewicz",Marek Lechki,"Michał, a former musician who gave up his dreams and became an accountant, is asked by his boss to retrieve a truck he had shipped from America. The destination is Michael's former hometown, a port town which Michal left in a hurry years earlier. After retrieving the truck, Michał is involved in a serious accident which forces him to stay in town and reconcile several broken relationships.",Erratum (2010),181377,3.5,0.7
321285,Made in Poland,2010-05-26,5.8,Drama,"Piotr Wawer Jr., Janusz Chabior, Przemysław Bluszcz, Magdalena Kuta, Grzegorz Sowa",Przemysław Wojcieszek,"Bogus Kowalski is such a radical 17-year-old rebel that he even decides to have a ""F*ck Off"" tattoo on his forehead. His anger and frustration cannot be diminished by anyone, including his mother, Polish teacher and priest.",Made in Poland (2010),181381,3.75,0.75
58635,Breakfast in Bed,2010-11-10,5.921,"Comedy, Romance","Tomasz Karolak, Małgorzata Socha, Izabela Kuna, Piotr Adamczyk, Iwona Bielska",Krzysztof Lang,Piotr's life is not working out for him until he unexpectedly hits the cover of a popular magazine.,Śniadanie do łóżka (2010),181383,0.5,0.1
68798,Zwerbowana miłość,2010-12-25,5.444,"Action, Drama","Robert Więckiewicz, Joanna Orleańska, Krzysztof Stroiński, Sonia Bohosiewicz, Maria Seweryn",Tadeusz Król,A prostitute is enlisted into the Security Services in order to steal some highly classified records just as the communist regime is about to topple. What begins as political intrigue deftly turns into a complicated love affair.,Zwerbowana miłość (2010),181387,2.5,0.5
91530,The Christening,2010-10-22,6.333,Drama,"Wojciech Zieliński, Tomasz Schuchardt, Natalia Rybicka, Adam Woronowicz, Michał Koterski",Marcin Wrona,"Michal has what he always dreamed of: a beautiful wife named Magda, a newborn son, his own firm. He chooses an old friend, Janek, to be the godfather of his child. This is just the beginning of Michal's plan, who asks his friend to take an interest in his wife... At the beginning the plan works out, but it becomes increasingly difficult for Michal to come to terms with it. Michal knows his deeply hidden past will inevitably come back to him, and Janek will have to make a decision, of which he will never forget the consequences.",The Christening (2010),181389,3.25,0.65
68791,Holy Business,2010-08-27,4.6,Comedy,"Adam Woronowicz, Piotr Adamczyk, Dorota Landowska, Patricia Kazadi, Mariusz Bonaszewski",Maciej Wojtyszko,"A movie about a couple of semi-estranged brothers who at first feel they've been screwed by their father having the gall to die, leaving the bulk of his estate to the church.  Only to then learn that they've been willed a car that may have been owned by the pope.",Holy Business (2010),181391,2.5,0.5
79782,Venice,2010-06-11,7.0,"Drama, Romance","Marcin Walewski, Magdalena Cielecka, Mariusz Bonaszewski, Agnieszka Grochowska, Grażyna Błęcka-Kolska",Jan Jakub Kolski,An atmospheric coming-of-age story featuring an imaginative young boy named Marek who dreams of escaping an increasingly dangerous Poland on the eve of war for beautiful Venice.,Venice (2010),895,2.839622641509434,0.5679245283018868
79782,Venice,2010-06-11,7.0,"Drama, Romance","Marcin Walewski, Magdalena Cielecka, Mariusz Bonaszewski, Agnieszka Grochowska, Grażyna Błęcka-Kolska",Jan Jakub Kolski,An atmospheric coming-of-age story featuring an imaginative young boy named Marek who dreams of escaping an increasingly dangerous Poland on the eve of war for beautiful Venice.,Venice (2010),181393,3.5,0.7
68618,Mystification,2010-03-26,5.8,"Mystery, Thriller, History","Jerzy Stuhr, Maciej Stuhr, Ewa Błaszczyk, Karolina Gruszka, Mariusz Benoit",Jacek Koprowicz,"Lazowski, an expelled university student, investigates the supposed suicide of the famous artist Witkacy and tries to prove that the artist is in fact still alive.",Mystification (2010),181397,3.0,0.6
45822,Little Rose,2010-03-12,6.857,"History, Drama, Romance","Andrzej Seweryn, Magdalena Boczarska, Robert Więckiewicz, Jacek Braciak, Grażyna Szapołowska",Jan Kidawa-Błoński,"Pressured by his superiors to disgrace public intellectual Warczewski, a professor and respected writer whom they believe to be a ""camouflaged Zionist,"" rough security-services colonel Rozek enlists his sexy but naive girlfriend, Kamila, to insinuate herself into the distinguished older man's life and report on his every move. Not particularly interested in serving communism but eager to please her domineering lover, Kamila accepts the mission, reporting under the code name ""Little Rose."" As quick scenes contrast Kamila's crude pleasures with Rozek and her more refined experiences with Warczewski, it becomes clear that the more time the unschooled young woman spends with the professor, the more she comes to have true feelings for him.",Little Rose (2010),181399,3.5,0.7
75825,Zero,2010-08-01,7.2,"Animation, Drama",Nicholas McKay,Christopher Kezelos,"In a world that judges people by their number, Zero faces constant prejudice and persecution. He walks a lonely path until a chance encounter changes his life forever: he meets a female zero. Together they prove that through determination, courage, and love, nothing can be truly something.",Zero (2010),181415,3.4166666666666665,0.6833333333333333
49679,Action Replayy,2010-11-05,5.2,"Comedy, Romance, Science Fiction","Akshay Kumar, Aishwarya Rai Bachchan, Aditya Roy Kapur, Neha Dhupia, Randhir Kapoor",Vipul Amrutlal Shah,A young man tries to revive his parents' wilting marriage by traveling to the 1970s when their romance was budding to help make it bloom: something more complex than he expects.,Action Replayy (2010),182705,2.65,0.53
69597,Aayirathil Oruvan,2010-01-14,6.6,"Action, Adventure","Karthi, R. Parthiban, Reema Sen, Andrea Jeremiah, Prathap Pothan",Selvaraghavan,"An expedition sets out to uncover the long-lost traces of the Chola dynasty, venturing into uncharted lands filled with ancient traps, hostile forces, and forgotten secrets. What begins as a search for history soon becomes a perilous struggle for survival, where myths and reality collide and the fate of an entire legacy hangs in the balance.",Ayirathil Oruvan (2010),182895,3.0,0.6
51271,Yaroslav. A Thousand Years Ago,2010-10-14,5.1,"Action, Drama, History","Aleksandr Ivashkevich, Aleksei Kravchenko, Svetlana Chuikina, Viktor Verzhbitskiy, Valeriy Zolotukhin",Dmitriy Korobkin,"Young Russian Prince Yaroslav fights the robbers, tribes and the invaders. He is the first to unite Russian lands and to create the original Russian state.",Yaroslav. A Thousand Years Ago (2010),182929,4.0,0.8
35963,Dragon Trap,2010-01-22,5.696,"Action, Crime, Thriller","Uğur Yücel, Kenan İmirzalıoğlu, Nejat İşler, Berrak Tüzünataç, Ceyda Düvenci",Uğur Yücel,"When a serial killer goes after former convicted pedophiles, it is up to Police Commissioner Abbas and his Chief Celal to stop the killings.",Dragon Trap (2010),182975,3.5,0.7
37427,Adını Sen Koy,2009-08-10,4.1,Drama,"Melis Birkan, Cemal Toktas, Ali İl, Ahmet Mümtaz Taylan, Itır Esen",Tuna Kiremitçi,"When a man invites his friend who lives in Germany to be his best man in their wedding, this guest falls in love with his fiance.",Adını Sen Koy (2010),182977,4.0,0.8
52149,Ask Your Heart,2010-03-12,7.5,Drama,"Tuba Büyüküstün, Kenan Ece, Hakan Eratik, Ayla Algan, Hakan Karahan",Yusuf Kurçenli,"A love affair threatened by a barrier as great as itself... Can differences of faith stand in the way of an innocent love affair? Two young people, Esma and Mustafa, fall in love. For them, the future only has meaning if they are together. Failing this, life is meaningless. However, overhanging their love is a barrier unique to the period and location: Mustafa is a clandestine Christian, when everyone including Esma thinks he is Muslim. In the meantime, the Ottoman Empire introduces a series of reforms giving Christians the same rights as Muslims. From this point on, the Church urges secret Christians to reveal their faith. This poses a dilemma for Mustafa: he is caught between his love and the Church.",Ask Your Heart (2010),182983,3.0,0.6
51073,"Zaitsev, burn! Showman Story",2010-12-02,1.8,Comedy,"Valery Zakutsky, Marina Aleksandrova, Mikhail Efremov, Marat Basharov, Konstantin Lavronenko",Anton Barchevskiy,"Alexey Zaitsev is a professional showman. Restless agent and endless activities further and further alienate Zaitsev from the beloved. But the main problem is that he's been lying to everyone all his life, since kindergarten. And once the showman decides to experiment, after which all and he begins to tell the truth…","Zaytsev, zhgi! Istoriya shoumena (2010)",183257,2.5,0.5
30510,As Night Falls,2010-09-09,4.3,"Horror, Action","Debbie Rochon, Julie Anne Prescott, Jeremy King, Deneen Melody, Lily Cardone",Joe Davison,"10 year old Amelia's parents think it's time for her to go to sleep permanently,..... leaving her broken body in a silent shallow grave. 50 years later, Mommy and Daddy are back from hell, intent on wreaking the same deadly discipline on anyone not in bed by nightfall",As Night Falls (2010),183289,2.5,0.5
53314,The Song of Lunch,2010-10-08,6.7,"TV Movie, Drama","Alan Rickman, Emma Thompson, Siubhan Harrison, Joseph Long, Georgina Sutcliffe",Niall MacCormick,"A dramatisation of Christopher Reid's narrative poem that tells the story of an unnamed book editor who, fifteen years after their break-up, is meeting his former love for a nostalgic lunch at Zanzotti's, the Soho restaurant they used to frequent.",The Song of Lunch (2010),183321,3.5625,0.7125
69983,The Impasse of Desire,2010-10-20,5.625,Thriller,"Maurice Aufair, Céline Bolomey, Michel Cassagne, Rémy Girard, Laurent Lucas",Michel Rodde,"When the distinguished psychiatrist Robert Block discovers that his young wife Carole has betrayed him, he is thrown completely off balance. His jealousy hinders him from caring for his patients as responsibly as he should, until Léo Debond , a psychotic and depressive single, seeks his help. Robert sees him with a mixture of compassion and secret contempt. After Carole wants to leave him for good, he takes advantage of Léo’s trust and dependence and makes him an accomplice in a secret plan aiming to end his own pain.",Impasse du désir (2010),183363,3.5,0.7
45950,La passione,2010-09-24,6.5,Comedy,"Silvio Orlando, Giuseppe Battiston, Kasia Smutniak, Marco Messeri, Maria Paiato",Carlo Mazzacurati,"To avoid being sued, a film director reluctantly agrees to set up and direct the Good Friday celebrations in a small Tuscan town.",The Passion (2010),183779,3.25,0.65
89994,The Psycho Legacy,2010-10-19,6.533,"Documentary, Horror","Paul Ehlers, Diana Scarwid, Henry Thomas, Olivia Hussey, Juliette Cummins",Robert V. Galluzzo,"The cast and crew of all four Psycho films recall their time working on the influential horror series, and modern masters of horror reminisce on what the movies stirred in them.",The Psycho Legacy (2010),184073,2.0,0.4
50099,Break Ke Baad,2010-11-25,5.488,"Drama, Comedy, Romance","Imran Khan, Deepika Padukone, Shahana Goswami, Sharmila Tagore, Lillete Dubey",Danish Aslam,"Aaliya is not ready for commitment even after a decade-long friendship with Abhay. She remains indifferent when he follows her to Australia, but is finally shaken when he announces his marriage.",Break Ke Baad (2010),184219,2.8333333333333335,0.5666666666666667
46206,Who Is Clark Rockefeller?,2010-12-01,5.1,"Crime, Drama, History","Eric McCormack, Sherry Stringfield, Emily Alyn Lind, Stephen McHattie, Regina Taylor",Mikael Salomon,"Called ""the longest running con in FBI history,"" Christian Karl Gerhartsreiter, the man that people knew as ""Clark Rockefeller"" had brilliantly impersonated numerous people, ranging from a talk show host to a Pentagon Advisor before ultimately claiming to be an heir to the famous Rockefeller family. Confident from the success of his prior scams, Clark quickly became well known and highly respected among Boston's elite and used his purported high society status to charm his way into the life of Sandra Boss, a millionaire with a Harvard MBA and a partner at the prestigious management consulting firm, McKinsey &amp; Company.",Who Is Clark Rockefeller? (2010),184487,2.125,0.425
56174,Special Treatment,2010-09-29,4.206,"Drama, Comedy","Isabelle Huppert, Bouli Lanners, Richard Debuisne, Valérie Dréville, Mathieu Carrière",Jeanne Labrune,"Drawing some intriguing parallels between the work of the prostitute and that of the psychiatrist-both have clients, both charge for sessions, both take on roles that serve the needs, psychological or otherwise, of those they serve, Jeanne Labrune's drama stars Isabelle Huppert and Bouli Lanners as, respectively, Alice, a disaffected call girl and Xavier, a shrink with a crumbling domestic situation.",Special Treatment (2010),184563,3.5,0.7
52688,November Christmas,2011-06-21,7.5,"TV Movie, Drama","Sam Elliott, John Corbett, Sarah Paulson, Karen Allen, Emily Alyn Lind",Robert Harmon,"A young father asks for pumpkins at the local farm stand. ""In August? No."" the farmer replies. The farmer ruminates on the odd request and gets involved with strangers for the first time since his son's death long ago.",November Christmas (2010),184955,3.75,0.75
51597,Chasing 3000,2010-07-16,6.0,Drama,"Ray Liotta, Rory Culkin, Trevor Morgan, Tania Raymonde, Willa Holland",Greg Lanesey,"As the 1972 baseball season draws to a close and star player Roberto Clemente prepares to knock hit number 3,000 out of the park, two brothers -- one of whom is afflicted with muscular dystrophy -- make the drive from Los Angeles to Pittsburgh in hopes of witnessing sports history in the making. Based on a true story, Chasing 3000 is directed by Gregory J. Lanesey and features Ray Liotta.",Chasing 3000 (2010),185017,3.5,0.7
42942,Closed for the Season,2010-03-12,3.7,Horror,"Aimee Brooks, Damian Maffei, Joe Unger, William Waters, Alex Gabrielsen",Jay Woelfel,"Trapped in a forgotten amusement park, a young woman (Kristy) finds herself terrorized by the living memories of the park. She must break free from the park's grasp before she becomes its next victim.",Closed for the Season (2010),185055,0.5,0.1
193606,Attenborough's Journey,2010-10-23,7.3,Documentary,"David Attenborough, Anthony Geffen, Martin Williams",David Lee,"Following David Attenborough as he travels the globe to film his series, David Attenborough's First Life, in which he explores the very origins of life on Earth.  David journeys to the parts of the world which have had special meaning to him during his 50 years of broadcasting. Beginning near his boyhood Leicestershire home, where he first collected fossils, he then travels to Morocco's arid deserts, the glaciers of Canada and crystal clear waters of Australia's Great Barrier Reef.  As a prelude to the First Life series, Attenborough's Journey provides a unique insight into the mind and character of one of the world's most iconic broadcasters as he shares his passions for the natural world. Combining his global journey for First Life and archive material looking back at his illustrious career both as a programme maker and a controller of the BBC, the film reveals what makes him tick.",Attenborough's Journey (2010),185175,3.1217591102962157,0.6243518220592431
44897,Weddings and Other Disasters,2010-04-23,5.246,"Comedy, Romance","Margherita Buy, Fabio Volo, Luciana Littizzetto, Francesca Inaudi, Marisa Berenson",Nina Di Majo,"A single, independent woman finds herself organizing her sister's wedding with the help of her future brother-in-law.",Weddings and Other Disasters (2010),185289,3.0,0.6
72939,WWE: Top 50 Superstars of All Time,2010-12-07,8.3,Documentary,"Steve Austin, Hulk Hogan, Dwayne Johnson, Ric Flair, Michael Hickenbottom",Kevin Dunn,"A countdown of the greatest superstars in WWE History. From Hulk Hogan to Randy Savage to The Rock to John Cena enjoy an experience down memory lane for long-time fans, and a new experience for new fans of WWE.",WWE: Top 50 Superstars of All Time (2010),185661,3.25,0.65
243887,Naomi,2010-02-13,6.2,Drama,"Melanie Peres, Yossi Pollak, Rami Heuberger, Orna Porat",Eitan Tzur,"Ilan Ben-Natan is a man on his sixties and a well-known professor of astrophysics at the University of Haifa. He is married with Naomi, a 28 years old, attractive book illustrator. Inclined to suspect, he finds out her wife's betrayal and then face his wife's lover, Oded Safra, a painter and a filmmaker, younger than him. During the argument, the scientist kills his rival and takes away the corpse in the boot of his car. With the complicity of his 80 years old mother, Ilan buries the man in a hole just dig in the cemetery. After a series of casualties, the corpse is then found and the commissioner Anton Karam, an old friend of the professor, starts the police investigation. When every signs seems to lead to the discovery of the assassin, an unexpected event will call every element into question again.",Naomi (2010),185807,3.0,0.6
50009,Eşrefpaşalılar,2010-03-05,5.3,"Comedy, Drama","Sinan Albayrak, Turgay Tanülkü, Burak Tarık, Hüseyin Soysalan, Sermin Hürmeriç",Hüdaverdi Yavuz,"Two friends originally from Izmir-Eşrefpaşa have settled in Istanbul… While Tayyar (Hüseyin Soysalan) has become a mafia leader based on his passion for power and ruling, Davut (Turgay Tanülkü) has been managing a café in his small neighbourhood. Both have loved the same woman, Madam Eleni (Sermin Hürmeriç). But she had to get married to Tayyar despite her love for Davut. She also had a daughter called Duygu (Deniz Özpınar). However, Tayyar, knowing that Eleni’s heart belongs to Davut, leaves Eleni and his daughter alone. Tayyar, continuously looking for ways for revenge, finally finds it in convincing Nusret (Burak Tarık), Davut’s adopted son, to choose his dirty way. Nusret, the tough-guy of the neighbourhood gets into a big dilemma since he couldn’t make a choice between his girl as well as the people he loves and money and power.",Eşrefpaşalılar (2010),185825,3.0,0.6
62489,Bedways,2010-10-07,4.694,"Music, Drama, Romance","Miriam Mayet, Lana Cooper, Matthi Faust, Arno Frisch, Laura Tonke",Rolf Peter Kahl,"A huge, run-down apartment in Berlin Mitte. Two women and a man, rehearsals for a movie about love and sex, that will never be shot. Acting and reality mingle into a dangerous mélange.",Bedways (2010),186049,3.5,0.7
79571,Day & Night,2010-10-06,4.583,Drama,"Anna Rot, Magdalena Kronschläger, Philipp Hochmair, Martina Spitzer, Adrian Topol",Sabine Derflinger,An unreservedly matter-of-fact look at two young women who consider prostitution an adventure until reality catches up with them.,Tag und Nacht (2010),186059,2.875,0.575
137677,Snap,2010-07-04,7.0,Drama,"Aisling O'Sullivan, Stephen Moran, Eileen Walsh, Mick Lally, Pascal Scott",Carmel Winters,"While Sandra opens up to a documentary film crew, flashbacks show her teenage son, Stephen, mysteriously kidnapping a toddler, and holding him captive. Eventually, the stories intersect to explain the abduction and the family's three-generation legacy of abuse in this mesmerizing psychological drama.",Snap (2010),186235,4.0,0.8
73852,Dirty Pictures,2010-03-13,6.132,Documentary,Alexander Shulgin,Étienne Sauret,"Alexander 'Sasha' Shulgin is the scientist behind more than 200 psychedelic compounds including MDMA, more commonly known as Esctasy. Considered to be one of the the greatest chemists of the twentieth century, Sasha's vast array of discoveries have had a profound impact in the field of psychedelic research. 'Dirty Pictures' delves into the lifework of Dr. Shulgin and scientists alike, explores the world of these scientists; their findings and motivations, their ideas, and their beliefs as to how research in this particular field can aid in unlocking the complexities of the mind.",Dirty Pictures (2010),186245,4.0,0.8
265655,Big Bang Big Boom,2010-07-04,6.1,Animation,,Blu,Bold and innovative animation takes drawing into the real world.,Big Bang Big Boom (2010),186349,3.625,0.725
153599,Wisdom Teeth,2010-01-21,6.7,"Comedy, Animation","Don Hertzfeldt, Roxanna Hibdon",Don Hertzfeldt,"After a wisdom tooth operation, a man decides to let his friend pull out one of the stitches.",Wisdom Teeth (2010),186351,3.0,0.6
59293,Summer Coda,2010-10-21,4.538,"Drama, Romance","Rachael Taylor, Jacki Weaver, Alex Dimitriades, Reef Ireland, Cassandra Magrath",Richard Gray,"Hitchhiking home to a family she's never known, Heidi meets Michael. In the stunning orange groves of country Australia, they embark on an adventure, discovering their secrets and lives may be better shared.",Summer Coda (2010),186411,3.5,0.7
53910,Dancing Across Borders,2010-03-26,5.2,Documentary,Olga Kostritzky,Anne Bass,"On a trip to Angkor Wat in Siem Reap, Cambodia in January 2000, filmmaker Anne Bass came across a sixteen-year-old boy who moved her immensely with his amazing natural charm and grace as a dancer. A longtime devotee of the world of dance, Bass felt compelled to give this young boy the opportunity to leave his home and follow a dream that he could not yet have fully imagined. From the serene countryside of Southeast Asia to the halls of New York’s School of American Ballet to the stage of the Pacific Northwest Ballet in Seattle, DANCING ACROSS BORDERS peeks behind the scenes into the world of dance and chronicles the intimate and triumphant story of a boy who was discovered, and who only much later discovered all that he had in himself.",Dancing Across Borders (2010),186413,3.3333333333333335,0.6666666666666667
213971,The Road to Coronation Street,2010-09-15,7.1,"TV Movie, Drama","David Dawson, Jessie Wallace, Celia Imrie, Jane Horrocks, Shaun Dooley",Charles Sturridge,"The story of how 22 year old writer Tony Warren conceived, wrote and fought for the record breaking UK TV series Coronation Street.",The Road to Coronation Street (2010),186417,3.0,0.6
48999,The Life of Fish,2010-06-10,5.8,"Romance, Drama","Santiago Cabrera, Blanca Lewin, Antonia Zegers, Víctor Montero, Sebastián Layseca",Matías Bize,"At a house party, a handsome man wanders around catching up with friends he has not seen for some years. A travel writer now based in Berlin, Andre appears to be living an exciting international life, and yet... something has drawn him back home to Santiago. As the night goes on, we realize that a tragedy binds this group - an event that was also the impetus for Andre's departure from Chile years ago. Moreover, there is someone at the party he goes to great lengths to avoid. But she is the very person he most needs to see.",The Life of Fish (2010),186419,2.8333333333333335,0.5666666666666667
66046,Worried About the Boy,2010-05-16,6.3,Drama,"Douglas Booth, Mathew Horne, Francis Magee, Richard Madden, Freddie Fox",Julian Jarrold,"In 1980 young George O'Dowd baffles his parents with his love of frocks and make-up and moves into a squat with kindred spirit Peter, who dresses as Marilyn Monroe and calls himself Marilyn. They make a splash at Steve Strange's trendy Blitz Club where George gets a job in the cloakroom but George is unlucky in his relationships with men until he meets wannabe musician Kirk. Through Kirk George meets the handsome drummer Jon Moss, on whom he develops a crush, but sacked by the Blitz and spurned by Kirk, George turns to Sex Pistols' manager Malcolm McLaren to further his music career. George's spell with McLaren's group Bow Wow Wow is short but fan Mikey North is impressed and asks George to sing in a group he is forming, where George again meets Jon. They will have an affair and the group will become the very successful Culture Club. Four years later, however, hounded by the tabloid press amid stories of his drug addiction, an unhappy George turns to Jon for advice on his future.",Worried About the Boy (2010),186421,3.8333333333333335,0.7666666666666667
55463,Dark Metropolis,2010-12-07,1.5,Science Fiction,"Bailey Chase, Eric Scott Woods, Ron Perlman, Arthur Roberts, Mercedes Le Anza",Stewart St. John,"Mankind has lost a 300-year war against a genetically enhanced race that man created, abused, and tortured. The descendants of that race, called the 'Ghen', control planet Earth. An entire new universe has risen inside the remnants of our world. Humans work the surface as factory slaves in the New World Order, with pockets of resistance carrying on the freedom fight. As rising Ghen politician Crecilius Pryme takes power he urges his people to annihilate the remaining human population unleashing a shocking secret that will change the world forever.",Dark Metropolis (2010),186427,2.1666666666666665,0.4333333333333333
84921,Civil Courage,2010-01-27,6.3,Drama,"Götz George, Carolyn Genzkow, Arnel Taci, Thomas Arnold, Marko Mandić",Dror Zahavi,"For almost 30 years, bookseller Jordan has lived and worked in a neighborhood in Berlin that has become a social hotbed. As Jordan witnesses a teenager brutally beating up an older man, he intervenes and files a complaint - with unimaginable consequences ...
 Director Dror Zahavi (""Everything for my father"", ""My life - Marcel Reich-Ranicki"") succeeded after a screenplay by Jürgen Werner (""Tatort - With a steady hand"", ""Schimanski - layer in the pit"", also with Götz George) an atmospherically tightly staged and outstandingly played portrait of a so-called problem district. Here nothing is glossed over, but instead the reality shown and the powerlessness of our judicial system mercilessly layed bare. A highlight of 2010!",Civil Courage (2010),186503,4.0,0.8
79897,Pranchiyettan & The Saint,2010-09-10,7.111,"Comedy, Family","Mammootty, Innocent, Ganapathi S Poduval, Priyamani, Sasi Kalinga",Ranjith,"While Pranchiyettan, a devotee of St. Francis of Assissi, attains the best of riches, he is unsatisfied with his reputation and sets off to popularise himself as a celebrity in society.",Pranchiyettan & The Saint (2010),186651,2.6666666666666665,0.5333333333333333
52363,Unearthed,2010-01-01,5.6,"Adventure, Science Fiction, Drama","Jules de Jongh, Wayne Forester, Robbie Stevens","Stuart Leach, Lindsay Harris","In the near future.... The world is in turmoil. The atmosphere is thick and heavy with pollution and all natural resources are nearing exhaustion. Nations grow desperate and many are willing to fight each other for what little remains. The situation is rapidly spiraling out of control. In an urgent bid to solve the problem, missions are launched to explore the universe for planets that may contain alternative sources of energy. On the edge of space,one of the mining ships, The Ezekiel, finds an uncharted planet that reveals signs of a possible fuel resource. Two crew members are chosen to undertake a prospecting mission to the desolate rock, in order to take samples and survey the surface for later analysis. The mission goes well, until they reach 'grid reference 3894' where they unexpectedly descend into a world they could only imagine in their nightmares and unearth a dark and terrifying truth.",Unearthed (2010),186919,4.0,0.8
65150,Extreme Happiness,2010-10-22,3.65,Drama,"Marco Nanini, Dan Stulbach, Mariana Lima, João Miguel, Maria Luísa Mendonça",Arnaldo Jabor,"Shortly after World War II, the city of Rio de Janeiro experiments a period of great cultural, political and economic effervescence, when all the dreams – or nearly all – seem possible. In this exciting scenery of transformation, Paulo discovers love, friendship and sex through his childhood and adolescence in the 1950’s and 1960’s.",Extreme Happiness (2010),187363,3.0,0.6
74228,Bróder,2010-02-17,5.9,"Drama, Crime","Caio Blat, Jonathan Haagensen, Sílvio Guindane, Aílton Graça, Zezé Motta",Jeferson De,"Three childhood friends plan meeting for a day in order to reassert their friendships and fight for their differences. One of them is involved with crime, one is a famous football player and the other struggles to maintain a middle-class lifestyle.",Bróder (2010),187535,3.0,0.6
271735,Daddy I Do,2010-01-14,7.0,Documentary,,Cassie Jaye,"The Purity Ball symbolizes a father's protection over his daughter's virginity, but how does this reflect in the choices she makes, understanding her sexuality, and knowing her worth as a woman? This documentary examines the effects of Abstinence-Only Programs versus Comprehensive Sex Education in schools and what society can do to help lower teen pregnancies, abortions, and STDS, as well as poverty and sexual abuse.",Daddy I Do (2010),187657,3.1217591102962157,0.6243518220592431
57513,Furious Love,2010-06-01,6.8,Documentary,Darren Wilson,Darren Wilson,"Furious Love, sequel to Finger of God, is the story of one man’s journey into some of the darkest spiritual climates on earth to test the limits of God’s love. Watch his discovery and witness God’s response to the demon possessed in Africa, the heroine addicts of Madrid, and witches in Salem, Massachusetts. See this love in relentless pursuit of the persecuted church in India and the oppressed victims of sex trafficking in Thailand. This journey of LOVE will leave you undone and must be experienced to be believed.",Furious Love (2010),187949,5.0,1.0
52191,Nosferatu. Horror of the Night,2010-10-28,3.4,"Animation, Horror, Fantasy","Vladimir Marinichev, Mikhail Khrustalev, Anatoli Petrov, Yakov Petrov, Yuliya Rudina",Vladimir Marinichev,Young clerk Jonathan travels to Transylvania in order to meet with a mysterious count.,Nosferatu. Uzhas nochi (2010),188051,2.0,0.4
73111,The Revelation of the Pyramids,2010-02-10,6.4,"Documentary, History, Mystery","Alika Del Sol, Jean-Pierre Adam, Joseph Davidovits, Guillemette Andreu, Guillemette Andreu",Patrice Pooyard,"For centuries, the Great Pyramids have fascinated Mankind. Patrice Pooyard's The Revelation Of The Pyramids reveals what lies behind the greatest of archaeological mysteries: a message of paramount importance for humanity. From China to Peru, from Egypt to Mexico, through the world's most enigmatic and most beautiful sites, the director has spent 6 years meeting eminent scientific specialists and verifying his discoveries. The result will shake the teaching of history to its very core, and revolutionize Egyptology entirely. A great odyssey along a breathtaking route climaxes in a revelation as unexpected as it is staggering.",The Revelation of the Pyramids (2010),188159,3.25,0.65
56519,"El Sicario, Room 164",2010-11-03,6.7,Documentary,,Gianfranco Rosi,"The story of a hitman for the drug cartels in Ciudad Juarez, Mexico.",El sicario: Room 164 (2010),188165,3.75,0.75
56840,Muita Calma Nessa Hora,2010-11-12,6.0,Comedy,"Andréia Horta, Débora Lamm, Fernanda Souza, Gianne Albertoni, Laura Cardoso",Felipe Joffily,"Three young friends, Tita, Mari and Aninha decide to change their situations and travel to a beach place for a weekend. On the road, they meet Estrella, a hippie that wants a hide to try to find her unknown father. Together, they will live hilarious, absurd and moving situations. More than a change the air, they change themselves.",Muita Calma Nessa Hora (2010),188651,3.5,0.7
67774,Mamma Gógó,2010-01-01,5.6,"Comedy, Drama","Kristbjörg Kjeld, Hilmir Snær Guðnason, Gunnar Eyjólfsson, Margrét Vilhjálmsdóttir, Ólafía Hrönn Jónsdóttir",Fridrik Thor Fridriksson,"Mamma Gógó is about Gógó, an elderly lady, who is diagnosed with Alzheimer disease and her son’s and family’s reaction to her illness. While Gógó is continuously getting herself into trouble, of the kind only a person with Alzheimer can, the son, the director, is struggling with financial troubles after his film Children of Nature has flopped in the cinema. As Gógó‘s disease progresses her family decides that it is best for her to move to a nursing home. Gógó and her deceased husband, who appears on the scene, are not happy with that decision. The director is dependent on others when it comes to his finances and when Gógó settles into the nursing home he decides to sell his mother’s apartment and valuable artwork but the profits of the sale help him to get by.",Mamma Gógó (2010),188657,4.0,0.8
86438,World Peace and Other 4th Grade Achievements,2010-03-13,7.7,Documentary,,Chris Farina,Public school teacher John Hunter and his students participate in an educational exercise that he created entitled the World Peace Game. This interactive experience triggers a transformation of the students from children of a neighborhood school to citizens of the world. The World Peace Game exposes children to the complex issues of the greater geo-political world that they will one day encounter.,World Peace and Other 4th Grade Achievements (2010),188699,4.0,0.8
282746,Utopia in Four Movements,2010-01-01,0.0,Documentary,,"David Cerf, Sam Green","Throughout human history, people have had giddy dreams and fantastic notions about what the future would bring. Today the future has become more of a threat than a promise-a knot of intractable problems looming menacingly on the horizon. With a powerful sense of poetry, Utopia in Four Movements uses the collective experience of cinema to explore the battered state of the utopian impulse at the dawn of the twenty-first century.",Utopia in Four Movements (2010),188907,3.1217591102962157,0.6243518220592431
55817,Janeane Garofalo: If You Will,2010-09-14,5.8,Comedy,Janeane Garofalo,Ryan Polito,"She's funny. She's edgy. She's the one-and-only Janeane Garofalo (TV's 24, The Larry Sanders Show). And now, in her first solo special in over a decade, this Emmy nominated stand-up superstar digs into the many myths we all live by and casts her unique insights and hilarious riffs on life, culture and politics. Filmed live before a sold-out audience in Seattle's Moore Theater, it's a virtuoso hour-long display of Garofalo’s uniquely outrageous takes on everything from the trouble with twitter, to the truth about rehab, to the end of sex as we know it, to the vaguely disturbing perfection of Natalie Portman's... anatomy. Intrigued? Then prepare yourself, if that's possible, for the extreme comedy of Janeane Garofalo.",Janeane Garofalo: If You Will (2010),188945,4.0,0.8
63271,V Centuria. Searching For a Charmed Treasure,2010-03-18,4.5,"Adventure, Comedy","Denis Nikiforov, Inna Gomes, Evklid Kyurdzidis, Natalya Rudova, Oleg Dolin",Ruslan Baltzer,A group of young treasure hunters are trying to find a powerful artefact buried by Nazis during WWII.,V Centuria. Searching For a Charmed Treasure (2010),189147,1.75,0.35
143945,"Here Comes the Bride, My Mom!",2010-09-04,5.3,"Drama, Romance","Aoi Miyazaki, Shinobu Otake, Kenta Kiritani, Moeko Ezawa, Jun Kunimura",Mipo O,"Tsukiko, whose father died before she was born, lives with her mother Yoko and they provide mutual support for each other. One day, Yoko comes home completely drunk with Kenji, a young man with blond hair, and tells Tsukiko, ""I'm going to marry him.""","Here Comes the Bride, My Mom! (2010)",189289,3.1217591102962157,0.6243518220592431
45580,Solanin,2010-04-03,6.82,"Drama, Music, Romance","Aoi Miyazaki, Kengo Kora, Kenta Kiritani, Yoichi Kondo, Ayumi Ito",Takahiro Miki,"Meiko and Taneda are a couple graduated from university two years ago. Unhappy with their lives, Meiko quits her job and encourages Taneda to have his band become professional.",Solanin (2010),189291,5.0,1.0
61107,The Con Artist,2010-11-25,4.4,"Comedy, Drama, Crime","Rossif Sutherland, Donald Sutherland, Terra Vnesa, Rebecca Romijn, Russell Peters",Risa Bramon Garcia,An ex-con finds his plan to go straight foiled by a loan shark who manipulates his target into taking on one last heist.,The Con Artist (2010),189499,2.6666666666666665,0.5333333333333333
111196,Iron Soldier,2010-06-24,5.2,"Science Fiction, Action","Shelley-Jean Harrison, Jasmine Elizabeth Bowen, Brianna Barnes, Joe Estevez, Mark Courneyea",Brett Kelly,"Scientists have created a robot that promises to be a powerful weapon for the U.S. Military. However, a group of renegades break into the base in an attempt to steal the metal soldier.",Iron Soldier (2010),189547,1.0,0.2
127717,Freshman Father,2010-06-05,6.7,"Drama, TV Movie","Drew Seeley, Britt Irvin, Annie Potts, Merrilyn Gann, Barbara Tyson",Michael M. Scott,"When high school sweethearts John and Kathy find out Kathy is pregnant, they decide to get married and move to Cambridge so John can fulfill his scholarship to Harvard. But faced with the harsh reality of their situation, Kathy leaves John behind, compelling him to rent a room from Dorothy, a psychic who encourages him as he struggles to balance school and fatherhood.",Freshman Father (2010),189573,5.0,1.0
273497,Lunch Line,2010-05-18,0.0,Documentary,,"Kogonada, Michael Graziano","Reframes the school lunch debate through an examination of the program's surprising past, uncertain present, and possible future. Six kids from one of the toughest neighborhoods in Chicago set out to fix school lunch and end up at the White House. Their unlikely journey parallels the dramatic transformation of school lunch from a weak patchwork of local anti-hunger efforts to a robust national feeding program. The film tracks key moments in school food and child nutrition from 1940s, 1960s, and 1980s to the present – revealing political twists, surprising alliances, and more common ground than people realize.",Lunch Line (2010),189611,3.5,0.7
183443,Monster High: New Ghoul at School,2010-10-31,6.8,"Family, Animation, Fantasy","Kate Higgins, Salli Saffioti, Debi Derryberry, Laura Bailey, Yuri Lowenthal","Eric Radomski, Audu Paden",Being the new girl is totally terrifying. See what really happened during Frankie Stein's first week at Monster High!,Monster High: New Ghoul at School (2010),189677,3.75,0.75
38277,Camping 2,2010-04-21,4.805,Comedy,"Franck Dubosc, Richard Anconina, Mathilde Seigner, Antoine Duléry, Claude Brasseur",Fabien Onteniente,"Jean-Pierre Savelli is a forty-something employee of an insurance company in Clermont-Ferrand who finds himself facing a mid-life crisis. When his fiancée Valérie decides to put their relationship on hold, he changes his holiday plans and heads for the Flots Bleus camping site near Arcachon. Jean-Pierre had been hoping for peace and calm. Instead he meets Patrick Chirac and his entourage of inveterate holidaymakers...",Camping 2 (2010),189757,1.5,0.3
354870,Monster: The Josef Fritzl Story,2010-08-16,5.0,"Crime, Documentary","Hans-Heinz Lenze, Karl Dunkl, Friedrich Leimlehner, Christine Ranner, Maria Neubauer",David Notman-Watt,"Interviews with family members, doctors, and victims of 73-year-old Josef Fritzl, who held his daughter captive in a basement for 24 years and fathered seven children with her.",Josef Fritzl: The Story of a Monster (2010),189887,2.7,0.54
55530,Faith,2010-02-17,5.083,Drama,"Maryam Zaree, Jerry Hoffmann, Carlo Ljubek, Marija Škaričić, Sergej Moya",Burhan Qurbani,"The fates of three German-born Muslims in Berlin collide as they struggle to find their place between faith and modern life in contemporary western society, caught at a crossroads where alluring liberated lifestyles conflict with deeply-rooted traditions.",Faith (2010),189939,3.0,0.6
462493,Chronological Order,2010-01-01,5.7,Science Fiction,"Brett Jacobsen, Vic Stagliano, Rick Seguso, Stephanie Pitts, Rhonda Stearns",Cris Silvent,A guy without many everyday worries finds a door floating in the ocean and soon suspects he is being followed. He discovers that it is himself that is following him and that the door allows him to travel back in time. He sets about trying to improve his life by changing his past; leaving himself notes all while trying to track down and correct the corrections his future self keeps trying to make.,Chronological Order (2010),190041,4.5,0.9
95361,Winter Vacation,2011-03-27,6.9,Drama,"Jinfeng Bai, Lei Bao, Ying Xie, Naqi Zhang, Wang Hui",Li Hongqi,"An ordinary village in Northern China, the last day of the winter vacation. Four idle, aimless adolescents gather at Zhou Zhixin's home, a friend who lives with his father, brother and nephew. Like most contemporary teenagers, these youths want to enjoy their last day of holiday and simply hang out in this place where nothing ever seems likely to happen. Their conversations are desultory and they sometimes seem to argue for argument's sake. One of them, Laowu, talks frankly with his girlfriend about how teenage love might affect their studies, while Laobao questions school's value and relevance to real life.",Winter Vacation (2010),190167,3.3333333333333335,0.6666666666666667
117646,Spring Fever,2009-05-13,6.131,"Drama, Romance","Qin Hao, Chen Sicheng, Tan Zhuo, Wu Wei, Jiaqi Jiang",Lou Ye,"Hired to spy on a philandering husband, Luo Haitao soon becomes entangled in a clandestine affair with the other man. Along with Luo's girlfriend, they succumb to the delirium of drunken nights, but how long can their tryst last?",Spring Fever (2010),190185,3.0,0.6
99079,A Family Thanksgiving,2010-11-06,6.3,"Fantasy, TV Movie, Comedy","Daphne Zuniga, Faye Dunaway, Dan Payne, Gina Holden, Kennedi Clements",Neill Fearnley,"A happily single, self-absorbed, workaholic corporate lawyer is living the high life in New York City until she awakes in alternative reality. Now a wife and stay-at-home mom, Claudia struggles to make sense of her new life.",A Family Thanksgiving (2010),190243,3.0,0.6
486651,12 Years,2010-05-28,5.5,Animation,"Daniel Nocke, Nina Weniger",Daniel Nocke,For twelve years she ignored sneers and mockery and stood up for her relationship. But that was probably a mistake.,12 Jahre (2010),190387,2.75,0.55
51900,Nodame Cantabile: The Movie II,2010-04-17,7.3,"Romance, Comedy, Music","Juri Ueno, Hiroshi Tamaki, Eita Nagayama, Asami Mizukawa, Keisuke Koide","Taisuke Kawamura, Hideki Takeuchi","Nodame and Chiaki mutually decide that it would be for the best if they parted ways for a while so Nodame can practice for an upcoming competition. However, when things don’t go her way, she gets impatient and depressed. While Nodame is away, Chiaki’s former pianist Rui Son returns to take her place. To make matters worse, Rui and Chiaki are set to play the song Nodame dreams of playing with Chiaki herself: Ravel’s “Concerto in G Minor”.",Nodame Cantabile: The Movie II (2010),190445,4.333333333333333,0.8666666666666666
50093,Goa,2010-01-29,6.0,"Comedy, Romance","Vaibhav, Premji Amaran, Jai Sampath, Aravind Akash, Sampath Raj",Venkat Prabhu,"Three young men, who always get into trouble in their village, dream of an effortless life. For this, they run away to Goa in the hope of finding and getting married to rich foreign women.",Goa (2010),190583,4.0,0.8
12216,The Portal,2010-01-01,4.0,Horror,"Michael Madsen, Michael Muhney, Jenna Zablocki, Stacy Keach, Nicholas Brendon",Serge Rodnunsky,Investigators pursuing a bizarre hemorrhagic illness are lead to a strange black painting that they discover is a portal to another dimension.,The Portal (2010),190785,5.0,1.0
57081,Whitney Cummings: Money Shot,2010-08-21,5.9,Comedy,Whitney Cummings,John Fortenberry,"Taped at Washington D.C.’s Sidney Harmon Hall, “Whitney Cummings: Money Shot” features Cummings commenting on male strippers, fake boobs and getting spanked in the bedroom, among other things, in this hilarious performance. It’s not every day a funny lady reveals the best way to punish a boyfriend, what it’s really like to date a vampire, the similarities between The Food Network and porn and the “emotional ninja” tactics all women have at their disposal!",Whitney Cummings: Money Shot (2010),190927,2.625,0.525
65989,Cold Sweat,2010-10-30,4.925,"Horror, Action, Thriller","Pancho Mochi, Victoria Witemburg, Nicolás Marotta, Facundo Espinosa, Marina Glezer",Adrián García Bogliano,"A young man searching for his missing girlfriend. An unconditional friend willing to do anything to uncover the truth. An investigation that culminates in an old house. Inside await two brutal murderers, armed with twenty-five boxes of explosives that were lost since the last military dictatorship.",Cold Sweat (2010),191159,2.6666666666666665,0.5333333333333333
105177,America: The Story of Us,2010-09-14,6.4,"History, Documentary","Liev Schreiber, Tom Brokaw, Meryl Streep","Clare Beavan, Marion Milne, Renny Bartlett, Andrew Chater, Nick Green, Jenny Ash","A six-night miniseries presenting the history of how the United States was invented, looking at the moments where Americans harnessed technology to advance human progress -- from the rigors of linking the continent by transcontinental railroad to triumphing over vertical space through the construction of steel-structured buildings. The series also is a story of conflict, with Native American peoples, slavery, the Revolutionary War that birthed the nation, the Civil War that divided it, and the great world war that shaped its future.",America The Story of Us (2010),191349,3.7,0.74
56981,Brindavanam,2010-10-14,6.629,"Action, Romance, Drama","N.T. Rama Rao Jr., Kajal Aggarwal, Samantha Ruth Prabhu, Prakash Raj, Srihari",Vamsi Paidipally,"Indu makes her boyfriend Krishna act like her friend Bhoomi's lover so that her family will stop searching for a groom. However, their lives takes a turn when Bhoomi falls in love with Krishna.",Brindaavanam (2010),191505,3.2,0.64
46911,Golden Slumber,2010-01-30,7.078,"Action, Comedy, Mystery","Masato Sakai, Yuko Takeuchi, Hidetaka Yoshioka, Gekidan Hitori, Gaku Hamada",Yoshihiro Nakamura,"When easy-going Aoyagi meets an old friend for a fishing trip, he ends up drugged, framed for the Prime Minister's assassination, and on the run from corrupt cops. It's only the beginning of what quickly becomes the worst, weirdest day of his life. But he'll get by with a little help from his friends, who include a famous pop diva, a rockabilly deliveryman, a crippled old gangster, and the world's most cheerful serial killer.",Golden Slumber (2010),191741,4.0,0.8
60098,Ha Ha Ha,2010-05-06,6.283,"Comedy, Drama, Romance","Kim Sang-kyung, Yu Jun-sang, Moon So-ri, Ye Ji-won, Kim Kang-woo",Hong Sang-soo,"Over drinks, two friends agree to swap fond memories of their recent trips to the same seaside town. As the stories unfold in flashback, it becomes evident their accounts take place at the same time and with the same people.",Hahaha (2010),191743,3.25,0.65
141902,Permanent Nobara,2010-05-22,6.3,"Comedy, Drama, Romance","Miho Kanno, Eiko Koike, Chizuru Ikewaki, Yosuke Eguchi, Mari Natsuki",Daihachi Yoshida,"Naoko returns home with her young daughter, where her mother Masako runs the only beauty parlor in town. The local women go there to pass the time lamenting their bad luck with men and laughing over dirty jokes. Unbeknownst to them, Naoko has been secretly seeing her former teacher, Kashima.",Permanent Nobara (2010),191769,3.5,0.7
63415,Revenge: A Love Story,2010-10-22,6.573,"Thriller, Crime, Mystery","Juno Mak, Sora Aoi, Tony Liu, Chin Siu-Ho, Wong Shu-Tong",Wong Ching-Po,"A serial murderer has brutally killed several policemen and their pregnant wives. After a quick investigation, the murderer is revealed to be Kit, whom the case's detective-in-charge knows from a previous case. Once upon a time, Kit was an innocent boy in a rural village who also has a crush on naïve high school student Wing. After the death of Wing's grandmother, Kit rescues Wing from a foster care facility, and the two quickly fall in love. However, their romance ends prematurely when a local policeman arrests them. The events that follow lay the seeds for Kit's terrifying path to vengeance.",Revenge: A Love Story (2010),191777,3.5,0.7
70018,10½,2010-10-29,7.045,Drama,"Claude Legault, Robert Naylor, Eugénie Beaudry, Blaise Tardif, Martin Dubreuil",Podz,"Tommy, 10 years old, is well known by Social Services. He is considered a danger to society. Gilles, his guardian at this halfway house, sees potential for redemption in this kid driven by violence.",10½ (2010),191779,3.0,0.6
46064,Den Brother,2010-08-13,5.882,"Comedy, Family, Romance, TV Movie","Hutch Dano, Genevieve Hannelius, Vicki Lewis, Kelsey Asbille, David Lambert",Mark L. Taylor,"Alex Pearson has a lot to learn about teamwork. As the star of the Lemon Oaks hockey team, Alex almost always has his way on and off the ice. That is until he pulls a stunt so outrageous not even his own coach can give him a pass. His punishment? Suspension from the team, a never-ending list of chores and a job watching his little sister Emily after school.",Den Brother (2010),191833,3.75,0.75
266489,The April Chill,2010-01-30,4.8,Drama,"Dato Iashvili, Imeda Arabuli, Rezo Chanishvili, Giorgi Megrelishvili",Tornike Bziava,The story of a Soviet military serviceman and a male Georgian dancer. An anti-violence film about the awakening of human instinct in an invader,The April Chill (2010),191875,3.0,0.6
54742,The House of Steinbrenner,2010-09-21,5.5,Documentary,"Joe DiMaggio, Lou Gehrig, Rudolph Giuliani, Larry King, Ray Negron",Barbara Kopple,"Love them or hate them, the Yankees dominated baseball for more than four decades, then sagged under ownership by CBS until a 42-year-old shipbuilder named George Steinbrenner led a purchase of the team in 1973. He turned that $10m investment into a billion-dollar business, and the 'House that Ruth Built' inspired generations of fans. Deteriorating facilities and changing revenue streams inspired Steinbrenner to build an impressive new stadium marking the end of one grand era and the beginning - perhaps - of another.",The House of Steinbrenner (2010),191909,3.0,0.6
51867,Boss Engira Baskaran,2010-09-10,6.574,"Comedy, Drama, Action","Arya, Nayanthara, Santhanam, Chitra Lakshmanan, Lakshmi Ramakrishnan",M. Rajesh,"Bhaskaran is in love with a young and beautiful professor, Chandrika. In order to catch her attention and start a successful career, he along with his friend, Nallathambi, get up to various antics leading to hilarious consequences.",Boss Engira Bhaskaran (2010),192069,3.0,0.6
182525,Acoustic,2010-10-28,4.8,"Music, Drama","Shin Se-kyung, Im Seul-ong, Lee Jong-hyun, Kang Min-hyuk, Baek Jin-hee",You Sang-Hun,"Featuring members of popular K-pop bands, this episodic feature shot in trendy Seoul is a collection of stories about love, hope and music.",Acoustic (2010),192147,2.5,0.5
276016,Takumi-kun Series: The Beauty of Detail,2010-01-30,5.357,Drama,"Kyosuke Hamao, Daisuke Watanabe, Yukihiro Takiguchi, Ryoma Baba, Bishin Kawasumi",Takeshi Yokoi,"Another school year is starting. Upon meeting up with Gii, Takumi is worried when it turns out Gii has changed, suddenly acting cold and distant. Could their relationship be in danger for real this time?",Takumi-kun Series: Details of Beauty (2010),192199,2.25,0.45
344049,The Essence of Forms,2010-01-01,6.0,Documentary,"François Leterrier, Pierre Lhomme, Bruno Dumont, Iradj Azimi, Geneviève Cortier",Pierre-Henri Gibert,"L'essence des formes (The Essence of Forms), a documentary from 2010 in which collaborators and admirers of Bresson’s, including actor François Leterrier and director Bruno Dumont, share their thoughts about the director and his work.",L'essence des formes : Robert Bresson déforme les sens (2010),192353,4.0,0.8
110561,Bear Nation,2010-06-20,5.154,Documentary,"Douglas Langway, Kevin Smith",Malcolm Ingram,Filmmaker Malcolm Ingram takes you on a fascinating journey inside a fast growing segment of the gay community where what was once a perceived negative is now redefining the definition of what it looks like to be gay.,Bear Nation (2010),192413,2.0,0.4
109460,Leslie Jones: Problem Child,2010-02-02,6.9,Comedy,Leslie Jones,Gary Binkow,Comedian Leslie Jones (aka Big Les) showcases her raunchy and hysterically funny stand up in her first ever comedy special.,Problem Child: Leslie Jones (2010),192567,2.25,0.45
49331,Piché: The Landing of a Man,2010-07-07,6.8,"Adventure, Drama","Michel Côté, Maxime Le Flaguais, Léo Arguello, Pierre Chaves, Normand D'Amour",Sylvain Archambault,"Toronto, August 2001. Commander Robert Piche left Pearson Airport heading for Lisbon on an Airbus 330. Due to a significant fuel loss, he was headed for an almost certain crash. However, he courageously kept his cool and skillfully glided the plane to a safe landing, saving the 306 passengers on board. Back in Canada, Piche's criminal past and extraordinary life came to light, explaining somewhat how he was able to commit this heroic act.",Piché: Entre Ciel et Terre (2010),192687,3.5,0.7
50026,Flying Lessons,2010-02-04,5.6,Drama,"Cary Elwes, Maggie Grace, Ian Anthony Dale, Jonathan Tucker, Hal Holbrook",Derek Magyar,"With her life at a crossroads, 25 year old Sophie Conway returns home to the small town she always wanted to forget. Once home, she is faced with the friends and lovers she left behind, a tangled relationship with her Mother, and Harry Pleasant, an Alzheimer's Disease patient who, in an opposing way, shares Sophie's struggle to remember.",Flying Lessons (2010),192917,3.75,0.75
135717,David Blaine: What Is Magic?,2010-04-18,7.3,Documentary,"David Blaine, Orlando Bloom, Kimbo Slice, Eli Manning, John Mayer",David Blaine,"David Blaine travels around America to perform tricks in the UK premiere of his show What Is Magic? He visits New Orleans where he carries out a money trick in front of locals, producing hundreds of dollars at their fingertips before stopping off at New York to conduct magic in front of Orlando Bloom.  But the jewel in David's crown is his shot at the infamous The Bullet Catch; a trick which sees a 22 calibre bullet being fired at point blank range directly at the magician who then has to catch the bullet in a small metal cup in his mouth. The stunt is filmed using Phantom Camera technology which shoots 10,000 frames per second so that not a fraction of the action is missed.",David Blaine: What Is Magic? (2010),193005,4.0,0.8
37160,Let the Game Begin,2010-05-05,4.667,"Comedy, Romance","Thomas Ian Nicholas, Adam Rodriguez, Lisa Ray, Stephen Baldwin, Michael Madsen",Amit Gupta,"Successful entrepreneur Max learns that the woman he married has always really been interested more in his money than in being his wife. After his cousin Ricky gets burned by a gold-digger himself, Ricky introduces Max to the world of the pickup artist, hoping to give Max confidence and the tools to find a woman who likes him for who he is.",Let the Game Begin (2010),193155,3.0,0.6
43479,Off Limits,2010-04-07,6.1,"Crime, Drama, Thriller","Cécile de France, Fred Testot, Julien Boisselier, Nicolas Marié, Stéphan Wojtowicz",Nicolas Boukhrief,"During a patrol, Julie and Simon, two police constables, injure a wealthy man who pointlessly killed their partner. This wealthy man in question turns out to be the son of a politician. This is why the two police constables are accused of brutality by the brass. Abandoned by their superiors, the two leading characters will lead an investigation on the drug that caused the politician's son to be out of his mind.",Off Limits (2010),193233,3.75,0.75
81076,Sunstroke,2010-03-26,4.5,Drama,"Leandra Leal, Leonardo Medeiros, Paulo José, Maria Luísa Mendonça, Simone Spoladore","Felipe Hirsch, Daniela Thomas","In an empty city, scorched by the sun, the young and old confuse the fever of sunstroke with the delicate birth of passion. Like ghosts, they hover around buildings and endless flatlands in search of the ever elusive love. Inspired by 19th century Russian short stories, the plots weave and unravel together in the improbable city of Brasilia – a distorted mirror-image of the Soviet utopia – located in the heart of the Brazilian desert.",Sunstroke (2010),193389,3.75,0.75
75353,FIT,2010-11-05,4.5,"Drama, Comedy","Duncan MacInnes, Ludvig Bonin, Sasha Frost, Lydia Toumazou, Stephen Hoo",Rikki Beadle Blair,"Takes a look at gay and straight love among the new millennials. Everything from secret crushes to homophobic attitudes are revealed by the rambunctious students taking Drama and Dance from Loris. None of the teens are what they seem at first glance, with gay hearts lurking behind tough exteriors and straight kids expressing themselves in many ways.",FIT (2010),193501,4.125,0.825
138377,"Look, Stranger",2010-09-11,4.0,Drama,"Anamaria Marinca, Tom Burke, Valentina Berisa, Naod Dile Ćorić, Celestine Olisa",Arielle Javitch,A psychological portrait of a woman traveling home in a war-torn world.,"Look, Stranger (2010)",193551,2.0,0.4
71172,Gintama: The Movie,2010-04-24,7.4,"Action, Comedy, Science Fiction, Animation","Tomokazu Sugita, Daisuke Sakaguchi, Rie Kugimiya, Akira Ishida, Takehito Koyasu",Shinji Takamatsu,"Odd Jobs Gin has taken on a lot of odd work in the past, and when you're a Jack of All Trades agency based in a feudal Japan that's been conquered and colonized by aliens, the term ""Odd Jobs"" means REALLY ODD jobs. But when some more than slightly suspicious secrets from the shadows of Gintoki Sakata's somewhat shady former samurai past and a new pair of odd jobs collide, the action is bound to get so wild and demented that only a feature film will do it justice!",Gintama: The Movie (2010),193565,3.8333333333333335,0.7666666666666667
185170,Beyond the Steppes,2010-09-25,5.8,Drama,"Agnieszka Grochowska, Aleksandra Justa, Tatiana Tarskaya, Borys Szyc, Ahan Zolanbiek",Vanja D'Alcantara,The story of a woman's forced journey to the steppes of Central Asia.,Beyond the Steppes (2010),193665,4.0,0.8
209905,Ormie,2010-12-29,6.3,"Animation, Family",,Rob Silvestri,"Ormie is a Pig, in every sense of the word. Pig see cookie. Pig want cookie. But they are out of reach... or are they? See Ormie's attempts to gain the warm sweet taste that is his obsession.",Ormie (2010),193926,3.125,0.625
50061,Simon Amstell: Do Nothing - Live,2010-11-22,7.7,Comedy,Simon Amstell,Michael Matheson,"Recorded at Vicar Street, Dublin on May 22nd 2010, Do Nothing Live is Simon Amstell’s debut stand up DVD.",Simon Amstell: Do Nothing - Live (2010),193928,4.166666666666667,0.8333333333333334
93089,Billy Bishop Goes to War,2010-11-10,0.0,"Drama, War, Music","Eric Peterson, John Gray",Barbara Willis Sweete,"Pajama-clad and elderly, WWI Flying Ace Billy Bishop wanders around his relic-filled attic reminiscing about his battle years.",Billy Bishop Goes to War (2010),194314,4.5,0.9
55961,Habana Eva,2010-05-28,6.7,"Comedy, Romance","Prakriti Maduro, Yuliet Cruz, Juan Carlos García, Carlos Enrique Almirante, Elsa Camp",Fina Torres,"In a Havana, shaken by Fidel's retirement, a young seamstress, trapped in a sweatshop job, dreams of designing beautiful dresses. Frustrated by her lazy, though adorable Cuban boyfriend, she meets a sophisticated ex-patriot Cuban-Venezuelan who dazzles her with a glamorous future. After many deceptions and surprises, Eva has to choose between the two men she loves. Hers is an unexpected decision... a humorous metaphor of Cuba's options for the future",Habana Eva (2010),194330,1.75,0.35
71760,Decoy,2010-09-16,6.0,"Crime, Drama, Romance","Leonid Bichevin, Yulia Peresild, Andrey Feskov, Mikhail Evlanov, Sergey Peregudov",Aleksandr Kott,Is secret cooperation with the government a respectable thing?.. This is the question Nikolay should answer for himself.,Decoy (2010),194534,4.0,0.8
56603,No Reason,2010-03-10,3.368,"Horror, Thriller","Irene Holzfurtner, Matthias Engel, Alexander Gamnitzer, Andreas Pape, Annika Strauss",Olaf Ittenbach,"Engulfed by anguish, trapped inside an allegory of torment and carnage, Jennifer's soul seeks the path of awareness and enlightenment when she meets a mysterious masked man.",No Reason (2010),194576,2.0,0.4
237435,Bloodlines,2010-08-31,6.278,"Crime, TV Movie","Mark Mitchinson, Nathalie Boltt, Craig Hall, Will Hall, Madeleine Lynch",Peter Burger,"In 1999, South African emigrant psychiatrist Colin Bouwer murdered his wife in what he thought was an undetectable manner. He was not counting on the skills and tenacity of New Zealand police and his colleagues in the medical profession.",Bloodlines (2010),194781,3.5,0.7
62501,Sisters of War,2010-11-11,6.333,"TV Movie, Drama, War, History","Claire van der Boom, Sarah Snook, Susie Porter, Gerald Lepkowski, Anna Volska",Brendan Maher,An army nurse and a Catholic nun find their friendship and beliefs tested when Japanese forces arrive in Papua New Guinea.,Sisters of War (2010),195059,4.0,0.8
38355,Happy Ending,2010-01-07,4.0,Comedy,"Yuri Kolokolnikov, Pavel Derevyanko, Anna Taratorkina, Marina Golub, Aleksandr Filippenko",Yaroslav Chevazhevsky,The private part of a young man leaves the owner and starts his own adventure...,Happy Ending (2010),195273,1.1666666666666667,0.23333333333333334
114196,Shirome,2010-08-13,5.2,Horror,"Kanako Momota, Akari Hayami, Shiori Tamai, Ayaka Sasaki, Momoka Ariyasu",Koji Shiraishi,"In his latest film, Shirome, Stardust Promotion's relatively new pop idol unit Momoiro Clover star as a group of girls who enter an old abandoned school hoping to have their wishes granted by a spirit called Shirome. The girls initially had no clue they were being filmed for a movie at all. Instead, they were told that they were being filmed for an upcoming television show exploring haunted locations. The result is a faux documentary style in the same vein as ""The Blair Witch Project"" and ""Paranormal Activity"".",Shirome (2010),195603,3.75,0.75
133204,Out of Sight,2010-07-31,7.7,"Animation, Adventure, Drama, Fantasy","Ye Yaxuan, Zhong Ling",Yu Ya-Ting,"The main character of little girl in the story confronts a robbery and strays from the road she is familiar with. After passing a hedge, she enters an unknown world and unfolds a magical adventure depending on senses other than vision and her imagination. With soft and cute colors as the main key, we used simple designs to depict the little girls' imaginary world.",Out of Sight (2010),195897,3.6,0.72
55692,Scrat's Continental Crack-Up,2010-12-25,6.716,"Animation, Family","Chris Wedge, Simon Pegg","Steve Martino, Mike Thurmeier","You may think you know the history of continental drift, but forget all that. In pursuit of his most sought after possession, Scrat manges to singled-handedly alter the course of Earth’s history.",Scrat's Continental Crack-Up (2010),195981,3.1666666666666665,0.6333333333333333
359218,Jordan,2010-06-11,5.0,"Adventure, Drama, Thriller, TV Movie","Gregory Zaragoza, Liezl Carstens, Angelique Midthunder, Christian Baste",Stuart Hynson Culpepper,"Following a terrible car accident, a child tells a lawman that the woman claiming to be her mother is an impostor.",Jordan (2010),196145,0.5,0.1
135902,The Golden Mean,2010-06-10,3.143,Adventure,"Renata Litvinova, Kseniya Rappoport, Viktor Verzhbitskiy, Aleksey Serebryakov, Nikolay Marton",Sergey Debizhev,"Alex is a fashionable showbiz character. One day he comes across an article about a big win in a casino in colonial Cambodia in a French magazine with a vintage photograph. In the photo, Hero recognizes his grandfather, who everyone thought was dead. He asks his former lover, the French cultural attaché, to find out. It turns out that he has an inheritance waiting for him in Paris for many years. The guardian of the inheritance turns out to be a high-ranking Freemason who tells him the story of his grandfather, gives him the winnings and involves him in a Masonic conspiracy.",The Golden Mean (2010),196235,2.0,0.4
48413,Embargo,2010-10-30,6.1,"Comedy, Drama","Filipe Costa, Cláudia Carvalho, Pedro Diogo, José Raposo, Fernando Taborda",António Ferreira,"Nuno is a man working at a hot dog stand, who also invented a machine which promises to revolutionize the shoe industry- a foot scanner. In the middle of a gasoline embargo and finding himself in a strange predicament, Nuno becomes mysteriously confined to his car, finding his life suddenly embargoed.",Embargo (2010),196277,3.25,0.65
67634,Truce,2010-06-09,4.0,Drama,"Ivan Dobronravov, Sergey Shnurov, Aleksey Vertkov, Andrey Feskov, Aleksandr Golubkov",Svetlana Proskurina,"A young truck driver from a small, nameless Russian town sets off on a spiritual journey that has no actual purpose and no verifiable destination, encountering lonely women and small time crooks along the way.",Truce (2010),196313,3.1666666666666665,0.6333333333333333
49827,"Moscow, I Love You!",2010-09-02,4.783,"Romance, Comedy","Giuliano Di Capua, Svetlana Ivanova, Dmitriy Kulichkov, Andrey Frolov, Grigoriy Antipenko","Nana Dzhordzhadze, Oleg Fomin, Artyom Mikhalkov, Georgi Natanson, Ivan Okhlobystin, Georgi Paradzhanov, Andrey Razenkov, Vera Storozheva, Elina Suni, Alla Surikova, Ekaterina Dvigubskaya, Alexandr Kasatkin, Ekaterina Kalinina, Vasily Chiginsky, Egor Konchalovsky, Irakli Kvirikadze, Murad Ibragimbekov","18 directors, 18 novels, 18 short stories about Moscow...","Moscow, I Love You! (2010)",196467,2.25,0.45
33473,Stomp the Yard 2: Homecoming,2010-10-10,5.496,"Drama, Music","Kiely Williams, Tika Sumpter, Stephen 'tWitch' Boss, Collins Pennie, Columbus Short",Rob Hardy,"Chance Harris looks to find a balance between his school, work, relationships and opportunity to perform at the nationally televised step competition during homecoming weekend at Truth University.",Stomp the Yard 2: Homecoming (2010),196865,2.1666666666666665,0.4333333333333333
46304,Fate/stay night: Unlimited Blade Works,2010-01-23,6.833,"Action, Fantasy, Animation, Drama","Ayako Kawasumi, Noriaki Sugiyama, Junichi Suwabe, Kana Ueda, Jouji Nakata",Yuji Yamaguchi,"Shirou Emiya finds himself an unwilling participant in a deadly competition where seven Mages summon heroic spirits as servants to duel each other to the death. They compete for the chance to make a wish from the Holy Grail, which has the power to grant any wish. Shirou is unskilled as a mage and knows nothing of the Holy Grail War, but he and his servant, Saber, enter into a temporary partnership with another Mage, Rin Tohsaka. However, problems arise between Shirou and Rin's servant, Archer, who seems to seriously despise him.",Fate/Stay Night: Unlimited Blade Works (2010),196965,4.666666666666667,0.9333333333333333
321287,A Requiem For Bobby Fischer,2010-04-10,7.7,,,,"Documentary film about a chess legend Bobby Fischer through the eyes of his Serbian friends, chess opponents and acquaintances.",A Requiem For Bobby Fischer (2010),197161,0.5,0.1
56638,Let There Be Light: The Odyssey of Dark Star,2010-10-26,4.6,"Documentary, Science Fiction","Jeff Burr, John Carpenter, Ron Cobb, Jack H. Harris, Cookie Knapp",Daniel Griffith,"Exploring the controversial story behind John Carpenter (Halloween & The Thing) and writer Dan O Bannon's (Alien & Return of the Living Dead) from first feature film. From its humble beginnings as a USC student film, to its modern day status as a cult masterpiece. It also offers a rare glimpse inside the creative minds of two USC film students... who would eventually go on to change the way horror films are made.",Let There Be Light: The Odyssey of Dark Star (2010),197241,4.0,0.8
132390,Knifer,2010-10-20,6.087,Drama,"Stathis Stamoulakatos, Vangelis Mourikis, Maria Kallimani, Yannis Voulgarakis, Yannis Anastasakis",Yannis Economides,"After his father death, Nikos moves from Ptolemaida to Athens. His uncle offers him food and shelter while he starts taking care of his dogs. Alone in an isolated suburb, he's wearing down into his misery routine, till the moment his relationship with his aunt changes everything.",Knifer (2010),197571,3.5,0.7
413024,"Oscar Saa, Technician of the Stars",2010-01-01,5.3,Documentary,,Patricio Guzmán,A short documentary about an engineer in a Chilean observatory.,"Oscar Saa, Technician of the Stars (2010)",197937,2.5,0.5
413029,María Teresa and the Brown Dwarf,2010-01-01,6.5,Documentary,,Patricio Guzmán,A short documentary interviewing an astronomer.,María Teresa and the Brown Dwarf (2010),197939,3.5,0.7
370357,"Chile, a Galaxy of Problems",2010-01-01,6.0,Documentary,,Patricio Guzmán,"In 2008 Patricio Guzmán carried out a survey to find out the ""state of historical memory"" in Santiago. To do this, it brings together a small number of historians, psychologists, economists, engineers, lawyers and other members of the Chilean elite. It is a documentary in the form of a report that directly shows the opinions of each participant (including Juan Emilio Cheyre, former commander-in-chief of the armed forces). As expected, the result is controversial.","Chile, a Galaxy of Problems (2010)",197941,3.5,0.7
215374,Eamon,2009-07-05,5.5,Comedy,"Robert Donnelly, Amy Kirwan, Darren Healy, Deirdre Monaghan, Phyllis MacMahon",Margaret Corkery,"Grace, Daniel and Eamon, their hyperactive son, spoiled by his mother, envied by his father, go on vacation to an Irish coastal town for a few days, without money but plenty of hidden feelings inside them that they are unable to express.",Eamon (2010),198009,3.0,0.6
81919,Before the World Ends,2010-08-20,5.9,"Adventure, Drama","Pedro Tergolina, Eduardo Cardoso, Bianca Menti, Carolina Guedes, Eduardo Moreira",Ana Luíza Azevedo,"The countryside of Rio Grande do Sul, and high-school student, Daniel, spends a normal adolescence life with his family, studying, riding his bicycle, playing games on the Internet and expecting one day to move to the big city of Porto Alegre. Daniel has a crush on his girlfriend Mim, who has just broken up with him but is still his friend, and his best friend, Lucas, is one of the best students in São Lucas High-School. Daniel is the son of Elaine and the photographer Daniel, who left Elaine when she was pregnant and moved alone to Thailand. Daniel is raised by Elaine and his stepfather Antônio, and shares a house with his half-sister, Maria Clara. One day, Daniel receives a letter from his biological father, who has malaria, and he is reluctant to open the envelope.",Before the World Ends (2010),198029,3.0,0.6
70761,Brownian Movement,2010-11-11,5.728,"Romance, Drama","Sandra Hüller, Dragan Bakema, Sabine Timoteo, Ryan Brodie, Frieda Pittoors",Nanouk Leopold,A psychiatrist's adulterous past continues to haunt her and her husband after they move to India.,Brownian Movement (2010),198035,4.25,0.85
157188,Monica & David,2010-10-14,5.6,Documentary,,Alexandra Codina,"Explores the marriage of a young couple with Down syndrome, and the family who strives to support their needs.",Monica & David (2010),198041,3.5,0.7
43541,Brother and Sister,2010-04-01,6.7,"Comedy, Drama","Antonio Gasalla, Graciela Borges, Elena Lucena, Rita Cortese, Osmar Núñez",Daniel Burman,"They are both alone. They need each other but, at the same time, they despise each other. Siblings Marcos and Susana are unable to heal the old wounds festering within them after the death of their mother. When Susana sells their mother's flat, she deprives her brother of the home where he had cared for their mother his whole life. Marcos's need to start living again surfaces when his sister forces him to leave Buenos Aires for Uruguay.",Dos Hermanos (2010),198047,3.0,0.6
67257,A Night in 67,2010-07-30,6.9,"Documentary, Music, History","Gilberto Gil, Caetano Veloso, Chico Buarque, Roberto Carlos, Sérgio Ricardo","Renato Terra, Ricardo Calil","In the 1970s, ""festivals"" were incredibly popular in Brazil, as they were recorded before a live studio audience, and usually featured a number of elimination rounds. They also formed the springboard for the career of many a big-name stars, such as Chico Buarque, Caetano Veloso, Roberto Carlos and Gilberto Gil. Appearing on such a program was no cakewalk, however: audiences could be as wild in their condemnation as in their appreciation of an artist. Extensive archive footage (including performances and behind-the-scenes interviews) from the turbulent final evening of the Festival of Brazilian Popular Music 1967 paints a fascinating picture, not only of the transformation of Brazilian music into real ""festival"" music, but also of a society starting to buck against the yoke of military rule.",A Night in 67 (2010),198061,3.75,0.75
278461,García,2010-08-01,6.8,"Drama, Comedy","Damián Alcázar, Margarita Rosa de Francisco, Fabio Restrepo, Victor Hugo Morant, Giulio Lopes",José Luis Rugeles,"García has managed to accomplish his wedding promise to his wife, Amalia: buy her a wretched farm outside the city, which is far from his wife's dream. But life turns unexpectedly as he arrives home and finds Amalia missing.",García (2010),198269,2.5,0.5
81523,A Useful Life,2010-08-13,6.2,"Drama, Comedy","Jorge Jellinek, Manuel Martinez Carril, Paola Venditto, Gonzalo Delgado, Felipe Arocena",Federico Veiroj,A movie-theater employee adjusts to a new life as the cinema he's worked at for over 25 years faces closure.,A Useful Life (2010),198537,4.125,0.825
33275,Red Hook,2009-10-03,3.2,"Comedy, Drama, Horror, Thriller","Terrence Mann, Christina Brucato, Frankie Shaw, Brian J. Smith, Kelli Barrett",Elizabeth Lucas,"Ten years after witnessing her older sister's brutal murder, Jenny Traylor leaves her hometown in North Carolina to start her freshman year at the University of New York City. Still traumatized by her sister's death and struggling with crippling agoraphobia, Jenny tries to cope with the overwhelming city and figure out her new life.",Red Hook (2010),198659,1.0,0.2
56102,The Greatest Czechs,2010-08-26,5.1,Comedy,"Jaroslav Plesl, Simona Babčáková, Jiří Vyorálek, Jana Janěková, Igor Chmela","Robert Sedláček, Matouš Outrata","Film crew on the road: Director (Jaroslav Plesl), his Producer (Simona Babcáková), and their Director of Photography (Jirí Vyorálek) and Sound Arist (Johana Svarcova). Starving artists who already have a number of films to their names, Czech Lion award-winning films, excellent reviews and have been screened at numerous festivals, but they don't have audiences. Their next collaborative effort - the Director's lifetime dream - is quickly becoming oblivion because he failed to win a grant, which means it won't be made. And so the frustrated Director and his colleagues await their chance among record-holders of curious disciplines such as crawling with a squash racket or collecting four-leaf clovers. How will the collision of these two worlds end? What will the Director's next film be about?",The Greatest Czechs (2010),198835,4.0,0.8
53656,Iris: The Movie,2010-03-21,6.4,"Action, Adventure","Lee Byung-hun, Kim So-yeon, Jung Jun-ho, Kim Tae-hee, Kim Seung-woo","Yun-ho Yang, Kim Kyu-tae","Hyunjun and Sawoo, close friends and rivals from the South Korean special forces, are recruited by the secret agency NSS. They both fall for Seunghee, the beautiful but lethal profiling specialist at NSS. When they are faced against each other in a nuclear terrorist attack, they are forced to make their final decision and Seunghee's formidable secret is revealed.",Iris: The Movie (2010),198889,3.1666666666666665,0.6333333333333333
52414,Death Bell 2,2010-07-28,5.7,Horror,"Kim Soo-ro, Hwang Jung-eum, Park Ji-yeon, Yoon Shi-yoon, Park Eun-bin",You Sun-dong,"A class of students stays at school for a camp in an elite study group to finesse theirs and the school's grades. Upon the first night, the swimming coach is found murdered. As the students try to figure out what happens, a voice informs them that if they don't figure the murder out, students will begin dying in quick succession.",Death Bell 2 (2010),198895,2.5,0.5
115100,Enemy At The Dead End,2010-08-26,6.4,Thriller,"Yoo Hai-jin, Cheon Ho-jin, Seo Hyo-rim, Lee Jeong-heon, Ra Mi-ran","Jo Won-hee, Kim Sang-hwa",A post-traumatic stress disorder patient bound to his bed finds himself sharing his room with a gang looking for a paralyzed amnesia patient. And he must kill him off before he is recognized.,Desire To Kill (2010),198897,4.0,0.8
57264,Hello Murderer,2010-04-08,5.1,"Comedy, Thriller","Kim Dong-wook, Yu Oh-seong, Kim Eung-soo, Shim Eun-kyung, Lee Mi-do",Kim Dong-uk,"Slacker detective Jeong-min (Kim Dong-wuk) is assigned to investigate a serial killer case. For the first time in his career he puts his heart into his work but Yeong-seok (Yoo Oh-seong), an unemployed man with natural instincts as a detective, gets in the way by trying to catch the killer as well.",Hello Murderer (2010),198899,2.5,0.5
46202,Dead Cert,2010-08-26,4.3,"Thriller, Horror, Action","Craig Fairbrass, Dexter Fletcher, Lisa McAllister, Janet Montgomery, Billy Murray",Steven Lawson,"A gang of tough London gangsters get more than they bargained for when a group of businessmen make an offer to buy their club, the Inferno. They turn out to be nothing less than Vampires wanting their land back and turn viciously on the gangsters when their demands are not met.",Dead Cert (2010),198925,5.0,1.0
46104,Amphetamine,2010-02-15,5.677,"Drama, Romance","Byron Pang, Thomas Price, Winnie Leung Man-Yee, Linda So, Simon Tam",Scud,"Daniel, a gay banker, falls for Kafka, a straight instructor battling addiction, believing love can conquer all, but past memories threaten their bond.",Amphetamine (2010),199097,4.0,0.8
35004,Order of Chaos,2010-02-12,4.519,Thriller,"Rhys Coiro, Milo Ventimiglia, Samantha Mathis, Mimi Rogers, Susan Ward",Vince Vieluf,"Almost rich, almost thirty, he never lies or cheats, even when his beautiful fiancé orders him around and his ball-busting boss uses threats as motivation. John never makes a sound, eager to do right. Rick Carlson is not. A smooth talking and coercive, Rick turns John's life upside down when he not only moves into his building, but starts working at his competitive law firm.",Order of Chaos (2010),199119,3.25,0.65
150298,"Madagascar, a Journey Diary",2010-01-24,6.8,Animation,,Bastien Dubois,"Filmed like the travel journey of a Western traveler in search of Madagascar's customs. The pages turn, the drawings come to life, and the luxuriant landscapes of Madagascar appear one after another.","Madagascar, a Journey Diary (2010)",199179,3.25,0.65
54553,Home Makeover,2010-12-13,6.8,"Animation, Family, Comedy","Miranda Cosgrove, Dana Gaier, Elsie Fisher, Pierre Coffin","Kyle Balda, Samuel Tourneux","When a social worker visits Gru’s house to assess its suitability for children, chaos ensues. Margo, Edith, and Agnes, along with the ever-mischievous Minions, scramble to give the home a makeover in record time. Their attempts to create a warm and inviting environment quickly spiral into hilarity as the Minions’ unorthodox methods lead to outrageous results. This short captures the Minions’ inventive, albeit chaotic, solutions, blending humor with heartwarming moments of teamwork.",Home Makeover (2010),199692,2.875,0.575
286558,Despicable Me Presents: Minion Madness,2010-12-14,6.9,"Family, Adventure, Animation, Comedy","Miranda Cosgrove, Dana Gaier, Elsie Fisher, Pierre Coffin, Rob Huebel",Chris Renaud,"Three new mini-movies from the creators of Despicable Me. Orientation Day: Three freshly cloned minions go through the wacky orientation process at the evil laboratories of Gru. Home Makeover: The minions ""assist"" Edith, Margo & Agnes in a home makeover when they find out a social worker is going to pay them a visit. Watch the crazy antics ensue! Banana: A minion finds a banana in his lunch bag. To what lengths will the other minions go through to steal away that coveted yellow goodness?",Despicable Me Presents: Minion Madness (2010),199694,2.75,0.55
64205,BKO: Bangkok Knockout,2010-12-16,5.6,Action,"Sorapong Chatree, Kiattisak Udomnak, Krittiya Lardphanna, Supakson Ruengsomboon, Pimchanok Luevisadpaibul","Panna Rittikrai, Morakat Kaewthanek","A group of martial arts students are enjoying a reunion party when a bomb goes off in the building. When they wake up, some of their friends have been kidnapped and they soon find a group of assassins coming after them. The only way to survive is to fight their way out.",BKO: Bangkok Knockout (2010),199820,3.5,0.7
207516,How to Train Your Dragon: Legends,2010-11-15,7.7,"Family, Animation, Adventure","Jay Baruchel, America Ferrera",,"How to Train Your Dragon: Legends is a DVD package that includes the shorts Legend of the Boneknapper Dragon, Gift of the Night Fury, and Book of Dragons. The first release that came out only contained Legend of the Boneknapper Dragon and Book of Dragon. A later version, titled How to Train Train Your Dragon: The Complete Shorts Collection, includes Dawn of the Dragon Racers.",How to Train Your Dragon - Legends (2010),199832,3.625,0.725
55385,Rainbow Magic: Return to Rainspell Island,2010-05-07,0.0,"Animation, Fantasy, Adventure, Family","Lucy Delaiche, Grace Vance, David Holt, Teresa Gallagher, Tim Whitnall",Hiroshi Kawamata,"Based on the bestselling books by Daisy Meadows, this exciting, all-new Rainbow Magic animation is sure to cast a sparkly spell on all fans of the fairies! Best friends Kirsty and Rachel are reunited on Rainspell Island for another thrilling adventure. This time, their friendship and their belief in fairies are tested to the limits. But the girls’ crisis couldn’t have come at a better time for Jack Frost, who is hatching a plan for world domination with a snowman army! Can Kirsty and Rachel overcome their doubts in time to help their fairy friends foil Jack Frost’s chilling plan?",Rainbow Magic: Return to Rainspell Island (2010),199918,0.5,0.1
75013,Ninjas vs. Vampires,2010-10-29,3.941,"Horror, Action, Comedy, Thriller","Jay Saunders, Daniel Ross Owens",Justin Timpane,"Vampires kidnap the girl of Aaron's dreams, leading him to track down and join an elusive clan of ninjas who battle the blood suckers nightly.",Ninjas vs. Vampires (2010),199988,0.5,0.1
353368,Nudisten,2010-11-05,4.375,Drama,"Carolina Malmborg, Kristina Håkansson, My Sandström",My Sandström,"When Magnus left Kerstin, she decided to be naked. Always. Since then she has been fined six times.",Nudist (2010),200010,3.0,0.6
54740,The Best That Never Was,2010-11-09,6.9,Documentary,,Jonathan Hock,"In 1981, college athletic recruiting changed forever as a dozen big-time football programs sat waiting for the decision by a physically powerful and lightning-quick high school running back named Marcus Dupree. On his way to eclipsing Herschel Walker’s record for the most touchdowns in high school history, Dupree attracted recruiters from schools in every major conference to his hometown of Philadelphia, Miss. More than a decade removed from being a flashpoint in the civil-rights struggle, Philadelphia was once again thrust back into the national spotlight. Dupree took the attention in stride, and committed to Oklahoma. What followed, though, was a forgettable college career littered with conflict, injury and oversized expectations. Eight-time Emmy Award winner Jonathan Hock will examine why this star burned out so young and how he ultimately used football to redeem himself.",The Best That Never Was (2010),200106,2.75,0.55
352869,Du ritar fult,2010-01-10,6.8,Drama,,Victor Danell,"""You can't draw"", said the classmate. He didn't know it was going to be his last words. Apathetic oddball evokes bloody childhood memories in a confession facing audience.",Du ritar fult (2010),200172,4.0,0.8
264211,Nakenlekar,2010-01-30,5.556,Comedy,"Christoffer Nordenrot, Magnus Sundberg","Victor Danell, Christoffer Nordenrot","Two friends start talking about ""playing a nude game"" with the lady in the movie they are watching.",Nakenlekar (2010),200184,4.166666666666667,0.8333333333333334
264214,Ta mig,2010-09-01,5.7,Comedy,"Christoffer Nordenrot, Magnus Sundberg, Gabriella Boris, Adam Tillberg, Sofia Stålhammar",Victor Danell,What would happen if the boys were girls and the girls were boys? Kim is still a virgin and unhappily in love with a girl. After the gym class he talks to his friend Robin to get some support and ask for advice.,Ta mig (2010),200188,4.0,0.8
269292,Copenhagen Dreams,2010-01-07,6.3,Documentary,,Max Kestner,"People in a room in an apartment in a house on a street in a city. ""Dreams in Copenhagen"" is Max Kestners's documentary film portrait of Denmark's capital. A film about the physical surroundings that are part of shaping our lives. About the buildings we wake up in, the front doors we walk out of, the streets we traverse. It is also a film about how the way we live our lives affect our physical surroundings. About places we dream of and the walls onto which we scratch the names our loved ones, before it is too late.",Copenhagen Dreams (2010),200350,3.5,0.7
51764,BearCity,2010-06-08,5.472,"Comedy, Romance","Joe Conti, Stephen Guarino, Gerald McCullouch, Alex Di Dio, James Martinez",Douglas Langway,"Set in New York's gay ""bear"" scene and taking a cue from the popular HBO franchise ""Sex and the City,"" BearCity follows a tight-knit pack of friends experiencing comical mishaps, emotionally sweet yet lusty romantic encounters and a cast of colorful, diverse characters as they gear up for a big party weekend",BearCity (2010),200356,3.0,0.6
97375,Detective Conan: The Lost Ship in the Sky,2010-04-17,7.085,"Animation, Crime, Mystery, Action","Minami Takayama, Kappei Yamaguchi, Wakana Yamazaki, Rikiya Koyama, Megumi Hayashibara",Yasuichiro Yamamoto,"A terrorist group invades a laboratory containing a deadly bacteria and destroys the lab with an explosion. They later announce via the internet they have gained possession of the bacteria and declare themselves to be the Red Siamese Cats, a terrorist group that was eradicated a decade ago.",Detective Conan: The Lost Ship in the Sky (2010),200396,3.6666666666666665,0.7333333333333333
78286,The Kate Logan Affair,2010-10-15,4.789,"Drama, Thriller","Alexis Bledel, Laurent Lucas, Bruce Dinsmore, Noémie Godin-Vigneau, Serge Houde",Noël Mitrani,A young psychologically unstable young police woman named Kate Logan and a married Frenchman find themselves caught up in a dramatic twisted affair.,The Kate Logan affair (2010),200570,2.5,0.5
54892,Ramayana: The Epic,2010-10-15,5.6,"Animation, Action, Adventure","Manoj Bajpayee, Juhi Chawla Mehta, Ashutosh Rana, Mukesh Rishi",Chetan Desai,"The film is a retelling of the story of Lord Rama, from his birth until his battle with Ravan at Sri Lanka.",Ramayana: The Epic (2010),200676,1.25,0.25
76216,Helldriver,2010-09-28,5.806,"Horror, Science Fiction","Yumiko Hara, Eihi Shiina, Yûrei Yanagi, Kazuki Namioka, Kentaro Kishi",Yoshihiro Nishimura,"Still reeling from the events of a zombie apocalypse, a young woman, along with a group of allies, makes her way across a dystopian Japan in search of her mother, the Zombie Queen.",Helldriver (2010),201038,3.2,0.64
254053,Uncorked,2009-11-12,5.7,"Drama, Romance, TV Movie","Julie Benz, Scott Elrod, JoBeth Williams, Elliott Gould, Gattlin Griffith",David S. Cass Sr.,Johnny is a high-powered executive who is definitely not looking to fall in love but a business conference takes her to wine country she meets a handsome widower Andrew who invites Johnny to meet his family after she loses her job. In helping his parents' winery she begins to fall in love with him and his family but when she gets offered another job she has to chose between her career or Andrew,Uncorked (2010),201338,5.0,1.0
54532,Is It Just Me?,2010-01-15,5.5,"Drama, Comedy, Romance","Nicholas Downs, David Loren, Adam Huss, Michelle Laurent, Bob Rumnock",J.C. Calciano,"A socially shunned columnist finds his romantic match online, but messaging under the wrong account causes his sleazy roommate’s picture to be forwarded, creating an identity mix-up.",Is It Just Me? (2010),201382,3.5,0.7
38180,DC Showcase: The Spectre,2010-02-23,6.911,"Animation, Crime, Mystery, Fantasy","Gary Cole, Alyssa Milano, Jeff Bennett, Rob Paulsen, Jon Polito",Joaquim Dos Santos,"As Detective Jim Corrigan investigates a murder, The Spectre delivers horrific justice to the perpetrators.",DC Showcase: The Spectre (2010),201430,2.5,0.5
102752,Cleveland Versus Wall Street,2010-05-16,7.4,"Documentary, Crime, Drama","Barbara Anderson, Keith Taylor, Michael Osinski, Tony Brancatelli, Frederick Kushen",Jean-Stéphane Bron,"On 11th January 2008, hired by the City of Cleveland, lawyer Josh Cohen and his team filed a lawsuit against 21 banks, which they held accountable for the wave of foreclosures that had left their city in ruins. Since then, the bankers on Wall Street have been fighting by with all available means to avoid going to court. This film is the story of that trial. A film about a trial that may never be held but in which the facts, the participants and their testimonies are all real: the judge, lawyers, witnesses, even the members of the jury - asked to give their verdict - play their own roles. Step by step, one witness after another, the film takes apart, from a plain, human perspective, the mechanisms of subprime mortgage loans, a system that sent the world economy reeling. A trial for the sake of example, a universal fable about capitalism",Cleveland Versus Wall Street (2010),202141,4.0,0.8
140835,La venganza de Ira Vamp,2010-06-20,5.7,"Comedy, Horror","Josema Yuste, Florentino Fernández, Javivi, Chiquito de la Calzada, Natalia Ruiz",Álvaro Sáenz de Heredia,"Mandacrest Mansion, 19th century. Lord Winston, after the strange death of his first wife, Lady Ira, has married Italian singer Claretta Sonella.",La venganza de Ira Vamp (2010),202291,2.0,0.4
54457,The Case of Itaewon Homicide,2009-09-10,6.3,"Crime, Thriller, Mystery","Jung Jin-young, Jang Keun-suk, Shin Seung-hwan, Oh Kwang-rok, Ko Chang-seok",Hong Ki-seon,"On the night of April 8, 1997, an innocent college student was brutally murdered in a burger shop washroom for no apparent reason. 2 Korean-American teenagers are brought for questioning and are charged with murder and possession of lethal weapon and withholding evidence. Neither is remorseful for their heinous crimes and blames each other for the killing.",The Case of Itaewon Homicide (2010),203469,3.0,0.6
52645,Manmadhan Ambu,2010-12-23,5.4,"Comedy, Drama","Kamal Haasan, R. Madhavan, Trisha Krishnan, Urvashi, Sangeetha Krish",K. S. Ravikumar,"Madhan is convinced that Ambu is unfaithful and refuses to pay detective Mannar when he reports otherwise. Wanting to make money to help a friend, Mannar cooks up stories about Ambu's infidelity.",Manmadhan Ambu (2010),203890,4.5,0.9
90205,Romeo and Juliet - Live at Shakespeare's Globe,2010-03-29,7.2,"Drama, Romance","Tomiwa Edun, Ellie Kendrick, Jack Farthing, Philip Cumbus, Holly Atkins",Dominic Dromgoole,"Dominic Dromgoole’s production brings refreshing clarity to one of Shakespeare’s most famous and best-loved tragedies, drawing out the contemporary relevance of this passionate teenage love story. Ellie Kendrick, a truly youthful Juliet, and Adetomiwa Edun, a boyish Romeo, head an excellent cast whose period costumes point to the timelessness of parental disapproval, adolescent temperament, rivalry and violence. Filmed before a live audience at Shakespeare’s Globe in the heart of London, its intimate and atmospheric setting adds immediacy and vitality to the humour and passion of Shakespeare’s verse. Filmed in High Definition and true surround sound.",Romeo and Juliet: Shakespeare's Globe Theatre (2010),204270,3.5,0.7
50056,Secret Origin: The Story of DC Comics,2010-11-09,6.904,Documentary,"Ryan Reynolds, Paul Levitz, Gerard Jones, Mark Waid, Neal Adams",Mac Carter,"A look at the history of the comic book publication that launched such legendary characters as Superman, Batman and Wonder Woman.",Secret Origin: The Story of DC Comics (2010),204336,3.25,0.65
57154,Voyage to 'Metropolis',2010-02-12,5.9,Documentary,"Hanns Zischler, Fernando Martín Peña, Fritz Lang, Martin Koerber, Enno Patalas",Artem Demenok,"A documentary about the making of the final version of ""Metropolis"" by restoring all material from different sources.",Voyage to Metropolis (2010),204422,4.5,0.9
60619,The Unforgiving,2010-08-20,3.1,"Horror, Thriller","Ryan Macquet, Craig Hawks, Claire Opperman, Michael Thompson",Alastair Orr,"Two survivors, who appear unwilling to answer questions, are the only links authorities have to a spate of attacks that have hit rural South Africa.",The Unforgiving (2010),204508,1.5,0.3
135303,The Singularity Is Near,2010-08-26,6.2,Documentary,"Ray Kurzweil, Aubrey de Grey, Cynthia Breazeal, Sherry Turkle, Alan Dershowitz",Anthony Waller,"The onset of the 21st Century will be an era in which the very nature of what it means to be human will be both enriched and challenged as our species breaks the shackles of its genetic legacy and achieves inconceivable heights of intelligence, material progress, and longevity.  While the social and philosophical ramifications of these changes will be profound, and the threats they pose considerable, celebrated futurist Ray Kurzweil presents a view of the coming age that is both a dramatic culmination of centuries of technological ingenuity and a genuinely inspiring vision of our ultimate destiny.",The Singularity Is Near (2010),204890,3.5,0.7
51070,I 'm not Telling,2010-11-25,4.6,Drama,"Elizaveta Boyarskaya, Maksim Matveev, Oleksandr Kobzar, Sergey Skomorokhov, Viktor Shchur",Igor Kopylov,,Ne skazhu (2010),204896,3.0,0.6
63283,The Irony of Love,2010-03-25,4.6,"Romance, Comedy","Aleksey Chadov, Assel Sagatova, Olga Orlova, Irina Rozanova, Nonna Grishaeva",Alexander Chernyaev,An affair which starts as a bet between a three girls suddenly become a big love story...,The Irony of Love (2010),205002,2.6666666666666665,0.5333333333333333
39082,Gutter King,2010-01-01,3.7,Action,"Zeb Crown, Casey Clark, Erica Ramirez, Blake Logan",Keith Alan Morris,"Gutter King is an urban coming-of-age fight drama about a tough street kid just released from the Juvenile Department of Corrections. The girl next door needs help, so he turns to the world of amateur bare-knuckle brawling for money.",Gutter King (2010),205006,2.5,0.5
58602,Henri 4,2010-03-04,5.542,"History, Drama","Julien Boisselier, Joachim Król, Andreas Schmidt, Roger Casamajor, Armelle Deutsch",Jo Baier,"A wide-ranging, energetic period piece tracing the rise of the Protestant Henry of Navarre as he goes from battlefield warrior to France's beloved King Henri IV. Director Jo Baier's epic is a classically entertaining adventure, albeit one with more than a little bloodshed and frequent bawdy sexual interludes. In late 16th-century France, Catholics and Protestant Huguenots were at war. Seemingly seeking peace, the French dowager queen, Catherine de Medici summons Henry to her court to have him marry her daughter, uniting the two warring factions. However, the Catholics slaughter the Protestant wedding guests in what became known as the St. Bartholomew's Day massacre and Henry-now married-must use all his guile to both stay alive and maneuver for the throne. [Written by Palm Springs International Film Festival]",Henri 4 (2010),205188,3.1217591102962157,0.6243518220592431
52092,Island: Wedding of the Zombies,2010-01-29,5.2,"Comedy, Horror","Ozan Ayhan, Esra Ruşan, Onur Buldu, Rüya Önal, Kaan Keskin","Talip Ertürk, Murat Emir Eren","Five people who knew each other for a long time a group of friends, to attend the wedding of a mutual friend goes to Buyukada. Erhan, weddings, and long intervals, the team can come together to be able to record their happy moments brought a camera, and is continuous. All throughout the film viewed, it is reflected from the camera. Later a group of wedding guests attacking zombie, turns into a mess of blood.",Island: Wedding of the Zombies (2010),205341,3.5,0.7
78197,22nd Of May,2010-11-17,6.2,"Fantasy, Drama, Thriller","Sam Louwyck, Titus De Voogdt, Jan Hammenecker, François Beukelaers, Norman Baert",Koen Mortier,"Sam wakes up, gets ready and goes to do his daily job. And then the unexpected happens. A bomb explodes in the center of the shopping mall where he works. He drags himself towards the entrance to save the victims. One by one he pulls them out, until something terrible takes place. In complete hysteria he runs off till he falls down from exhaustion. A woman's voice makes him raise his head. She's one of the victims he saved. She wants to know why the suicide bomber did it. This encounter projects him back in history and even in a surreal world. Thereafter he runs into everyone he saved and feels that their defeat shows many parallels with his own. Even his confrontation with the wrongdoer isn't that straightforward as he thought it would be and confronts him with the fact that guilt and innocence can be pretty much alike.",22nd of May (2010),205369,3.375,0.675
43615,"Lula, the Son of Brazil",2010-01-01,5.5,"Drama, History","Rui Ricardo Diaz, Glória Pires, Cleo, Juliana Baroni, Milhem Cortaz","Marcelo Santiago, Fábio Barreto",The true story of a working class boy who moves to the nation's financial capital at a young age and becomes one the most influential politicians in Brazilian history.,"Lula, the Son of Brazil (2010)",205685,1.0,0.2
69237,Sandcastle,2010-08-26,4.625,Drama,"Joshua Tan, Bobbi Chen, Elena Chia, Bee Thiam Tan, Tan Pin Pin",Boo Junfeng,"En is an 18-year-old who has lost his father to cancer. As his family is drawn together in a sudden tragedy, he has to decide what he believes in. But in a country where ideologies are forged on constantly shifting sands, he struggles to stay true to what he knows to be right. And in a family that prefers to forget, the sandcastles of all he holds dear seem doomed to be washed away by the tides of time.",Sandcastle (2010),205719,3.0,0.6
43676,The Two Deaths of Quincas Wateryell,2010-05-21,6.9,"Comedy, Drama","Paulo José, Mariana Ximenes, Marieta Severo, Vladimir Brichta, Luis Miranda",Sérgio Machado,Friends of the recently deceased Quincas take their pal's body on one last tour of his favorite spots in Brazil's Bahia.,The Two Deaths of Quincas Wateryell (2010),205723,3.0,0.6
51297,"Goodbye, Someday",2010-01-23,5.444,"Drama, Romance","Miho Nakayama, Hidetoshi Nishijima, Yuriko Ishida, Takehiro Hira, Magi",John H. Lee,"Higashigaito Yutaka is transferred to the Bangkok branch of Eastern Airlines. In three months, he will marry Michiko, a relative of the airline's founder, and though he doesn't love her, he knows he could be CEO one day if they wed. In Thailand, Yutaka meets Touko at a bar and is instantly drawn to her. His relationship with her only intensifies as the wedding date approaches. Eventually, he decides to break up with her and calls Michiko in front of her. Touko is disappointed, and the next day she leaves for New York. Yutaka and Michiko reunite in Thailand and proceed with their wedding. Twenty-five years later, Yutaka and Michiko are married with two sons. But Yutaka still harbors memories of Touko in his heart. Yutaka visits Bangkok on business and goes to the Oriental Hotel where he had stayed with Touko-and finds she is now in charge of VIP guests there. They realize their love for each other remains, but reality pulls them apart once again.","Goodbye, Someday (2010)",205727,2.5,0.5
56040,Gorbaciof,2010-10-15,6.05,"Drama, Romance, Crime","Toni Servillo, Yang Mi, Nello Mascia, Geppy Gleijeses, Salvatore Ruocco",Stefano Incerti,"Marino Pacileo has a soft spot for gambling. When he discovers that Lila's father, the young Chinese girl that he is in love with cannot pay a debt, the gambler steals money from the jail he is in to help the love of his life.",Gorbaciof (2010),206087,3.0,0.6
55786,Storm Seekers,2009-04-05,5.5,"Action, Thriller, TV Movie","Daryl Hannah, Dylan Neal, Barclay Hope, Terry Chen, Gwynyth Walsh",George Mendeluk,"Brace yourself for this mind-blowing battle against one of nature?s most deadly phenomena! Daryl Hannah (Kill Bill Vols. 1 and 2) is a dedicated scientist who reluctantly agrees to fly with a reporter... read more read more... (Dylan Neal, Blood Ties) on a routine storm-seeking mission. But they soon find themselves at the mercy of nature at its most awesome and destructive when a low-level hurricane off the Florida coast unexpectedly turns into one of the most powerful storms in America?s history. As the violent winds buffet and batter the small aircraft, knocking out the pilot, it?s a race against time as the pair struggle to escape with their lives and warn everyone about the fast-moving danger.",Storm Seekers (2010),206289,1.5,0.3
63458,Chongqing Blues,2010-11-05,6.7,Drama,"Wang Xueqi, Fan Bingbing, Qin Hao, Wang Ziyi, Ding Jiali",Wang Xiaoshuai,"Lin, a sea captain, returns from a 6 month journey when he is told that his 25-year-old son Lin Bo has been gunned down by the police. In his quest to understand what happened, he realizes he knew very little about his own son. He starts a journey back to Chongqin, a city he once lived. He will understand the impact of his paternal repeated absence on the life of his child.",Chongqing Blues (2010),206317,3.5,0.7
148183,Oscar Niemeyer: Life is a Breath of Air,2007-01-14,6.9,Documentary,"Oscar Niemeyer, Lúcio Costa, Italo Campofiorito, Ferreira Gullar, Charles-Édouard Jeanneret-Gris",Fabiano Maciel,"A documentary made to coincide with Niemeyer's 100th birthday. The renowned architect talks about his long life, his inspirations, and his aspirations towards a just Brazil, and the ways he tried to help that along in his spectacular and beautiful buildings.",Oscar Niemeyer: Life is a Breath of Air (2010),206411,3.75,0.75
58643,Wake the Witch,2010-09-28,3.2,"Horror, Thriller","Stefanie Tapio, Rachel Lien, Karis Yanike, Martin Kenna",Dorothy Booraem,"One hundred years ago, an angry mob, intent on justice for their murdered children, hang the woman they believe is the murderer. They brand her a witch, wrap her body in chains and bury it deep in the woods. Flash forward to the present - when Deb and her friends play a childhood game on the witch's wooded grave, they open the door to death. As her friends and family begin to change into something less than human, Deb struggles to stop the witch's curse. But her search for the truth will reveal an evil beyond her imagination.",Wake the Witch (2010),206823,0.75,0.15
490069,Classic Albums: The Beach Boys - Pet Sounds,2010-11-19,6.4,"Music, Documentary","Brian Wilson, David Wild, Mike Love, Bruce Johnston, David Marks","Matthew Longfellow, Martin R. Smith","Groundbreaking and ahead of its time, Pet Sounds — the 11th album by The Beach Boys — was a pioneering feat in production, sound, and songwriting…a work that continues to inspire musicians and fans to this day.  The latest addition to acclaimed & award-winning Classic Albums series. gives fans a behind-the-scenes look at its creation.",Classic Albums: The Beach Boys - Pet Sounds (2010),206829,4.0,0.8
153436,Perfect Plan,2010-09-18,5.818,"Thriller, TV Movie, Mystery","Emily Rose, Lucas Bryant, Cristina Rosato, Jonathan Watton, Nicole Leroux",Tristan DuBois,"As the real estate market is in a downward spiral, beautiful young realtor Lauren Baker gets the listing of a lifetime: a mansion on Chicago's exclusive Gold Coast has fallen into her lap and she is able to quickly find a cash buyer for the brother and sister who are selling their parents' estate. When the vendors turn out to be imposters and the real owners turn up murdered, Lauren realizes that she has fallen victim to a scam as well as a cover up to a murder. Lauren is determined to find out who deceived her and why.",Perfect Plan (2010),207205,3.0,0.6
107590,Thamizh Padam,2010-01-20,6.059,Comedy,"Shiva, Disha Pandey, M. S. Bhaskar, Venniradai Moorthy, Manobala",C. S. Amudhan,"A mockumentary comedy which parodies contemporary commercial films in Tamil cinema, mocking stereotypical scenes.",Thamizh Padam (2010),207259,5.0,1.0
63462,The Lady Shogun and Her Men,2010-10-01,5.813,"Science Fiction, Drama, History","Kazunari Ninomiya, Ko Shibasaki, Maki Horikita, Tadayoshi Okura, Aoi Nakamura",Fuminori Kaneko,"In the year 1716 a mysterious epidemic stickens men in the country of Japan, dropping the population of men to 1/4th of its prior state. With the drastic reduction of men, the gender roles have become reversed in Japan. Woman become the dominant members of society and males are sought out for the ability to produce children. A young man named Unoshin Mizuno hopes to marry childhood sweetheart Onobu, but due to class differences realizes this is almost impossible. To raise his social status and also save his poor family, Unoshin Mizuno enters the Ohoku (inner chambers of the Shugun's castle) and attempts to vie among 3,000 other men for the affection of the female shogun. What Unoshin Mizuno quickly learns about the Ohoku is that the men there are all beautiful, but highly ambitious and conniving. In this environment, the 7th shogun Tokugawa passes away and the new shogun Yoshimune Tokugawa takes the thrown and enters the Ohoku.",The Lady Shogun and Her Men (2010),207335,3.5,0.7
209023,The First World War From Above,2010-11-07,7.7,"Documentary, History, War, TV Movie","Fergal Keane, Jacques Trolley de Prévaux, Nick Saunders, Dave Parry, Birger Stichelbaut",Mark Radice,"The story of the Great War told from a unique new aerial perspective. Featuring two remarkable historical finds, including a piece of archive footage filmed from an airship in summer 1919, capturing the trenches and battlefields in a way that has rarely been seen before. It also features aerial photographs taken by First World War pilots - developed for the first time in over ninety years - that show not only the devastation inflicted during the fighting, but also quirks and human stories visible only from above.",The First World War From Above (2010),207481,4.333333333333333,0.8666666666666666
35756,Empty Barrels,2010-01-08,5.06,"Action, Comedy","Leon Bashir, Farrakh Abbas, Anders Danielsen Lie, Kim Bodnia, Slavko Labović","Leon Bashir, Sebastian Dalén",Three small-time criminals finally get the chance to climb the ladder - but manages to mess it all up in royal manners....,Tomme tønner (2010),208389,2.0,0.4
246319,St. Roz,2010-09-16,5.5,"Comedy, Family, Drama","Rachel Wilson, Victoria Snow, Michael Lamport, Jonathan Higgins, Michelle Nolden",Gregory Sheppard,"Minnie Barr's weight-loss empire is booming in Hamilton. She has but one thorn in her side: her overweight daughter Judy. In a poor church near the steel mills, a corpulent altar girl discovers that she loses a pound whenever she lights a dollar candle before a recently delivered statue. Women swarm the church. One of them is Judy. Within weeks, St. Roz is an international star. And as Judy celebrates her new figure, her mother's world, along with the rest of the forty billion dollar weight loss industry lies in tatters. Powerful forces decide that the statue must disappear. Two gentle forces decide to save her.",St. Roz (2010),208565,2.5,0.5
106878,Paris: The Luminous Years,2010-12-14,5.0,Documentary,"Josephine Baker, Sylvia Beach, Daniel Breaker, Chris Henry Coffey, Aaron Copland",Perry Miller Adato,"A storm of Modernism swept through the art worlds of the West in the early decades of the twentieth century, uprooting centuries of tradition. The epicenter of this storm was Paris, France. For an incandescent moment from 1905 to 1930, Paris was the magnetic center for radical innovation and experiment, and the Mecca for creative talents who would change the course of art throughout the Western world.",Paris The Luminous Years (2010),209005,3.0,0.6
